atomics/counter/add	1,3,5,7,9,2,4,6,8,0	ok	9	9	l1Sched=6;postOp=3	2	0	0	3536186164770694959	ok
atomics/counter/add	5,5,5,5,5,5,5,5	ok	13	13	l1Sched=9;postOp=4	3	0	0	3536186164770694959	ok
atomics/counter/add	9,8,7,6,5,4,3,2,1,0	ok	12	12	l1Sched=8;postOp=4	2	0	0	3536186164770694959	ok
atomics/counter/add	default	ok	10	10	l1Sched=7;postOp=3	3	0	0	3536186164770694959	ok
atomics/counter/add	rand:1:4096	ok	13	13	l1Sched=9;postOp=4	3	0	0	3536186164770694959	ok
atomics/counter/add	rand:2:4096	ok	15	15	l1Sched=9;l5ExitWindow=1;postOp=5	3	0	0	3536186164770694959	ok
atomics/counter/cas-loop	1,3,5,7,9,2,4,6,8,0	ok	13	13	l1Sched=9;postOp=4	3	0	0	11457283280696430040	ok
atomics/counter/cas-loop	5,5,5,5,5,5,5,5	ok	15	15	l1Sched=10;postOp=5	3	0	0	11457283280696430040	ok
atomics/counter/cas-loop	9,8,7,6,5,4,3,2,1,0	ok	12	12	l1Sched=8;postOp=4	2	0	0	11457283280696430040	ok
atomics/counter/cas-loop	default	ok	12	12	l1Sched=8;postOp=4	3	0	0	11457283280696430040	ok
atomics/counter/cas-loop	rand:1:4096	ok	13	13	l1Sched=9;postOp=4	3	0	0	11457283280696430040	ok
atomics/counter/cas-loop	rand:2:4096	ok	15	15	l1Sched=10;postOp=5	3	0	0	11457283280696430040	ok
atomics/counter/plain-read-after-join	1,3,5,7,9,2,4,6,8,0	ok	9	9	l1Sched=6;postOp=3	2	0	0	4830782143115780030	ok
atomics/counter/plain-read-after-join	5,5,5,5,5,5,5,5	ok	13	13	l1Sched=9;postOp=4	3	0	0	4830782143115780030	ok
atomics/counter/plain-read-after-join	9,8,7,6,5,4,3,2,1,0	ok	12	12	l1Sched=8;postOp=4	2	0	0	4830782143115780030	ok
atomics/counter/plain-read-after-join	default	ok	10	10	l1Sched=7;postOp=3	3	0	0	4830782143115780030	ok
atomics/counter/plain-read-after-join	rand:1:4096	ok	13	13	l1Sched=9;postOp=4	3	0	0	4830782143115780030	ok
atomics/counter/plain-read-after-join	rand:2:4096	ok	13	13	l1Sched=8;l5ExitWindow=1;postOp=4	3	0	0	4830782143115780030	ok
atomics/counter/swap-claim	1,3,5,7,9,2,4,6,8,0	ok	13	13	l1Sched=9;postOp=4	3	0	0	9472889804574330896	ok
atomics/counter/swap-claim	5,5,5,5,5,5,5,5	ok	15	15	l1Sched=10;postOp=5	3	0	0	9472889804574330896	ok
atomics/counter/swap-claim	9,8,7,6,5,4,3,2,1,0	ok	12	12	l1Sched=8;postOp=4	2	0	0	9472889804574330896	ok
atomics/counter/swap-claim	default	ok	12	12	l1Sched=8;postOp=4	3	0	0	9472889804574330896	ok
atomics/counter/swap-claim	rand:1:4096	ok	13	13	l1Sched=9;postOp=4	3	0	0	9472889804574330896	ok
atomics/counter/swap-claim	rand:2:4096	ok	15	15	l1Sched=10;postOp=5	3	0	0	9472889804574330896	ok
atomics/counter/typed	1,3,5,7,9,2,4,6,8,0	ok	9	9	l1Sched=6;postOp=3	2	0	0	7745899922627479818	ok
atomics/counter/typed	5,5,5,5,5,5,5,5	ok	13	13	l1Sched=9;postOp=4	3	0	0	7745899922627479818	ok
atomics/counter/typed	9,8,7,6,5,4,3,2,1,0	ok	12	12	l1Sched=8;postOp=4	2	0	0	7745899922627479818	ok
atomics/counter/typed	default	ok	10	10	l1Sched=7;postOp=3	3	0	0	7745899922627479818	ok
atomics/counter/typed	rand:1:4096	ok	13	13	l1Sched=9;postOp=4	3	0	0	7745899922627479818	ok
atomics/counter/typed	rand:2:4096	ok	15	15	l1Sched=9;l5ExitWindow=1;postOp=5	3	0	0	7745899922627479818	ok
atomics/ops/add-int32-wrap	1,3,5,7,9,2,4,6,8,0	ok	0	0	-	0	0	0	13492599576761403332	ok
atomics/ops/add-int32-wrap	5,5,5,5,5,5,5,5	ok	0	0	-	0	0	0	13492599576761403332	ok
atomics/ops/add-int32-wrap	9,8,7,6,5,4,3,2,1,0	ok	0	0	-	0	0	0	13492599576761403332	ok
atomics/ops/add-int32-wrap	default	ok	0	0	-	0	0	0	13492599576761403332	ok
atomics/ops/add-int32-wrap	rand:1:4096	ok	0	0	-	0	0	0	13492599576761403332	ok
atomics/ops/add-int32-wrap	rand:2:4096	ok	0	0	-	0	0	0	13492599576761403332	ok
atomics/ops/add-int64	1,3,5,7,9,2,4,6,8,0	ok	0	0	-	0	0	0	13251149108254670411	ok
atomics/ops/add-int64	5,5,5,5,5,5,5,5	ok	0	0	-	0	0	0	13251149108254670411	ok
atomics/ops/add-int64	9,8,7,6,5,4,3,2,1,0	ok	0	0	-	0	0	0	13251149108254670411	ok
atomics/ops/add-int64	default	ok	0	0	-	0	0	0	13251149108254670411	ok
atomics/ops/add-int64	rand:1:4096	ok	0	0	-	0	0	0	13251149108254670411	ok
atomics/ops/add-int64	rand:2:4096	ok	0	0	-	0	0	0	13251149108254670411	ok
atomics/ops/add-uint32-decrement	1,3,5,7,9,2,4,6,8,0	ok	0	0	-	0	0	0	12655939654460669878	ok
atomics/ops/add-uint32-decrement	5,5,5,5,5,5,5,5	ok	0	0	-	0	0	0	12655939654460669878	ok
atomics/ops/add-uint32-decrement	9,8,7,6,5,4,3,2,1,0	ok	0	0	-	0	0	0	12655939654460669878	ok
atomics/ops/add-uint32-decrement	default	ok	0	0	-	0	0	0	12655939654460669878	ok
atomics/ops/add-uint32-decrement	rand:1:4096	ok	0	0	-	0	0	0	12655939654460669878	ok
atomics/ops/add-uint32-decrement	rand:2:4096	ok	0	0	-	0	0	0	12655939654460669878	ok
atomics/ops/add-uint64	1,3,5,7,9,2,4,6,8,0	ok	0	0	-	0	0	0	11457283280696430040	ok
atomics/ops/add-uint64	5,5,5,5,5,5,5,5	ok	0	0	-	0	0	0	11457283280696430040	ok
atomics/ops/add-uint64	9,8,7,6,5,4,3,2,1,0	ok	0	0	-	0	0	0	11457283280696430040	ok
atomics/ops/add-uint64	default	ok	0	0	-	0	0	0	11457283280696430040	ok
atomics/ops/add-uint64	rand:1:4096	ok	0	0	-	0	0	0	11457283280696430040	ok
atomics/ops/add-uint64	rand:2:4096	ok	0	0	-	0	0	0	11457283280696430040	ok
atomics/ops/add-uintptr	1,3,5,7,9,2,4,6,8,0	ok	0	0	-	0	0	0	4286324502917283104	ok
atomics/ops/add-uintptr	5,5,5,5,5,5,5,5	ok	0	0	-	0	0	0	4286324502917283104	ok
atomics/ops/add-uintptr	9,8,7,6,5,4,3,2,1,0	ok	0	0	-	0	0	0	4286324502917283104	ok
atomics/ops/add-uintptr	default	ok	0	0	-	0	0	0	4286324502917283104	ok
atomics/ops/add-uintptr	rand:1:4096	ok	0	0	-	0	0	0	4286324502917283104	ok
atomics/ops/add-uintptr	rand:2:4096	ok	0	0	-	0	0	0	4286324502917283104	ok
atomics/ops/cas-int64	1,3,5,7,9,2,4,6,8,0	ok	0	0	-	0	0	0	10004586929259609319	ok
atomics/ops/cas-int64	5,5,5,5,5,5,5,5	ok	0	0	-	0	0	0	10004586929259609319	ok
atomics/ops/cas-int64	9,8,7,6,5,4,3,2,1,0	ok	0	0	-	0	0	0	10004586929259609319	ok
atomics/ops/cas-int64	default	ok	0	0	-	0	0	0	10004586929259609319	ok
atomics/ops/cas-int64	rand:1:4096	ok	0	0	-	0	0	0	10004586929259609319	ok
atomics/ops/cas-int64	rand:2:4096	ok	0	0	-	0	0	0	10004586929259609319	ok
atomics/ops/cas-uint32-fail	1,3,5,7,9,2,4,6,8,0	ok	0	0	-	0	0	0	12001011276398221595	ok
atomics/ops/cas-uint32-fail	5,5,5,5,5,5,5,5	ok	0	0	-	0	0	0	12001011276398221595	ok
atomics/ops/cas-uint32-fail	9,8,7,6,5,4,3,2,1,0	ok	0	0	-	0	0	0	12001011276398221595	ok
atomics/ops/cas-uint32-fail	default	ok	0	0	-	0	0	0	12001011276398221595	ok
atomics/ops/cas-uint32-fail	rand:1:4096	ok	0	0	-	0	0	0	12001011276398221595	ok
atomics/ops/cas-uint32-fail	rand:2:4096	ok	0	0	-	0	0	0	12001011276398221595	ok
atomics/ops/cas-uint64	1,3,5,7,9,2,4,6,8,0	ok	0	0	-	0	0	0	13100677177587021840	ok
atomics/ops/cas-uint64	5,5,5,5,5,5,5,5	ok	0	0	-	0	0	0	13100677177587021840	ok
atomics/ops/cas-uint64	9,8,7,6,5,4,3,2,1,0	ok	0	0	-	0	0	0	13100677177587021840	ok
atomics/ops/cas-uint64	default	ok	0	0	-	0	0	0	13100677177587021840	ok
atomics/ops/cas-uint64	rand:1:4096	ok	0	0	-	0	0	0	13100677177587021840	ok
atomics/ops/cas-uint64	rand:2:4096	ok	0	0	-	0	0	0	13100677177587021840	ok
atomics/ops/cas-uintptr	1,3,5,7,9,2,4,6,8,0	ok	0	0	-	0	0	0	3898625044913103366	ok
atomics/ops/cas-uintptr	5,5,5,5,5,5,5,5	ok	0	0	-	0	0	0	3898625044913103366	ok
atomics/ops/cas-uintptr	9,8,7,6,5,4,3,2,1,0	ok	0	0	-	0	0	0	3898625044913103366	ok
atomics/ops/cas-uintptr	default	ok	0	0	-	0	0	0	3898625044913103366	ok
atomics/ops/cas-uintptr	rand:1:4096	ok	0	0	-	0	0	0	3898625044913103366	ok
atomics/ops/cas-uintptr	rand:2:4096	ok	0	0	-	0	0	0	3898625044913103366	ok
atomics/ops/defined-underlying	1,3,5,7,9,2,4,6,8,0	ok	0	0	-	0	0	0	9472889804574330896	ok
atomics/ops/defined-underlying	5,5,5,5,5,5,5,5	ok	0	0	-	0	0	0	9472889804574330896	ok
atomics/ops/defined-underlying	9,8,7,6,5,4,3,2,1,0	ok	0	0	-	0	0	0	9472889804574330896	ok
atomics/ops/defined-underlying	default	ok	0	0	-	0	0	0	9472889804574330896	ok
atomics/ops/defined-underlying	rand:1:4096	ok	0	0	-	0	0	0	9472889804574330896	ok
atomics/ops/defined-underlying	rand:2:4096	ok	0	0	-	0	0	0	9472889804574330896	ok
atomics/ops/discarded-result	1,3,5,7,9,2,4,6,8,0	ok	0	0	-	0	0	0	8500321448348300315	ok
atomics/ops/discarded-result	5,5,5,5,5,5,5,5	ok	0	0	-	0	0	0	8500321448348300315	ok
atomics/ops/discarded-result	9,8,7,6,5,4,3,2,1,0	ok	0	0	-	0	0	0	8500321448348300315	ok
atomics/ops/discarded-result	default	ok	0	0	-	0	0	0	8500321448348300315	ok
atomics/ops/discarded-result	rand:1:4096	ok	0	0	-	0	0	0	8500321448348300315	ok
atomics/ops/discarded-result	rand:2:4096	ok	0	0	-	0	0	0	8500321448348300315	ok
atomics/ops/in-expression	1,3,5,7,9,2,4,6,8,0	ok	0	0	-	0	0	0	7588286859515956161	ok
atomics/ops/in-expression	5,5,5,5,5,5,5,5	ok	0	0	-	0	0	0	7588286859515956161	ok
atomics/ops/in-expression	9,8,7,6,5,4,3,2,1,0	ok	0	0	-	0	0	0	7588286859515956161	ok
atomics/ops/in-expression	default	ok	0	0	-	0	0	0	7588286859515956161	ok
atomics/ops/in-expression	rand:1:4096	ok	0	0	-	0	0	0	7588286859515956161	ok
atomics/ops/in-expression	rand:2:4096	ok	0	0	-	0	0	0	7588286859515956161	ok
atomics/ops/load-store-int32	1,3,5,7,9,2,4,6,8,0	ok	0	0	-	0	0	0	4564404165891682710	ok
atomics/ops/load-store-int32	5,5,5,5,5,5,5,5	ok	0	0	-	0	0	0	4564404165891682710	ok
atomics/ops/load-store-int32	9,8,7,6,5,4,3,2,1,0	ok	0	0	-	0	0	0	4564404165891682710	ok
atomics/ops/load-store-int32	default	ok	0	0	-	0	0	0	4564404165891682710	ok
atomics/ops/load-store-int32	rand:1:4096	ok	0	0	-	0	0	0	4564404165891682710	ok
atomics/ops/load-store-int32	rand:2:4096	ok	0	0	-	0	0	0	4564404165891682710	ok
atomics/ops/load-store-int64	1,3,5,7,9,2,4,6,8,0	ok	0	0	-	0	0	0	3995143528791441251	ok
atomics/ops/load-store-int64	5,5,5,5,5,5,5,5	ok	0	0	-	0	0	0	3995143528791441251	ok
atomics/ops/load-store-int64	9,8,7,6,5,4,3,2,1,0	ok	0	0	-	0	0	0	3995143528791441251	ok
atomics/ops/load-store-int64	default	ok	0	0	-	0	0	0	3995143528791441251	ok
atomics/ops/load-store-int64	rand:1:4096	ok	0	0	-	0	0	0	3995143528791441251	ok
atomics/ops/load-store-int64	rand:2:4096	ok	0	0	-	0	0	0	3995143528791441251	ok
atomics/ops/load-store-uint32	1,3,5,7,9,2,4,6,8,0	ok	0	0	-	0	0	0	1730779239869940381	ok
atomics/ops/load-store-uint32	5,5,5,5,5,5,5,5	ok	0	0	-	0	0	0	1730779239869940381	ok
atomics/ops/load-store-uint32	9,8,7,6,5,4,3,2,1,0	ok	0	0	-	0	0	0	1730779239869940381	ok
atomics/ops/load-store-uint32	default	ok	0	0	-	0	0	0	1730779239869940381	ok
atomics/ops/load-store-uint32	rand:1:4096	ok	0	0	-	0	0	0	1730779239869940381	ok
atomics/ops/load-store-uint32	rand:2:4096	ok	0	0	-	0	0	0	1730779239869940381	ok
atomics/ops/load-store-uint64	1,3,5,7,9,2,4,6,8,0	ok	0	0	-	0	0	0	16820878732128211708	ok
atomics/ops/load-store-uint64	5,5,5,5,5,5,5,5	ok	0	0	-	0	0	0	16820878732128211708	ok
atomics/ops/load-store-uint64	9,8,7,6,5,4,3,2,1,0	ok	0	0	-	0	0	0	16820878732128211708	ok
atomics/ops/load-store-uint64	default	ok	0	0	-	0	0	0	16820878732128211708	ok
atomics/ops/load-store-uint64	rand:1:4096	ok	0	0	-	0	0	0	16820878732128211708	ok
atomics/ops/load-store-uint64	rand:2:4096	ok	0	0	-	0	0	0	16820878732128211708	ok
atomics/ops/load-store-uintptr	1,3,5,7,9,2,4,6,8,0	ok	0	0	-	0	0	0	11810600305414776438	ok
atomics/ops/load-store-uintptr	5,5,5,5,5,5,5,5	ok	0	0	-	0	0	0	11810600305414776438	ok
atomics/ops/load-store-uintptr	9,8,7,6,5,4,3,2,1,0	ok	0	0	-	0	0	0	11810600305414776438	ok
atomics/ops/load-store-uintptr	default	ok	0	0	-	0	0	0	11810600305414776438	ok
atomics/ops/load-store-uintptr	rand:1:4096	ok	0	0	-	0	0	0	11810600305414776438	ok
atomics/ops/load-store-uintptr	rand:2:4096	ok	0	0	-	0	0	0	11810600305414776438	ok
atomics/ops/nil-address	1,3,5,7,9,2,4,6,8,0	panic	0	0	-	0	0	0	15778615015967565276	ok
atomics/ops/nil-address	5,5,5,5,5,5,5,5	panic	0	0	-	0	0	0	15778615015967565276	ok
atomics/ops/nil-address	9,8,7,6,5,4,3,2,1,0	panic	0	0	-	0	0	0	15778615015967565276	ok
atomics/ops/nil-address	default	panic	0	0	-	0	0	0	15778615015967565276	ok
atomics/ops/nil-address	rand:1:4096	panic	0	0	-	0	0	0	15778615015967565276	ok
atomics/ops/nil-address	rand:2:4096	panic	0	0	-	0	0	0	15778615015967565276	ok
atomics/ops/nil-address-recovered	1,3,5,7,9,2,4,6,8,0	ok	0	0	-	0	0	0	12001011276398221595	ok
atomics/ops/nil-address-recovered	5,5,5,5,5,5,5,5	ok	0	0	-	0	0	0	12001011276398221595	ok
atomics/ops/nil-address-recovered	9,8,7,6,5,4,3,2,1,0	ok	0	0	-	0	0	0	12001011276398221595	ok
atomics/ops/nil-address-recovered	default	ok	0	0	-	0	0	0	12001011276398221595	ok
atomics/ops/nil-address-recovered	rand:1:4096	ok	0	0	-	0	0	0	12001011276398221595	ok
atomics/ops/nil-address-recovered	rand:2:4096	ok	0	0	-	0	0	0	12001011276398221595	ok
atomics/ops/operand-order	1,3,5,7,9,2,4,6,8,0	ok	0	0	-	0	0	0	18221220241228871714	ok
atomics/ops/operand-order	5,5,5,5,5,5,5,5	ok	0	0	-	0	0	0	18221220241228871714	ok
atomics/ops/operand-order	9,8,7,6,5,4,3,2,1,0	ok	0	0	-	0	0	0	18221220241228871714	ok
atomics/ops/operand-order	default	ok	0	0	-	0	0	0	18221220241228871714	ok
atomics/ops/operand-order	rand:1:4096	ok	0	0	-	0	0	0	18221220241228871714	ok
atomics/ops/operand-order	rand:2:4096	ok	0	0	-	0	0	0	18221220241228871714	ok
atomics/ops/swap-int32	1,3,5,7,9,2,4,6,8,0	ok	0	0	-	0	0	0	16932881705884965971	ok
atomics/ops/swap-int32	5,5,5,5,5,5,5,5	ok	0	0	-	0	0	0	16932881705884965971	ok
atomics/ops/swap-int32	9,8,7,6,5,4,3,2,1,0	ok	0	0	-	0	0	0	16932881705884965971	ok
atomics/ops/swap-int32	default	ok	0	0	-	0	0	0	16932881705884965971	ok
atomics/ops/swap-int32	rand:1:4096	ok	0	0	-	0	0	0	16932881705884965971	ok
atomics/ops/swap-int32	rand:2:4096	ok	0	0	-	0	0	0	16932881705884965971	ok
atomics/ops/swap-int64	1,3,5,7,9,2,4,6,8,0	ok	0	0	-	0	0	0	4845353440236319050	ok
atomics/ops/swap-int64	5,5,5,5,5,5,5,5	ok	0	0	-	0	0	0	4845353440236319050	ok
atomics/ops/swap-int64	9,8,7,6,5,4,3,2,1,0	ok	0	0	-	0	0	0	4845353440236319050	ok
atomics/ops/swap-int64	default	ok	0	0	-	0	0	0	4845353440236319050	ok
atomics/ops/swap-int64	rand:1:4096	ok	0	0	-	0	0	0	4845353440236319050	ok
atomics/ops/swap-int64	rand:2:4096	ok	0	0	-	0	0	0	4845353440236319050	ok
atomics/ops/swap-uint32	1,3,5,7,9,2,4,6,8,0	ok	0	0	-	0	0	0	17870125917957607905	ok
atomics/ops/swap-uint32	5,5,5,5,5,5,5,5	ok	0	0	-	0	0	0	17870125917957607905	ok
atomics/ops/swap-uint32	9,8,7,6,5,4,3,2,1,0	ok	0	0	-	0	0	0	17870125917957607905	ok
atomics/ops/swap-uint32	default	ok	0	0	-	0	0	0	17870125917957607905	ok
atomics/ops/swap-uint32	rand:1:4096	ok	0	0	-	0	0	0	17870125917957607905	ok
atomics/ops/swap-uint32	rand:2:4096	ok	0	0	-	0	0	0	17870125917957607905	ok
atomics/ops/swap-uint64	1,3,5,7,9,2,4,6,8,0	ok	0	0	-	0	0	0	10996086068315791070	ok
atomics/ops/swap-uint64	5,5,5,5,5,5,5,5	ok	0	0	-	0	0	0	10996086068315791070	ok
atomics/ops/swap-uint64	9,8,7,6,5,4,3,2,1,0	ok	0	0	-	0	0	0	10996086068315791070	ok
atomics/ops/swap-uint64	default	ok	0	0	-	0	0	0	10996086068315791070	ok
atomics/ops/swap-uint64	rand:1:4096	ok	0	0	-	0	0	0	10996086068315791070	ok
atomics/ops/swap-uint64	rand:2:4096	ok	0	0	-	0	0	0	10996086068315791070	ok
atomics/ops/swap-uintptr	1,3,5,7,9,2,4,6,8,0	ok	0	0	-	0	0	0	14964880514937082146	ok
atomics/ops/swap-uintptr	5,5,5,5,5,5,5,5	ok	0	0	-	0	0	0	14964880514937082146	ok
atomics/ops/swap-uintptr	9,8,7,6,5,4,3,2,1,0	ok	0	0	-	0	0	0	14964880514937082146	ok
atomics/ops/swap-uintptr	default	ok	0	0	-	0	0	0	14964880514937082146	ok
atomics/ops/swap-uintptr	rand:1:4096	ok	0	0	-	0	0	0	14964880514937082146	ok
atomics/ops/swap-uintptr	rand:2:4096	ok	0	0	-	0	0	0	14964880514937082146	ok
atomics/typed/empty-literal	1,3,5,7,9,2,4,6,8,0	ok	0	0	-	0	0	0	4338967553444636815	ok
atomics/typed/empty-literal	5,5,5,5,5,5,5,5	ok	0	0	-	0	0	0	4338967553444636815	ok
atomics/typed/empty-literal	9,8,7,6,5,4,3,2,1,0	ok	0	0	-	0	0	0	4338967553444636815	ok
atomics/typed/empty-literal	default	ok	0	0	-	0	0	0	4338967553444636815	ok
atomics/typed/empty-literal	rand:1:4096	ok	0	0	-	0	0	0	4338967553444636815	ok
atomics/typed/empty-literal	rand:2:4096	ok	0	0	-	0	0	0	4338967553444636815	ok
atomics/typed/int32-wrap	1,3,5,7,9,2,4,6,8,0	ok	0	0	-	0	0	0	13191274251163326272	ok
atomics/typed/int32-wrap	5,5,5,5,5,5,5,5	ok	0	0	-	0	0	0	13191274251163326272	ok
atomics/typed/int32-wrap	9,8,7,6,5,4,3,2,1,0	ok	0	0	-	0	0	0	13191274251163326272	ok
atomics/typed/int32-wrap	default	ok	0	0	-	0	0	0	13191274251163326272	ok
atomics/typed/int32-wrap	rand:1:4096	ok	0	0	-	0	0	0	13191274251163326272	ok
atomics/typed/int32-wrap	rand:2:4096	ok	0	0	-	0	0	0	13191274251163326272	ok
atomics/typed/int64	1,3,5,7,9,2,4,6,8,0	ok	0	0	-	0	0	0	17287109125103612793	ok
atomics/typed/int64	5,5,5,5,5,5,5,5	ok	0	0	-	0	0	0	17287109125103612793	ok
atomics/typed/int64	9,8,7,6,5,4,3,2,1,0	ok	0	0	-	0	0	0	17287109125103612793	ok
atomics/typed/int64	default	ok	0	0	-	0	0	0	17287109125103612793	ok
atomics/typed/int64	rand:1:4096	ok	0	0	-	0	0	0	17287109125103612793	ok
atomics/typed/int64	rand:2:4096	ok	0	0	-	0	0	0	17287109125103612793	ok
atomics/typed/nil-receiver	1,3,5,7,9,2,4,6,8,0	panic	0	0	-	0	0	0	15778615015967565276	ok
atomics/typed/nil-receiver	5,5,5,5,5,5,5,5	panic	0	0	-	0	0	0	15778615015967565276	ok
atomics/typed/nil-receiver	9,8,7,6,5,4,3,2,1,0	panic	0	0	-	0	0	0	15778615015967565276	ok
atomics/typed/nil-receiver	default	panic	0	0	-	0	0	0	15778615015967565276	ok
atomics/typed/nil-receiver	rand:1:4096	panic	0	0	-	0	0	0	15778615015967565276	ok
atomics/typed/nil-receiver	rand:2:4096	panic	0	0	-	0	0	0	15778615015967565276	ok
atomics/typed/struct-field	1,3,5,7,9,2,4,6,8,0	ok	0	0	-	0	0	0	2257951395089924535	ok
atomics/typed/struct-field	5,5,5,5,5,5,5,5	ok	0	0	-	0	0	0	2257951395089924535	ok
atomics/typed/struct-field	9,8,7,6,5,4,3,2,1,0	ok	0	0	-	0	0	0	2257951395089924535	ok
atomics/typed/struct-field	default	ok	0	0	-	0	0	0	2257951395089924535	ok
atomics/typed/struct-field	rand:1:4096	ok	0	0	-	0	0	0	2257951395089924535	ok
atomics/typed/struct-field	rand:2:4096	ok	0	0	-	0	0	0	2257951395089924535	ok
atomics/typed/uint32	1,3,5,7,9,2,4,6,8,0	ok	0	0	-	0	0	0	7745899922627479818	ok
atomics/typed/uint32	5,5,5,5,5,5,5,5	ok	0	0	-	0	0	0	7745899922627479818	ok
atomics/typed/uint32	9,8,7,6,5,4,3,2,1,0	ok	0	0	-	0	0	0	7745899922627479818	ok
atomics/typed/uint32	default	ok	0	0	-	0	0	0	7745899922627479818	ok
atomics/typed/uint32	rand:1:4096	ok	0	0	-	0	0	0	7745899922627479818	ok
atomics/typed/uint32	rand:2:4096	ok	0	0	-	0	0	0	7745899922627479818	ok
atomics/typed/uint64	1,3,5,7,9,2,4,6,8,0	ok	0	0	-	0	0	0	9465287607422978637	ok
atomics/typed/uint64	5,5,5,5,5,5,5,5	ok	0	0	-	0	0	0	9465287607422978637	ok
atomics/typed/uint64	9,8,7,6,5,4,3,2,1,0	ok	0	0	-	0	0	0	9465287607422978637	ok
atomics/typed/uint64	default	ok	0	0	-	0	0	0	9465287607422978637	ok
atomics/typed/uint64	rand:1:4096	ok	0	0	-	0	0	0	9465287607422978637	ok
atomics/typed/uint64	rand:2:4096	ok	0	0	-	0	0	0	9465287607422978637	ok
atomics/typed/uintptr	1,3,5,7,9,2,4,6,8,0	ok	0	0	-	0	0	0	11339395361000892798	ok
atomics/typed/uintptr	5,5,5,5,5,5,5,5	ok	0	0	-	0	0	0	11339395361000892798	ok
atomics/typed/uintptr	9,8,7,6,5,4,3,2,1,0	ok	0	0	-	0	0	0	11339395361000892798	ok
atomics/typed/uintptr	default	ok	0	0	-	0	0	0	11339395361000892798	ok
atomics/typed/uintptr	rand:1:4096	ok	0	0	-	0	0	0	11339395361000892798	ok
atomics/typed/uintptr	rand:2:4096	ok	0	0	-	0	0	0	11339395361000892798	ok
atomics/typed/zero-and-copy	1,3,5,7,9,2,4,6,8,0	ok	0	0	-	0	0	0	643138566220951081	ok
atomics/typed/zero-and-copy	5,5,5,5,5,5,5,5	ok	0	0	-	0	0	0	643138566220951081	ok
atomics/typed/zero-and-copy	9,8,7,6,5,4,3,2,1,0	ok	0	0	-	0	0	0	643138566220951081	ok
atomics/typed/zero-and-copy	default	ok	0	0	-	0	0	0	643138566220951081	ok
atomics/typed/zero-and-copy	rand:1:4096	ok	0	0	-	0	0	0	643138566220951081	ok
atomics/typed/zero-and-copy	rand:2:4096	ok	0	0	-	0	0	0	643138566220951081	ok
imported-goose/channel/parallel-search-replace/search-replace	1,3,5,7,9,2,4,6,8,0	ok	41	41	l4Waiter=1;l1Sched=23;l5ExitWindow=1;postOp=4;backEdge=12	8	0	0	5407377184424152106	ok
imported-goose/channel/parallel-search-replace/search-replace	5,5,5,5,5,5,5,5	ok	37	37	l4Waiter=1;l1Sched=21;l5ExitWindow=1;postOp=4;backEdge=10	6	0	0	5407377184424152106	ok
imported-goose/channel/parallel-search-replace/search-replace	9,8,7,6,5,4,3,2,1,0	ok	43	43	l4Waiter=1;l1Sched=23;l5ExitWindow=1;postOp=4;backEdge=14	8	0	0	5407377184424152106	ok
imported-goose/channel/parallel-search-replace/search-replace	default	ok	42	42	l1Sched=22;l5ExitWindow=1;postOp=5;backEdge=14	9	0	0	5407377184424152106	ok
imported-goose/channel/parallel-search-replace/search-replace	rand:1:4096	ok	48	48	l4Waiter=1;l1Sched=31;postOp=3;backEdge=13	7	0	0	5407377184424152106	ok
imported-goose/channel/parallel-search-replace/search-replace	rand:2:4096	ok	45	45	l4Waiter=1;l1Sched=29;l5ExitWindow=3;postOp=3;backEdge=9	8	0	0	5407377184424152106	ok
imported-goose/semantics/lock/s-use-locks	1,3,5,7,9,2,4,6,8,0	ok	0	0	-	0	0	0	12001011276398221595	ok
imported-goose/semantics/lock/s-use-locks	5,5,5,5,5,5,5,5	ok	0	0	-	0	0	0	12001011276398221595	ok
imported-goose/semantics/lock/s-use-locks	9,8,7,6,5,4,3,2,1,0	ok	0	0	-	0	0	0	12001011276398221595	ok
imported-goose/semantics/lock/s-use-locks	default	ok	0	0	-	0	0	0	12001011276398221595	ok
imported-goose/semantics/lock/s-use-locks	rand:1:4096	ok	0	0	-	0	0	0	12001011276398221595	ok
imported-goose/semantics/lock/s-use-locks	rand:2:4096	ok	0	0	-	0	0	0	12001011276398221595	ok
imported-goose/unittest/spawn/simple-spawn	1,3,5,7,9,2,4,6,8,0	ok	6	6	l1Sched=4;postOp=2	2	0	0	12001011276398221595	ok
imported-goose/unittest/spawn/simple-spawn	5,5,5,5,5,5,5,5	ok	7	7	l1Sched=4;postOp=3	2	0	0	12001011276398221595	ok
imported-goose/unittest/spawn/simple-spawn	9,8,7,6,5,4,3,2,1,0	ok	6	6	l1Sched=4;postOp=2	2	0	0	12001011276398221595	ok
imported-goose/unittest/spawn/simple-spawn	default	ok	6	6	l1Sched=3;l5ExitWindow=1;postOp=2	2	0	0	12001011276398221595	ok
imported-goose/unittest/spawn/simple-spawn	rand:1:4096	ok	10	10	l1Sched=5;l5ExitWindow=2;postOp=3	2	0	0	12001011276398221595	ok
imported-goose/unittest/spawn/simple-spawn	rand:2:4096	ok	10	10	l1Sched=5;l5ExitWindow=2;postOp=3	2	0	0	12001011276398221595	ok
imported-goose/unittest/synchronization/make-lock	1,3,5,7,9,2,4,6,8,0	ok	0	0	-	0	0	0	12001011276398221595	ok
imported-goose/unittest/synchronization/make-lock	5,5,5,5,5,5,5,5	ok	0	0	-	0	0	0	12001011276398221595	ok
imported-goose/unittest/synchronization/make-lock	9,8,7,6,5,4,3,2,1,0	ok	0	0	-	0	0	0	12001011276398221595	ok
imported-goose/unittest/synchronization/make-lock	default	ok	0	0	-	0	0	0	12001011276398221595	ok
imported-goose/unittest/synchronization/make-lock	rand:1:4096	ok	0	0	-	0	0	0	12001011276398221595	ok
imported-goose/unittest/synchronization/make-lock	rand:2:4096	ok	0	0	-	0	0	0	12001011276398221595	ok
methods/recv-implicit-addr-deref/sync-recv-nil	1,3,5,7,9,2,4,6,8,0	ok	0	0	-	0	0	0	643138566220951081	ok
methods/recv-implicit-addr-deref/sync-recv-nil	5,5,5,5,5,5,5,5	ok	0	0	-	0	0	0	643138566220951081	ok
methods/recv-implicit-addr-deref/sync-recv-nil	9,8,7,6,5,4,3,2,1,0	ok	0	0	-	0	0	0	643138566220951081	ok
methods/recv-implicit-addr-deref/sync-recv-nil	default	ok	0	0	-	0	0	0	643138566220951081	ok
methods/recv-implicit-addr-deref/sync-recv-nil	rand:1:4096	ok	0	0	-	0	0	0	643138566220951081	ok
methods/recv-implicit-addr-deref/sync-recv-nil	rand:2:4096	ok	0	0	-	0	0	0	643138566220951081	ok
noodler/closures/goroutines-loopvar	1,3,5,7,9,2,4,6,8,0	ok	40	40	l1Sched=23;postOp=13;backEdge=4	5	0	0	43225924766788224	ok
noodler/closures/goroutines-loopvar	5,5,5,5,5,5,5,5	ok	37	37	l1Sched=21;postOp=12;backEdge=4	4	0	0	43225924766788224	ok
noodler/closures/goroutines-loopvar	9,8,7,6,5,4,3,2,1,0	ok	36	36	l1Sched=20;postOp=12;backEdge=4	4	0	0	43225924766788224	ok
noodler/closures/goroutines-loopvar	default	ok	40	40	l1Sched=23;postOp=13;backEdge=4	5	0	0	43225924766788224	ok
noodler/closures/goroutines-loopvar	rand:1:4096	ok	39	39	l1Sched=22;postOp=13;backEdge=4	3	0	0	43225924766788224	ok
noodler/closures/goroutines-loopvar	rand:2:4096	ok	46	46	l1Sched=27;postOp=15;backEdge=4	4	0	0	43225924766788224	ok
noodler/frontier/defer-go-splat	1,3,5,7,9,2,4,6,8,0	ok	8	8	l1Sched=5;postOp=3	2	0	0	14096432234271724554	ok
noodler/frontier/defer-go-splat	5,5,5,5,5,5,5,5	ok	8	8	l1Sched=4;postOp=4	2	0	0	14096432234271724554	ok
noodler/frontier/defer-go-splat	9,8,7,6,5,4,3,2,1,0	ok	8	8	l1Sched=5;postOp=3	2	0	0	14096432234271724554	ok
noodler/frontier/defer-go-splat	default	ok	3	3	l1Sched=2;postOp=1	2	0	0	14096432234271724554	ok
noodler/frontier/defer-go-splat	rand:1:4096	ok	4	4	l1Sched=3;postOp=1	2	0	0	14096432234271724554	ok
noodler/frontier/defer-go-splat	rand:2:4096	ok	3	3	l1Sched=2;postOp=1	2	0	0	14096432234271724554	ok
noodler/goroutines/close-broadcast	1,3,5,7,9,2,4,6,8,0	ok	27	27	l1Sched=16;postOp=10;backEdge=1	4	0	0	15914763787541259693	ok
noodler/goroutines/close-broadcast	5,5,5,5,5,5,5,5	ok	25	25	l1Sched=15;postOp=10	4	0	0	15914763787541259693	ok
noodler/goroutines/close-broadcast	9,8,7,6,5,4,3,2,1,0	ok	30	30	l1Sched=17;postOp=10;backEdge=3	4	0	0	15914763787541259693	ok
noodler/goroutines/close-broadcast	default	ok	34	34	l1Sched=19;postOp=12;backEdge=3	4	0	0	15914763787541259693	ok
noodler/goroutines/close-broadcast	rand:1:4096	ok	36	36	l1Sched=20;postOp=13;backEdge=3	4	0	0	15914763787541259693	ok
noodler/goroutines/close-broadcast	rand:2:4096	ok	41	41	l1Sched=23;postOp=15;backEdge=3	4	0	0	15914763787541259693	ok
noodler/goroutines/goroutine-panic-under-wait	1,3,5,7,9,2,4,6,8,0	panic	4	4	l1Sched=3;postOp=1	2	0	0	16024920628183296595	ok
noodler/goroutines/goroutine-panic-under-wait	5,5,5,5,5,5,5,5	panic	4	4	l1Sched=3;postOp=1	2	0	0	16024920628183296595	ok
noodler/goroutines/goroutine-panic-under-wait	9,8,7,6,5,4,3,2,1,0	panic	4	4	l1Sched=3;postOp=1	2	0	0	16024920628183296595	ok
noodler/goroutines/goroutine-panic-under-wait	default	panic	3	3	l1Sched=2;postOp=1	2	0	0	16024920628183296595	ok
noodler/goroutines/goroutine-panic-under-wait	rand:1:4096	panic	4	4	l1Sched=3;postOp=1	2	0	0	16024920628183296595	ok
noodler/goroutines/goroutine-panic-under-wait	rand:2:4096	panic	3	3	l1Sched=2;postOp=1	2	0	0	16024920628183296595	ok
noodler/goroutines/mutex-counter	1,3,5,7,9,2,4,6,8,0	ok	262	262	l1Sched=107;postOp=103;backEdge=52	3	0	0	643138566220951081	ok
noodler/goroutines/mutex-counter	5,5,5,5,5,5,5,5	ok	262	262	l1Sched=107;postOp=103;backEdge=52	3	0	0	643138566220951081	ok
noodler/goroutines/mutex-counter	9,8,7,6,5,4,3,2,1,0	ok	262	262	l1Sched=107;postOp=103;backEdge=52	3	0	0	643138566220951081	ok
noodler/goroutines/mutex-counter	default	ok	262	262	l1Sched=107;postOp=103;backEdge=52	3	0	0	643138566220951081	ok
noodler/goroutines/mutex-counter	rand:1:4096	ok	479	479	l1Sched=183;postOp=196;backEdge=100	3	0	0	643138566220951081	ok
noodler/goroutines/mutex-counter	rand:2:4096	ok	448	448	l1Sched=163;postOp=187;backEdge=98	3	0	0	643138566220951081	ok
noodler/goroutines/mutex-double-lock-deadlock	1,3,5,7,9,2,4,6,8,0	deadlock	0	0	-	0	0	0	15875268021692822991	ok
noodler/goroutines/mutex-double-lock-deadlock	5,5,5,5,5,5,5,5	deadlock	0	0	-	0	0	0	15875268021692822991	ok
noodler/goroutines/mutex-double-lock-deadlock	9,8,7,6,5,4,3,2,1,0	deadlock	0	0	-	0	0	0	15875268021692822991	ok
noodler/goroutines/mutex-double-lock-deadlock	default	deadlock	0	0	-	0	0	0	15875268021692822991	ok
noodler/goroutines/mutex-double-lock-deadlock	rand:1:4096	deadlock	0	0	-	0	0	0	15875268021692822991	ok
noodler/goroutines/mutex-double-lock-deadlock	rand:2:4096	deadlock	0	0	-	0	0	0	15875268021692822991	ok
noodler/goroutines/once-across-goroutines	1,3,5,7,9,2,4,6,8,0	ok	50	50	l1Sched=29;postOp=16;backEdge=5	6	0	0	12001011276398221595	ok
noodler/goroutines/once-across-goroutines	5,5,5,5,5,5,5,5	ok	50	50	l1Sched=29;postOp=16;backEdge=5	6	0	0	12001011276398221595	ok
noodler/goroutines/once-across-goroutines	9,8,7,6,5,4,3,2,1,0	ok	50	50	l1Sched=29;postOp=16;backEdge=5	6	0	0	12001011276398221595	ok
noodler/goroutines/once-across-goroutines	default	ok	50	50	l1Sched=29;postOp=16;backEdge=5	6	0	0	12001011276398221595	ok
noodler/goroutines/once-across-goroutines	rand:1:4096	ok	53	53	l1Sched=31;postOp=17;backEdge=5	4	0	0	12001011276398221595	ok
noodler/goroutines/once-across-goroutines	rand:2:4096	ok	56	56	l1Sched=34;postOp=17;backEdge=5	6	0	0	12001011276398221595	ok
noodler/goroutines/rwmutex-readers	1,3,5,7,9,2,4,6,8,0	ok	44	44	l1Sched=25;postOp=16;backEdge=3	4	0	0	5860214085102260226	ok
noodler/goroutines/rwmutex-readers	5,5,5,5,5,5,5,5	ok	44	44	l1Sched=24;postOp=17;backEdge=3	4	0	0	5860214085102260226	ok
noodler/goroutines/rwmutex-readers	9,8,7,6,5,4,3,2,1,0	ok	44	44	l1Sched=25;postOp=16;backEdge=3	4	0	0	5860214085102260226	ok
noodler/goroutines/rwmutex-readers	default	ok	39	39	l1Sched=22;postOp=14;backEdge=3	4	0	0	5860214085102260226	ok
noodler/goroutines/rwmutex-readers	rand:1:4096	ok	42	42	l1Sched=24;postOp=15;backEdge=3	4	0	0	5860214085102260226	ok
noodler/goroutines/rwmutex-readers	rand:2:4096	ok	45	45	l1Sched=25;postOp=17;backEdge=3	4	0	0	5860214085102260226	ok
noodler/goroutines/semaphore-total	1,3,5,7,9,2,4,6,8,0	ok	84	84	l1Sched=47;postOp=31;backEdge=6	7	0	0	5860214085102260226	ok
noodler/goroutines/semaphore-total	5,5,5,5,5,5,5,5	ok	84	84	l1Sched=47;postOp=31;backEdge=6	7	0	0	5860214085102260226	ok
noodler/goroutines/semaphore-total	9,8,7,6,5,4,3,2,1,0	ok	84	84	l1Sched=47;postOp=31;backEdge=6	7	0	0	5860214085102260226	ok
noodler/goroutines/semaphore-total	default	ok	84	84	l1Sched=47;postOp=31;backEdge=6	7	0	0	5860214085102260226	ok
noodler/goroutines/semaphore-total	rand:1:4096	ok	91	91	l1Sched=51;postOp=34;backEdge=6	4	0	0	5860214085102260226	ok
noodler/goroutines/semaphore-total	rand:2:4096	ok	94	94	l1Sched=55;postOp=33;backEdge=6	5	0	0	5860214085102260226	ok
noodler/goroutines/waitgroup-deadlock	1,3,5,7,9,2,4,6,8,0	deadlock	0	0	-	0	0	0	15875268021692822991	ok
noodler/goroutines/waitgroup-deadlock	5,5,5,5,5,5,5,5	deadlock	0	0	-	0	0	0	15875268021692822991	ok
noodler/goroutines/waitgroup-deadlock	9,8,7,6,5,4,3,2,1,0	deadlock	0	0	-	0	0	0	15875268021692822991	ok
noodler/goroutines/waitgroup-deadlock	default	deadlock	0	0	-	0	0	0	15875268021692822991	ok
noodler/goroutines/waitgroup-deadlock	rand:1:4096	deadlock	0	0	-	0	0	0	15875268021692822991	ok
noodler/goroutines/waitgroup-deadlock	rand:2:4096	deadlock	0	0	-	0	0	0	15875268021692822991	ok
noodler/goroutines/worker-pool-sum	1,3,5,7,9,2,4,6,8,0	ok	90	90	l4Waiter=1;l1Sched=39;postOp=31;backEdge=19	4	0	0	9888685334424651370	ok
noodler/goroutines/worker-pool-sum	5,5,5,5,5,5,5,5	ok	85	85	l4Waiter=2;l1Sched=37;postOp=29;backEdge=17	4	0	0	9888685334424651370	ok
noodler/goroutines/worker-pool-sum	9,8,7,6,5,4,3,2,1,0	ok	93	93	l4Waiter=1;l1Sched=40;postOp=31;backEdge=21	4	0	0	9888685334424651370	ok
noodler/goroutines/worker-pool-sum	default	ok	98	98	l1Sched=42;postOp=35;backEdge=21	4	0	0	9888685334424651370	ok
noodler/goroutines/worker-pool-sum	rand:1:4096	ok	104	104	l4Waiter=6;l1Sched=50;postOp=27;backEdge=21	4	0	0	9888685334424651370	ok
noodler/goroutines/worker-pool-sum	rand:2:4096	ok	108	108	l4Waiter=4;l1Sched=54;postOp=29;backEdge=21	4	0	0	9888685334424651370	ok
noodler/gostmt/args-evaluated-at-spawn	1,3,5,7,9,2,4,6,8,0	ok	6	6	l1Sched=4;postOp=2	2	0	0	12001011276398221595	ok
noodler/gostmt/args-evaluated-at-spawn	5,5,5,5,5,5,5,5	ok	7	7	l1Sched=4;postOp=3	2	0	0	12001011276398221595	ok
noodler/gostmt/args-evaluated-at-spawn	9,8,7,6,5,4,3,2,1,0	ok	6	6	l1Sched=4;postOp=2	2	0	0	12001011276398221595	ok
noodler/gostmt/args-evaluated-at-spawn	default	ok	3	3	l1Sched=2;postOp=1	2	0	0	12001011276398221595	ok
noodler/gostmt/args-evaluated-at-spawn	rand:1:4096	ok	4	4	l1Sched=3;postOp=1	2	0	0	12001011276398221595	ok
noodler/gostmt/args-evaluated-at-spawn	rand:2:4096	ok	3	3	l1Sched=2;postOp=1	2	0	0	12001011276398221595	ok
noodler/gostmt/pointer-method	1,3,5,7,9,2,4,6,8,0	ok	21	21	l1Sched=14;postOp=7	4	0	0	14759596508353255897	ok
noodler/gostmt/pointer-method	5,5,5,5,5,5,5,5	ok	21	21	l1Sched=14;postOp=7	4	0	0	14759596508353255897	ok
noodler/gostmt/pointer-method	9,8,7,6,5,4,3,2,1,0	ok	20	20	l1Sched=13;postOp=7	3	0	0	14759596508353255897	ok
noodler/gostmt/pointer-method	default	ok	21	21	l1Sched=14;postOp=7	4	0	0	14759596508353255897	ok
noodler/gostmt/pointer-method	rand:1:4096	ok	24	24	l1Sched=16;postOp=8	4	0	0	14759596508353255897	ok
noodler/gostmt/pointer-method	rand:2:4096	ok	24	24	l1Sched=16;postOp=8	4	0	0	14759596508353255897	ok
noodler/gostmt/splat-args	1,3,5,7,9,2,4,6,8,0	ok	6	6	l1Sched=4;postOp=2	2	0	0	3329066994261126460	ok
noodler/gostmt/splat-args	5,5,5,5,5,5,5,5	ok	7	7	l1Sched=4;postOp=3	2	0	0	3329066994261126460	ok
noodler/gostmt/splat-args	9,8,7,6,5,4,3,2,1,0	ok	6	6	l1Sched=4;postOp=2	2	0	0	3329066994261126460	ok
noodler/gostmt/splat-args	default	ok	3	3	l1Sched=2;postOp=1	2	0	0	3329066994261126460	ok
noodler/gostmt/splat-args	rand:1:4096	ok	4	4	l1Sched=3;postOp=1	2	0	0	3329066994261126460	ok
noodler/gostmt/splat-args	rand:2:4096	ok	3	3	l1Sched=2;postOp=1	2	0	0	3329066994261126460	ok
noodler/gotchas/once-panicking-counts-as-done	1,3,5,7,9,2,4,6,8,0	ok	0	0	-	0	0	0	12001011276398221595	ok
noodler/gotchas/once-panicking-counts-as-done	5,5,5,5,5,5,5,5	ok	0	0	-	0	0	0	12001011276398221595	ok
noodler/gotchas/once-panicking-counts-as-done	9,8,7,6,5,4,3,2,1,0	ok	0	0	-	0	0	0	12001011276398221595	ok
noodler/gotchas/once-panicking-counts-as-done	default	ok	0	0	-	0	0	0	12001011276398221595	ok
noodler/gotchas/once-panicking-counts-as-done	rand:1:4096	ok	0	0	-	0	0	0	12001011276398221595	ok
noodler/gotchas/once-panicking-counts-as-done	rand:2:4096	ok	0	0	-	0	0	0	12001011276398221595	ok
noodler/syncmisuse/defer-unlock-during-panic	1,3,5,7,9,2,4,6,8,0	ok	0	0	-	0	0	0	7748159529120768588	ok
noodler/syncmisuse/defer-unlock-during-panic	5,5,5,5,5,5,5,5	ok	0	0	-	0	0	0	7748159529120768588	ok
noodler/syncmisuse/defer-unlock-during-panic	9,8,7,6,5,4,3,2,1,0	ok	0	0	-	0	0	0	7748159529120768588	ok
noodler/syncmisuse/defer-unlock-during-panic	default	ok	0	0	-	0	0	0	7748159529120768588	ok
noodler/syncmisuse/defer-unlock-during-panic	rand:1:4096	ok	0	0	-	0	0	0	7748159529120768588	ok
noodler/syncmisuse/defer-unlock-during-panic	rand:2:4096	ok	0	0	-	0	0	0	7748159529120768588	ok
noodler/syncmisuse/mutex-copy-carries-state	1,3,5,7,9,2,4,6,8,0	deadlock	0	0	-	0	0	0	15875268021692822991	ok
noodler/syncmisuse/mutex-copy-carries-state	5,5,5,5,5,5,5,5	deadlock	0	0	-	0	0	0	15875268021692822991	ok
noodler/syncmisuse/mutex-copy-carries-state	9,8,7,6,5,4,3,2,1,0	deadlock	0	0	-	0	0	0	15875268021692822991	ok
noodler/syncmisuse/mutex-copy-carries-state	default	deadlock	0	0	-	0	0	0	15875268021692822991	ok
noodler/syncmisuse/mutex-copy-carries-state	rand:1:4096	deadlock	0	0	-	0	0	0	15875268021692822991	ok
noodler/syncmisuse/mutex-copy-carries-state	rand:2:4096	deadlock	0	0	-	0	0	0	15875268021692822991	ok
noodler/syncmisuse/mutex-copy-independent	1,3,5,7,9,2,4,6,8,0	ok	0	0	-	0	0	0	11457283280696430040	ok
noodler/syncmisuse/mutex-copy-independent	5,5,5,5,5,5,5,5	ok	0	0	-	0	0	0	11457283280696430040	ok
noodler/syncmisuse/mutex-copy-independent	9,8,7,6,5,4,3,2,1,0	ok	0	0	-	0	0	0	11457283280696430040	ok
noodler/syncmisuse/mutex-copy-independent	default	ok	0	0	-	0	0	0	11457283280696430040	ok
noodler/syncmisuse/mutex-copy-independent	rand:1:4096	ok	0	0	-	0	0	0	11457283280696430040	ok
noodler/syncmisuse/mutex-copy-independent	rand:2:4096	ok	0	0	-	0	0	0	11457283280696430040	ok
noodler/syncmisuse/once-different-funcs	1,3,5,7,9,2,4,6,8,0	ok	0	0	-	0	0	0	12001011276398221595	ok
noodler/syncmisuse/once-different-funcs	5,5,5,5,5,5,5,5	ok	0	0	-	0	0	0	12001011276398221595	ok
noodler/syncmisuse/once-different-funcs	9,8,7,6,5,4,3,2,1,0	ok	0	0	-	0	0	0	12001011276398221595	ok
noodler/syncmisuse/once-different-funcs	default	ok	0	0	-	0	0	0	12001011276398221595	ok
noodler/syncmisuse/once-different-funcs	rand:1:4096	ok	0	0	-	0	0	0	12001011276398221595	ok
noodler/syncmisuse/once-different-funcs	rand:2:4096	ok	0	0	-	0	0	0	12001011276398221595	ok
noodler/syncmisuse/once-nested-deadlock	1,3,5,7,9,2,4,6,8,0	deadlock	0	0	-	0	0	0	15875268021692822991	ok
noodler/syncmisuse/once-nested-deadlock	5,5,5,5,5,5,5,5	deadlock	0	0	-	0	0	0	15875268021692822991	ok
noodler/syncmisuse/once-nested-deadlock	9,8,7,6,5,4,3,2,1,0	deadlock	0	0	-	0	0	0	15875268021692822991	ok
noodler/syncmisuse/once-nested-deadlock	default	deadlock	0	0	-	0	0	0	15875268021692822991	ok
noodler/syncmisuse/once-nested-deadlock	rand:1:4096	deadlock	0	0	-	0	0	0	15875268021692822991	ok
noodler/syncmisuse/once-nested-deadlock	rand:2:4096	deadlock	0	0	-	0	0	0	15875268021692822991	ok
noodler/syncmisuse/recursive-read-lock	1,3,5,7,9,2,4,6,8,0	ok	0	0	-	0	0	0	3536186164770694959	ok
noodler/syncmisuse/recursive-read-lock	5,5,5,5,5,5,5,5	ok	0	0	-	0	0	0	3536186164770694959	ok
noodler/syncmisuse/recursive-read-lock	9,8,7,6,5,4,3,2,1,0	ok	0	0	-	0	0	0	3536186164770694959	ok
noodler/syncmisuse/recursive-read-lock	default	ok	0	0	-	0	0	0	3536186164770694959	ok
noodler/syncmisuse/recursive-read-lock	rand:1:4096	ok	0	0	-	0	0	0	3536186164770694959	ok
noodler/syncmisuse/recursive-read-lock	rand:2:4096	ok	0	0	-	0	0	0	3536186164770694959	ok
noodler/syncmisuse/rlock-while-write-locked	1,3,5,7,9,2,4,6,8,0	deadlock	0	0	-	0	0	0	15875268021692822991	ok
noodler/syncmisuse/rlock-while-write-locked	5,5,5,5,5,5,5,5	deadlock	0	0	-	0	0	0	15875268021692822991	ok
noodler/syncmisuse/rlock-while-write-locked	9,8,7,6,5,4,3,2,1,0	deadlock	0	0	-	0	0	0	15875268021692822991	ok
noodler/syncmisuse/rlock-while-write-locked	default	deadlock	0	0	-	0	0	0	15875268021692822991	ok
noodler/syncmisuse/rlock-while-write-locked	rand:1:4096	deadlock	0	0	-	0	0	0	15875268021692822991	ok
noodler/syncmisuse/rlock-while-write-locked	rand:2:4096	deadlock	0	0	-	0	0	0	15875268021692822991	ok
noodler/syncmisuse/runlock-of-unlocked	1,3,5,7,9,2,4,6,8,0	fatal	0	0	-	0	0	0	12265414697382169974	ok
noodler/syncmisuse/runlock-of-unlocked	5,5,5,5,5,5,5,5	fatal	0	0	-	0	0	0	12265414697382169974	ok
noodler/syncmisuse/runlock-of-unlocked	9,8,7,6,5,4,3,2,1,0	fatal	0	0	-	0	0	0	12265414697382169974	ok
noodler/syncmisuse/runlock-of-unlocked	default	fatal	0	0	-	0	0	0	12265414697382169974	ok
noodler/syncmisuse/runlock-of-unlocked	rand:1:4096	fatal	0	0	-	0	0	0	12265414697382169974	ok
noodler/syncmisuse/runlock-of-unlocked	rand:2:4096	fatal	0	0	-	0	0	0	12265414697382169974	ok
noodler/syncmisuse/unlock-from-other-goroutine	1,3,5,7,9,2,4,6,8,0	ok	11	11	l1Sched=6;l5ExitWindow=1;postOp=4	2	0	0	7745899922627479818	ok
noodler/syncmisuse/unlock-from-other-goroutine	5,5,5,5,5,5,5,5	ok	6	6	l1Sched=4;postOp=2	2	0	0	7745899922627479818	ok
noodler/syncmisuse/unlock-from-other-goroutine	9,8,7,6,5,4,3,2,1,0	ok	7	7	l1Sched=5;postOp=2	2	0	0	7745899922627479818	ok
noodler/syncmisuse/unlock-from-other-goroutine	default	ok	3	3	l1Sched=2;postOp=1	2	0	0	7745899922627479818	ok
noodler/syncmisuse/unlock-from-other-goroutine	rand:1:4096	ok	4	4	l1Sched=3;postOp=1	2	0	0	7745899922627479818	ok
noodler/syncmisuse/unlock-from-other-goroutine	rand:2:4096	ok	3	3	l1Sched=2;postOp=1	2	0	0	7745899922627479818	ok
noodler/syncmisuse/unlock-of-unlocked-rw	1,3,5,7,9,2,4,6,8,0	fatal	0	0	-	0	0	0	9704634903272110764	ok
noodler/syncmisuse/unlock-of-unlocked-rw	5,5,5,5,5,5,5,5	fatal	0	0	-	0	0	0	9704634903272110764	ok
noodler/syncmisuse/unlock-of-unlocked-rw	9,8,7,6,5,4,3,2,1,0	fatal	0	0	-	0	0	0	9704634903272110764	ok
noodler/syncmisuse/unlock-of-unlocked-rw	default	fatal	0	0	-	0	0	0	9704634903272110764	ok
noodler/syncmisuse/unlock-of-unlocked-rw	rand:1:4096	fatal	0	0	-	0	0	0	9704634903272110764	ok
noodler/syncmisuse/unlock-of-unlocked-rw	rand:2:4096	fatal	0	0	-	0	0	0	9704634903272110764	ok
noodler/syncmisuse/waitgroup-reuse	1,3,5,7,9,2,4,6,8,0	ok	19	19	l1Sched=13;postOp=6	3	0	0	15914763787541259693	ok
noodler/syncmisuse/waitgroup-reuse	5,5,5,5,5,5,5,5	ok	23	23	l1Sched=16;postOp=7	3	0	0	15914763787541259693	ok
noodler/syncmisuse/waitgroup-reuse	9,8,7,6,5,4,3,2,1,0	ok	22	22	l1Sched=15;postOp=7	3	0	0	15914763787541259693	ok
noodler/syncmisuse/waitgroup-reuse	default	ok	20	20	l1Sched=14;postOp=6	3	0	0	15914763787541259693	ok
noodler/syncmisuse/waitgroup-reuse	rand:1:4096	ok	29	29	l1Sched=19;postOp=10	3	0	0	15914763787541259693	ok
noodler/syncmisuse/waitgroup-reuse	rand:2:4096	ok	33	33	l1Sched=21;postOp=11;backEdge=1	3	0	0	15914763787541259693	ok
noodler/syncmisuse/wait-on-zero-counter	1,3,5,7,9,2,4,6,8,0	ok	0	0	-	0	0	0	9465287607422978637	ok
noodler/syncmisuse/wait-on-zero-counter	5,5,5,5,5,5,5,5	ok	0	0	-	0	0	0	9465287607422978637	ok
noodler/syncmisuse/wait-on-zero-counter	9,8,7,6,5,4,3,2,1,0	ok	0	0	-	0	0	0	9465287607422978637	ok
noodler/syncmisuse/wait-on-zero-counter	default	ok	0	0	-	0	0	0	9465287607422978637	ok
noodler/syncmisuse/wait-on-zero-counter	rand:1:4096	ok	0	0	-	0	0	0	9465287607422978637	ok
noodler/syncmisuse/wait-on-zero-counter	rand:2:4096	ok	0	0	-	0	0	0	9465287607422978637	ok
race/atomics-free/atomic-vs-atomic	1,3,5,7,9,2,4,6,8,0	ok	11	11	l1Sched=7;postOp=4	2	0	0	11457283280696430040	ok
race/atomics-free/atomic-vs-atomic	5,5,5,5,5,5,5,5	ok	15	15	l1Sched=10;postOp=5	3	0	0	11457283280696430040	ok
race/atomics-free/atomic-vs-atomic	9,8,7,6,5,4,3,2,1,0	ok	14	14	l1Sched=9;postOp=5	2	0	0	11457283280696430040	ok
race/atomics-free/atomic-vs-atomic	default	ok	12	12	l1Sched=9;postOp=3	3	0	0	11457283280696430040	ok
race/atomics-free/atomic-vs-atomic	rand:1:4096	ok	18	18	l1Sched=12;postOp=6	3	0	0	11457283280696430040	ok
race/atomics-free/atomic-vs-atomic	rand:2:4096	ok	13	13	l1Sched=10;postOp=3	3	0	0	11457283280696430040	ok
race/atomics-free/plain-read-vs-load	1,3,5,7,9,2,4,6,8,0	ok	7	7	l1Sched=4;l5ExitWindow=1;postOp=2	2	0	0	3536186164770694959	ok
race/atomics-free/plain-read-vs-load	5,5,5,5,5,5,5,5	ok	6	6	l1Sched=4;postOp=2	2	0	0	3536186164770694959	ok
race/atomics-free/plain-read-vs-load	9,8,7,6,5,4,3,2,1,0	ok	8	8	l1Sched=4;l5ExitWindow=2;postOp=2	2	0	0	3536186164770694959	ok
race/atomics-free/plain-read-vs-load	default	ok	3	3	l1Sched=2;postOp=1	2	0	0	3536186164770694959	ok
race/atomics-free/plain-read-vs-load	rand:1:4096	ok	4	4	l1Sched=3;postOp=1	2	0	0	3536186164770694959	ok
race/atomics-free/plain-read-vs-load	rand:2:4096	ok	3	3	l1Sched=2;postOp=1	2	0	0	3536186164770694959	ok
race/atomics-free/publish-acquire	1,3,5,7,9,2,4,6,8,0	ok	4	4	l1Sched=3;postOp=1	2	0	0	12001011276398221595	ok
race/atomics-free/publish-acquire	5,5,5,5,5,5,5,5	ok	4	4	l1Sched=3;postOp=1	2	0	0	12001011276398221595	ok
race/atomics-free/publish-acquire	9,8,7,6,5,4,3,2,1,0	ok	4	4	l1Sched=3;postOp=1	2	0	0	12001011276398221595	ok
race/atomics-free/publish-acquire	default	ok	4	4	l1Sched=2;l5ExitWindow=1;postOp=1	2	0	0	13191274251163326272	ok
race/atomics-free/publish-acquire	rand:1:4096	ok	5	5	l1Sched=3;l5ExitWindow=1;postOp=1	2	0	0	13191274251163326272	ok
race/atomics-free/publish-acquire	rand:2:4096	ok	4	4	l1Sched=2;l5ExitWindow=1;postOp=1	2	0	0	13191274251163326272	ok
race/atomics-free/rmw-acquire	1,3,5,7,9,2,4,6,8,0	ok	4	4	l1Sched=3;postOp=1	2	0	0	12001011276398221595	ok
race/atomics-free/rmw-acquire	5,5,5,5,5,5,5,5	ok	4	4	l1Sched=3;postOp=1	2	0	0	12001011276398221595	ok
race/atomics-free/rmw-acquire	9,8,7,6,5,4,3,2,1,0	ok	4	4	l1Sched=3;postOp=1	2	0	0	12001011276398221595	ok
race/atomics-free/rmw-acquire	default	ok	4	4	l1Sched=2;l5ExitWindow=1;postOp=1	2	0	0	13191274251163326272	ok
race/atomics-free/rmw-acquire	rand:1:4096	ok	5	5	l1Sched=3;l5ExitWindow=1;postOp=1	2	0	0	13191274251163326272	ok
race/atomics-free/rmw-acquire	rand:2:4096	ok	4	4	l1Sched=2;l5ExitWindow=1;postOp=1	2	0	0	13191274251163326272	ok
race/atomics-free/sibling-words	1,3,5,7,9,2,4,6,8,0	ok	6	6	l1Sched=4;postOp=2	2	0	0	7748159529120768588	ok
race/atomics-free/sibling-words	5,5,5,5,5,5,5,5	ok	7	7	l1Sched=4;postOp=3	2	0	0	7748159529120768588	ok
race/atomics-free/sibling-words	9,8,7,6,5,4,3,2,1,0	ok	6	6	l1Sched=4;postOp=2	2	0	0	7748159529120768588	ok
race/atomics-free/sibling-words	default	ok	3	3	l1Sched=2;postOp=1	2	0	0	7748159529120768588	ok
race/atomics-free/sibling-words	rand:1:4096	ok	4	4	l1Sched=3;postOp=1	2	0	0	7748159529120768588	ok
race/atomics-free/sibling-words	rand:2:4096	ok	3	3	l1Sched=2;postOp=1	2	0	0	7748159529120768588	ok
race/atomics-free/typed-sibling-field	1,3,5,7,9,2,4,6,8,0	ok	6	6	l1Sched=4;postOp=2	2	0	0	7349323590828036158	ok
race/atomics-free/typed-sibling-field	5,5,5,5,5,5,5,5	ok	7	7	l1Sched=4;postOp=3	2	0	0	7349323590828036158	ok
race/atomics-free/typed-sibling-field	9,8,7,6,5,4,3,2,1,0	ok	6	6	l1Sched=4;postOp=2	2	0	0	7349323590828036158	ok
race/atomics-free/typed-sibling-field	default	ok	3	3	l1Sched=2;postOp=1	2	0	0	7349323590828036158	ok
race/atomics-free/typed-sibling-field	rand:1:4096	ok	4	4	l1Sched=3;postOp=1	2	0	0	7349323590828036158	ok
race/atomics-free/typed-sibling-field	rand:2:4096	ok	3	3	l1Sched=2;postOp=1	2	0	0	7349323590828036158	ok
race/atomics-misuse/plain-read-vs-failed-cas	1,3,5,7,9,2,4,6,8,0	race	3	3	l1Sched=2;postOp=1	2	0	0	3976237242505103184	ok
race/atomics-misuse/plain-read-vs-failed-cas	5,5,5,5,5,5,5,5	race	3	3	l1Sched=2;postOp=1	2	0	0	3976237242505103184	ok
race/atomics-misuse/plain-read-vs-failed-cas	9,8,7,6,5,4,3,2,1,0	race	3	3	l1Sched=3	2	0	0	3976237242505103184	ok
race/atomics-misuse/plain-read-vs-failed-cas	default	race	2	2	l1Sched=2	2	0	0	3976237242505103184	ok
race/atomics-misuse/plain-read-vs-failed-cas	rand:1:4096	race	3	3	l1Sched=3	2	0	0	3976237242505103184	ok
race/atomics-misuse/plain-read-vs-failed-cas	rand:2:4096	race	2	2	l1Sched=2	2	0	0	3976237242505103184	ok
race/atomics-misuse/plain-read-vs-store	1,3,5,7,9,2,4,6,8,0	race	3	3	l1Sched=2;postOp=1	2	0	0	3976237242505103184	ok
race/atomics-misuse/plain-read-vs-store	5,5,5,5,5,5,5,5	race	3	3	l1Sched=2;postOp=1	2	0	0	3976237242505103184	ok
race/atomics-misuse/plain-read-vs-store	9,8,7,6,5,4,3,2,1,0	race	3	3	l1Sched=3	2	0	0	3976237242505103184	ok
race/atomics-misuse/plain-read-vs-store	default	race	2	2	l1Sched=2	2	0	0	3976237242505103184	ok
race/atomics-misuse/plain-read-vs-store	rand:1:4096	race	3	3	l1Sched=3	2	0	0	3976237242505103184	ok
race/atomics-misuse/plain-read-vs-store	rand:2:4096	race	2	2	l1Sched=2	2	0	0	3976237242505103184	ok
race/atomics-misuse/plain-read-vs-swap	1,3,5,7,9,2,4,6,8,0	race	3	3	l1Sched=2;postOp=1	2	0	0	3976237242505103184	ok
race/atomics-misuse/plain-read-vs-swap	5,5,5,5,5,5,5,5	race	3	3	l1Sched=2;postOp=1	2	0	0	3976237242505103184	ok
race/atomics-misuse/plain-read-vs-swap	9,8,7,6,5,4,3,2,1,0	race	3	3	l1Sched=3	2	0	0	3976237242505103184	ok
race/atomics-misuse/plain-read-vs-swap	default	race	2	2	l1Sched=2	2	0	0	3976237242505103184	ok
race/atomics-misuse/plain-read-vs-swap	rand:1:4096	race	3	3	l1Sched=3	2	0	0	3976237242505103184	ok
race/atomics-misuse/plain-read-vs-swap	rand:2:4096	race	2	2	l1Sched=2	2	0	0	3976237242505103184	ok
race/atomics-misuse/plain-write-vs-add	1,3,5,7,9,2,4,6,8,0	race	3	3	l1Sched=2;postOp=1	2	0	0	3976237242505103184	ok
race/atomics-misuse/plain-write-vs-add	5,5,5,5,5,5,5,5	race	3	3	l1Sched=2;postOp=1	2	0	0	3976237242505103184	ok
race/atomics-misuse/plain-write-vs-add	9,8,7,6,5,4,3,2,1,0	race	3	3	l1Sched=3	2	0	0	3976237242505103184	ok
race/atomics-misuse/plain-write-vs-add	default	race	2	2	l1Sched=2	2	0	0	3976237242505103184	ok
race/atomics-misuse/plain-write-vs-add	rand:1:4096	race	3	3	l1Sched=3	2	0	0	3976237242505103184	ok
race/atomics-misuse/plain-write-vs-add	rand:2:4096	race	2	2	l1Sched=2	2	0	0	3976237242505103184	ok
race/atomics-misuse/struct-copy-vs-typed-add	1,3,5,7,9,2,4,6,8,0	race	3	3	l1Sched=2;postOp=1	2	0	0	3976237242505103184	ok
race/atomics-misuse/struct-copy-vs-typed-add	5,5,5,5,5,5,5,5	race	3	3	l1Sched=2;postOp=1	2	0	0	3976237242505103184	ok
race/atomics-misuse/struct-copy-vs-typed-add	9,8,7,6,5,4,3,2,1,0	race	3	3	l1Sched=3	2	0	0	3976237242505103184	ok
race/atomics-misuse/struct-copy-vs-typed-add	default	race	2	2	l1Sched=2	2	0	0	3976237242505103184	ok
race/atomics-misuse/struct-copy-vs-typed-add	rand:1:4096	race	3	3	l1Sched=3	2	0	0	3976237242505103184	ok
race/atomics-misuse/struct-copy-vs-typed-add	rand:2:4096	race	2	2	l1Sched=2	2	0	0	3976237242505103184	ok
race/free-sync/disjoint-prims	1,3,5,7,9,2,4,6,8,0	ok	12	12	l1Sched=7;postOp=5	2	0	0	7745899922627479818	ok
race/free-sync/disjoint-prims	5,5,5,5,5,5,5,5	ok	10	10	l1Sched=5;l5ExitWindow=1;postOp=4	2	0	0	7745899922627479818	ok
race/free-sync/disjoint-prims	9,8,7,6,5,4,3,2,1,0	ok	10	10	l1Sched=5;l5ExitWindow=2;postOp=3	2	0	0	7745899922627479818	ok
race/free-sync/disjoint-prims	default	ok	7	7	l1Sched=4;postOp=3	2	0	0	7745899922627479818	ok
race/free-sync/disjoint-prims	rand:1:4096	ok	13	13	l1Sched=7;l5ExitWindow=1;postOp=5	2	0	0	7745899922627479818	ok
race/free-sync/disjoint-prims	rand:2:4096	ok	13	13	l1Sched=7;l5ExitWindow=1;postOp=5	2	0	0	7745899922627479818	ok
race/free-sync/mutex	1,3,5,7,9,2,4,6,8,0	ok	12	12	l1Sched=7;postOp=5	2	0	0	7745899922627479818	ok
race/free-sync/mutex	5,5,5,5,5,5,5,5	ok	14	14	l1Sched=7;l5ExitWindow=1;postOp=6	2	0	0	7745899922627479818	ok
race/free-sync/mutex	9,8,7,6,5,4,3,2,1,0	ok	9	9	l1Sched=6;postOp=3	2	0	0	7745899922627479818	ok
race/free-sync/mutex	default	ok	7	7	l1Sched=4;postOp=3	2	0	0	7745899922627479818	ok
race/free-sync/mutex	rand:1:4096	ok	17	17	l1Sched=9;l5ExitWindow=1;postOp=7	2	0	0	7745899922627479818	ok
race/free-sync/mutex	rand:2:4096	ok	17	17	l1Sched=9;l5ExitWindow=1;postOp=7	2	0	0	7745899922627479818	ok
race/free-sync/mutex-siblings	1,3,5,7,9,2,4,6,8,0	ok	12	12	l1Sched=7;postOp=5	2	0	0	7745899922627479818	ok
race/free-sync/mutex-siblings	5,5,5,5,5,5,5,5	ok	10	10	l1Sched=5;l5ExitWindow=1;postOp=4	2	0	0	7745899922627479818	ok
race/free-sync/mutex-siblings	9,8,7,6,5,4,3,2,1,0	ok	10	10	l1Sched=5;l5ExitWindow=2;postOp=3	2	0	0	7745899922627479818	ok
race/free-sync/mutex-siblings	default	ok	7	7	l1Sched=4;postOp=3	2	0	0	7745899922627479818	ok
race/free-sync/mutex-siblings	rand:1:4096	ok	13	13	l1Sched=7;l5ExitWindow=1;postOp=5	2	0	0	7745899922627479818	ok
race/free-sync/mutex-siblings	rand:2:4096	ok	13	13	l1Sched=7;l5ExitWindow=1;postOp=5	2	0	0	7745899922627479818	ok
race/free-sync/once-edge	1,3,5,7,9,2,4,6,8,0	ok	10	10	l1Sched=6;postOp=4	2	0	0	5223346747007361938	ok
race/free-sync/once-edge	5,5,5,5,5,5,5,5	ok	10	10	l1Sched=5;l5ExitWindow=1;postOp=4	2	0	0	5223346747007361938	ok
race/free-sync/once-edge	9,8,7,6,5,4,3,2,1,0	ok	10	10	l1Sched=5;l5ExitWindow=2;postOp=3	2	0	0	5223346747007361938	ok
race/free-sync/once-edge	default	ok	7	7	l1Sched=4;postOp=3	2	0	0	5223346747007361938	ok
race/free-sync/once-edge	rand:1:4096	ok	12	12	l1Sched=6;l5ExitWindow=2;postOp=4	2	0	0	5223346747007361938	ok
race/free-sync/once-edge	rand:2:4096	ok	12	12	l1Sched=6;l5ExitWindow=2;postOp=4	2	0	0	5223346747007361938	ok
race/free-sync/rw-copy-beside-lock	1,3,5,7,9,2,4,6,8,0	ok	8	8	l1Sched=5;postOp=3	2	0	0	13191274251163326272	ok
race/free-sync/rw-copy-beside-lock	5,5,5,5,5,5,5,5	ok	10	10	l1Sched=6;postOp=4	2	0	0	13191274251163326272	ok
race/free-sync/rw-copy-beside-lock	9,8,7,6,5,4,3,2,1,0	ok	10	10	l1Sched=6;l5ExitWindow=1;postOp=3	2	0	0	13191274251163326272	ok
race/free-sync/rw-copy-beside-lock	default	ok	6	6	l1Sched=4;postOp=2	2	0	0	13191274251163326272	ok
race/free-sync/rw-copy-beside-lock	rand:1:4096	ok	10	10	l1Sched=6;l5ExitWindow=1;postOp=3	2	0	0	13191274251163326272	ok
race/free-sync/rw-copy-beside-lock	rand:2:4096	ok	7	7	l1Sched=4;postOp=3	2	0	0	13191274251163326272	ok
race/free-sync/rw-copy-beside-rlock	1,3,5,7,9,2,4,6,8,0	ok	8	8	l1Sched=5;postOp=3	2	0	0	13191274251163326272	ok
race/free-sync/rw-copy-beside-rlock	5,5,5,5,5,5,5,5	ok	10	10	l1Sched=6;postOp=4	2	0	0	13191274251163326272	ok
race/free-sync/rw-copy-beside-rlock	9,8,7,6,5,4,3,2,1,0	ok	10	10	l1Sched=6;l5ExitWindow=1;postOp=3	2	0	0	13191274251163326272	ok
race/free-sync/rw-copy-beside-rlock	default	ok	6	6	l1Sched=4;postOp=2	2	0	0	13191274251163326272	ok
race/free-sync/rw-copy-beside-rlock	rand:1:4096	ok	10	10	l1Sched=6;l5ExitWindow=1;postOp=3	2	0	0	13191274251163326272	ok
race/free-sync/rw-copy-beside-rlock	rand:2:4096	ok	7	7	l1Sched=4;postOp=3	2	0	0	13191274251163326272	ok
race/free-sync/rw-writers	1,3,5,7,9,2,4,6,8,0	ok	13	13	l1Sched=9;postOp=4	3	0	0	11457283280696430040	ok
race/free-sync/rw-writers	5,5,5,5,5,5,5,5	ok	15	15	l1Sched=10;postOp=5	3	0	0	11457283280696430040	ok
race/free-sync/rw-writers	9,8,7,6,5,4,3,2,1,0	ok	12	12	l1Sched=8;postOp=4	2	0	0	11457283280696430040	ok
race/free-sync/rw-writers	default	ok	12	12	l1Sched=8;postOp=4	3	0	0	11457283280696430040	ok
race/free-sync/rw-writers	rand:1:4096	ok	15	15	l1Sched=10;postOp=5	3	0	0	11457283280696430040	ok
race/free-sync/rw-writers	rand:2:4096	ok	15	15	l1Sched=10;postOp=5	3	0	0	11457283280696430040	ok
race/free-sync/wg-edge	1,3,5,7,9,2,4,6,8,0	ok	4	4	l1Sched=3;postOp=1	2	0	0	5223346747007361938	ok
race/free-sync/wg-edge	5,5,5,5,5,5,5,5	ok	4	4	l1Sched=3;postOp=1	2	0	0	5223346747007361938	ok
race/free-sync/wg-edge	9,8,7,6,5,4,3,2,1,0	ok	4	4	l1Sched=3;postOp=1	2	0	0	5223346747007361938	ok
race/free-sync/wg-edge	default	ok	3	3	l1Sched=2;postOp=1	2	0	0	5223346747007361938	ok
race/free-sync/wg-edge	rand:1:4096	ok	4	4	l1Sched=3;postOp=1	2	0	0	5223346747007361938	ok
race/free-sync/wg-edge	rand:2:4096	ok	3	3	l1Sched=2;postOp=1	2	0	0	5223346747007361938	ok
race/gomem-only/rw-copy-vs-runlock	1,3,5,7,9,2,4,6,8,0	race	3	3	l1Sched=2;postOp=1	2	0	0	3976237242505103184	ok
race/gomem-only/rw-copy-vs-runlock	5,5,5,5,5,5,5,5	race	3	3	l1Sched=2;postOp=1	2	0	0	3976237242505103184	ok
race/gomem-only/rw-copy-vs-runlock	9,8,7,6,5,4,3,2,1,0	race	3	3	l1Sched=3	2	0	0	3976237242505103184	ok
race/gomem-only/rw-copy-vs-runlock	default	race	2	2	l1Sched=2	2	0	0	3976237242505103184	ok
race/gomem-only/rw-copy-vs-runlock	rand:1:4096	race	3	3	l1Sched=3	2	0	0	3976237242505103184	ok
race/gomem-only/rw-copy-vs-runlock	rand:2:4096	race	2	2	l1Sched=2	2	0	0	3976237242505103184	ok
race/gomem-only/rw-copy-vs-unlock	1,3,5,7,9,2,4,6,8,0	race	3	3	l1Sched=2;postOp=1	2	0	0	3976237242505103184	ok
race/gomem-only/rw-copy-vs-unlock	5,5,5,5,5,5,5,5	race	3	3	l1Sched=2;postOp=1	2	0	0	3976237242505103184	ok
race/gomem-only/rw-copy-vs-unlock	9,8,7,6,5,4,3,2,1,0	race	3	3	l1Sched=3	2	0	0	3976237242505103184	ok
race/gomem-only/rw-copy-vs-unlock	default	race	2	2	l1Sched=2	2	0	0	3976237242505103184	ok
race/gomem-only/rw-copy-vs-unlock	rand:1:4096	race	3	3	l1Sched=3	2	0	0	3976237242505103184	ok
race/gomem-only/rw-copy-vs-unlock	rand:2:4096	race	2	2	l1Sched=2	2	0	0	3976237242505103184	ok
race/gomem-only/wg-copy-vs-add-from-0	1,3,5,7,9,2,4,6,8,0	race	3	3	l1Sched=2;postOp=1	2	0	0	3976237242505103184	ok
race/gomem-only/wg-copy-vs-add-from-0	5,5,5,5,5,5,5,5	race	3	3	l1Sched=2;postOp=1	2	0	0	3976237242505103184	ok
race/gomem-only/wg-copy-vs-add-from-0	9,8,7,6,5,4,3,2,1,0	race	3	3	l1Sched=3	2	0	0	3976237242505103184	ok
race/gomem-only/wg-copy-vs-add-from-0	default	race	2	2	l1Sched=2	2	0	0	3976237242505103184	ok
race/gomem-only/wg-copy-vs-add-from-0	rand:1:4096	race	3	3	l1Sched=3	2	0	0	3976237242505103184	ok
race/gomem-only/wg-copy-vs-add-from-0	rand:2:4096	race	2	2	l1Sched=2	2	0	0	3976237242505103184	ok
race/gomem-only/wg-copy-vs-done	1,3,5,7,9,2,4,6,8,0	race	3	3	l1Sched=2;postOp=1	2	0	0	3976237242505103184	ok
race/gomem-only/wg-copy-vs-done	5,5,5,5,5,5,5,5	race	3	3	l1Sched=2;postOp=1	2	0	0	3976237242505103184	ok
race/gomem-only/wg-copy-vs-done	9,8,7,6,5,4,3,2,1,0	race	3	3	l1Sched=3	2	0	0	3976237242505103184	ok
race/gomem-only/wg-copy-vs-done	default	race	2	2	l1Sched=2	2	0	0	3976237242505103184	ok
race/gomem-only/wg-copy-vs-done	rand:1:4096	race	3	3	l1Sched=3	2	0	0	3976237242505103184	ok
race/gomem-only/wg-copy-vs-done	rand:2:4096	race	2	2	l1Sched=2	2	0	0	3976237242505103184	ok
race/gomem-only/wg-overwrite-vs-wait-at-0	1,3,5,7,9,2,4,6,8,0	race	3	3	l1Sched=2;postOp=1	2	0	0	3976237242505103184	ok
race/gomem-only/wg-overwrite-vs-wait-at-0	5,5,5,5,5,5,5,5	race	3	3	l1Sched=2;postOp=1	2	0	0	3976237242505103184	ok
race/gomem-only/wg-overwrite-vs-wait-at-0	9,8,7,6,5,4,3,2,1,0	race	3	3	l1Sched=3	2	0	0	3976237242505103184	ok
race/gomem-only/wg-overwrite-vs-wait-at-0	default	race	2	2	l1Sched=2	2	0	0	3976237242505103184	ok
race/gomem-only/wg-overwrite-vs-wait-at-0	rand:1:4096	race	3	3	l1Sched=3	2	0	0	3976237242505103184	ok
race/gomem-only/wg-overwrite-vs-wait-at-0	rand:2:4096	race	2	2	l1Sched=2	2	0	0	3976237242505103184	ok
race/negative-sync/mutex-copy	1,3,5,7,9,2,4,6,8,0	race	3	3	l1Sched=2;postOp=1	2	0	0	3976237242505103184	ok
race/negative-sync/mutex-copy	5,5,5,5,5,5,5,5	race	3	3	l1Sched=2;postOp=1	2	0	0	3976237242505103184	ok
race/negative-sync/mutex-copy	9,8,7,6,5,4,3,2,1,0	race	3	3	l1Sched=3	2	0	0	3976237242505103184	ok
race/negative-sync/mutex-copy	default	race	2	2	l1Sched=2	2	0	0	3976237242505103184	ok
race/negative-sync/mutex-copy	rand:1:4096	race	3	3	l1Sched=3	2	0	0	3976237242505103184	ok
race/negative-sync/mutex-copy	rand:2:4096	race	2	2	l1Sched=2	2	0	0	3976237242505103184	ok
race/negative-sync/once-copy	1,3,5,7,9,2,4,6,8,0	race	3	3	l1Sched=2;postOp=1	2	0	0	3976237242505103184	ok
race/negative-sync/once-copy	5,5,5,5,5,5,5,5	race	3	3	l1Sched=2;postOp=1	2	0	0	3976237242505103184	ok
race/negative-sync/once-copy	9,8,7,6,5,4,3,2,1,0	race	3	3	l1Sched=3	2	0	0	3976237242505103184	ok
race/negative-sync/once-copy	default	race	2	2	l1Sched=2	2	0	0	3976237242505103184	ok
race/negative-sync/once-copy	rand:1:4096	race	3	3	l1Sched=3	2	0	0	3976237242505103184	ok
race/negative-sync/once-copy	rand:2:4096	race	2	2	l1Sched=2	2	0	0	3976237242505103184	ok
race/negative-sync/one-side	1,3,5,7,9,2,4,6,8,0	race	4	4	l1Sched=3;postOp=1	2	0	0	3976237242505103184	ok
race/negative-sync/one-side	5,5,5,5,5,5,5,5	race	4	4	l1Sched=3;postOp=1	2	0	0	3976237242505103184	ok
race/negative-sync/one-side	9,8,7,6,5,4,3,2,1,0	race	4	4	l1Sched=3;postOp=1	2	0	0	3976237242505103184	ok
race/negative-sync/one-side	default	race	2	2	l1Sched=2	2	0	0	3976237242505103184	ok
race/negative-sync/one-side	rand:1:4096	race	3	3	l1Sched=3	2	0	0	3976237242505103184	ok
race/negative-sync/one-side	rand:2:4096	race	2	2	l1Sched=2	2	0	0	3976237242505103184	ok
race/negative-sync/rlock-serialized	1,3,5,7,9,2,4,6,8,0	race	12	12	l1Sched=9;postOp=3	3	0	0	3976237242505103184	ok
race/negative-sync/rlock-serialized	5,5,5,5,5,5,5,5	race	9	9	l1Sched=6;postOp=3	3	0	0	3976237242505103184	ok
race/negative-sync/rlock-serialized	9,8,7,6,5,4,3,2,1,0	race	11	11	l1Sched=8;postOp=3	2	0	0	3976237242505103184	ok
race/negative-sync/rlock-serialized	default	race	11	11	l1Sched=8;postOp=3	3	0	0	3976237242505103184	ok
race/negative-sync/rlock-serialized	rand:1:4096	race	10	10	l1Sched=8;postOp=2	3	0	0	3976237242505103184	ok
race/negative-sync/rlock-serialized	rand:2:4096	race	12	12	l1Sched=9;postOp=3	3	0	0	3976237242505103184	ok
race/negative-sync/rw-overwrite	1,3,5,7,9,2,4,6,8,0	race	3	3	l1Sched=2;postOp=1	2	0	0	3976237242505103184	ok
race/negative-sync/rw-overwrite	5,5,5,5,5,5,5,5	race	3	3	l1Sched=2;postOp=1	2	0	0	3976237242505103184	ok
race/negative-sync/rw-overwrite	9,8,7,6,5,4,3,2,1,0	race	3	3	l1Sched=3	2	0	0	3976237242505103184	ok
race/negative-sync/rw-overwrite	default	race	2	2	l1Sched=2	2	0	0	3976237242505103184	ok
race/negative-sync/rw-overwrite	rand:1:4096	race	3	3	l1Sched=3	2	0	0	3976237242505103184	ok
race/negative-sync/rw-overwrite	rand:2:4096	race	2	2	l1Sched=2	2	0	0	3976237242505103184	ok
race/negative-sync/wg-no-edge	1,3,5,7,9,2,4,6,8,0	race	4	4	l1Sched=3;postOp=1	2	0	0	3976237242505103184	ok
race/negative-sync/wg-no-edge	5,5,5,5,5,5,5,5	race	4	4	l1Sched=3;postOp=1	2	0	0	3976237242505103184	ok
race/negative-sync/wg-no-edge	9,8,7,6,5,4,3,2,1,0	race	4	4	l1Sched=3;postOp=1	2	0	0	3976237242505103184	ok
race/negative-sync/wg-no-edge	default	race	2	2	l1Sched=2	2	0	0	3976237242505103184	ok
race/negative-sync/wg-no-edge	rand:1:4096	race	3	3	l1Sched=3	2	0	0	3976237242505103184	ok
race/negative-sync/wg-no-edge	rand:2:4096	race	2	2	l1Sched=2	2	0	0	3976237242505103184	ok
race/negative-sync/wg-overwrite	1,3,5,7,9,2,4,6,8,0	race	3	3	l1Sched=2;postOp=1	2	0	0	3976237242505103184	ok
race/negative-sync/wg-overwrite	5,5,5,5,5,5,5,5	race	3	3	l1Sched=2;postOp=1	2	0	0	3976237242505103184	ok
race/negative-sync/wg-overwrite	9,8,7,6,5,4,3,2,1,0	race	3	3	l1Sched=3	2	0	0	3976237242505103184	ok
race/negative-sync/wg-overwrite	default	race	2	2	l1Sched=2	2	0	0	3976237242505103184	ok
race/negative-sync/wg-overwrite	rand:1:4096	race	3	3	l1Sched=3	2	0	0	3976237242505103184	ok
race/negative-sync/wg-overwrite	rand:2:4096	race	2	2	l1Sched=2	2	0	0	3976237242505103184	ok
sync/atomic-frontier/add-load-store	1,3,5,7,9,2,4,6,8,0	ok	0	0	-	0	0	0	14964880514937082146	ok
sync/atomic-frontier/add-load-store	5,5,5,5,5,5,5,5	ok	0	0	-	0	0	0	14964880514937082146	ok
sync/atomic-frontier/add-load-store	9,8,7,6,5,4,3,2,1,0	ok	0	0	-	0	0	0	14964880514937082146	ok
sync/atomic-frontier/add-load-store	default	ok	0	0	-	0	0	0	14964880514937082146	ok
sync/atomic-frontier/add-load-store	rand:1:4096	ok	0	0	-	0	0	0	14964880514937082146	ok
sync/atomic-frontier/add-load-store	rand:2:4096	ok	0	0	-	0	0	0	14964880514937082146	ok
sync/atomic-frontier/cas	1,3,5,7,9,2,4,6,8,0	ok	0	0	-	0	0	0	10004586929259609319	ok
sync/atomic-frontier/cas	5,5,5,5,5,5,5,5	ok	0	0	-	0	0	0	10004586929259609319	ok
sync/atomic-frontier/cas	9,8,7,6,5,4,3,2,1,0	ok	0	0	-	0	0	0	10004586929259609319	ok
sync/atomic-frontier/cas	default	ok	0	0	-	0	0	0	10004586929259609319	ok
sync/atomic-frontier/cas	rand:1:4096	ok	0	0	-	0	0	0	10004586929259609319	ok
sync/atomic-frontier/cas	rand:2:4096	ok	0	0	-	0	0	0	10004586929259609319	ok
sync/atomic-frontier/mp-litmus	1,3,5,7,9,2,4,6,8,0	ok	6	6	l1Sched=4;postOp=2	2	0	0	9472889804574330896	ok
sync/atomic-frontier/mp-litmus	5,5,5,5,5,5,5,5	ok	7	7	l1Sched=4;postOp=3	2	0	0	9472889804574330896	ok
sync/atomic-frontier/mp-litmus	9,8,7,6,5,4,3,2,1,0	ok	6	6	l1Sched=4;postOp=2	2	0	0	9472889804574330896	ok
sync/atomic-frontier/mp-litmus	default	ok	6	6	l1Sched=3;l5ExitWindow=1;postOp=2	2	0	0	13191274251163326272	ok
sync/atomic-frontier/mp-litmus	rand:1:4096	ok	10	10	l1Sched=5;l5ExitWindow=2;postOp=3	2	0	0	13191274251163326272	ok
sync/atomic-frontier/mp-litmus	rand:2:4096	ok	10	10	l1Sched=5;l5ExitWindow=2;postOp=3	2	0	0	13191274251163326272	ok
sync/atomic-frontier/swap	1,3,5,7,9,2,4,6,8,0	ok	0	0	-	0	0	0	2885598883194553621	ok
sync/atomic-frontier/swap	5,5,5,5,5,5,5,5	ok	0	0	-	0	0	0	2885598883194553621	ok
sync/atomic-frontier/swap	9,8,7,6,5,4,3,2,1,0	ok	0	0	-	0	0	0	2885598883194553621	ok
sync/atomic-frontier/swap	default	ok	0	0	-	0	0	0	2885598883194553621	ok
sync/atomic-frontier/swap	rand:1:4096	ok	0	0	-	0	0	0	2885598883194553621	ok
sync/atomic-frontier/swap	rand:2:4096	ok	0	0	-	0	0	0	2885598883194553621	ok
sync/atomic-frontier/value	1,3,5,7,9,2,4,6,8,0	unsupported	0	0	-	0	0	0	12359091797302204303	ok
sync/atomic-frontier/value	5,5,5,5,5,5,5,5	unsupported	0	0	-	0	0	0	12359091797302204303	ok
sync/atomic-frontier/value	9,8,7,6,5,4,3,2,1,0	unsupported	0	0	-	0	0	0	12359091797302204303	ok
sync/atomic-frontier/value	default	unsupported	0	0	-	0	0	0	12359091797302204303	ok
sync/atomic-frontier/value	rand:1:4096	unsupported	0	0	-	0	0	0	12359091797302204303	ok
sync/atomic-frontier/value	rand:2:4096	unsupported	0	0	-	0	0	0	12359091797302204303	ok
sync/composite-literal/lit-in-composite	1,3,5,7,9,2,4,6,8,0	ok	0	0	-	0	0	0	14759596508353255897	ok
sync/composite-literal/lit-in-composite	5,5,5,5,5,5,5,5	ok	0	0	-	0	0	0	14759596508353255897	ok
sync/composite-literal/lit-in-composite	9,8,7,6,5,4,3,2,1,0	ok	0	0	-	0	0	0	14759596508353255897	ok
sync/composite-literal/lit-in-composite	default	ok	0	0	-	0	0	0	14759596508353255897	ok
sync/composite-literal/lit-in-composite	rand:1:4096	ok	0	0	-	0	0	0	14759596508353255897	ok
sync/composite-literal/lit-in-composite	rand:2:4096	ok	0	0	-	0	0	0	14759596508353255897	ok
sync/composite-literal/mutex-addr-lit	1,3,5,7,9,2,4,6,8,0	ok	0	0	-	0	0	0	7748159529120768588	ok
sync/composite-literal/mutex-addr-lit	5,5,5,5,5,5,5,5	ok	0	0	-	0	0	0	7748159529120768588	ok
sync/composite-literal/mutex-addr-lit	9,8,7,6,5,4,3,2,1,0	ok	0	0	-	0	0	0	7748159529120768588	ok
sync/composite-literal/mutex-addr-lit	default	ok	0	0	-	0	0	0	7748159529120768588	ok
sync/composite-literal/mutex-addr-lit	rand:1:4096	ok	0	0	-	0	0	0	7748159529120768588	ok
sync/composite-literal/mutex-addr-lit	rand:2:4096	ok	0	0	-	0	0	0	7748159529120768588	ok
sync/composite-literal/once-value-lit	1,3,5,7,9,2,4,6,8,0	ok	0	0	-	0	0	0	11457283280696430040	ok
sync/composite-literal/once-value-lit	5,5,5,5,5,5,5,5	ok	0	0	-	0	0	0	11457283280696430040	ok
sync/composite-literal/once-value-lit	9,8,7,6,5,4,3,2,1,0	ok	0	0	-	0	0	0	11457283280696430040	ok
sync/composite-literal/once-value-lit	default	ok	0	0	-	0	0	0	11457283280696430040	ok
sync/composite-literal/once-value-lit	rand:1:4096	ok	0	0	-	0	0	0	11457283280696430040	ok
sync/composite-literal/once-value-lit	rand:2:4096	ok	0	0	-	0	0	0	11457283280696430040	ok
sync/composite-literal/rwmutex-addr-lit	1,3,5,7,9,2,4,6,8,0	ok	0	0	-	0	0	0	3536186164770694959	ok
sync/composite-literal/rwmutex-addr-lit	5,5,5,5,5,5,5,5	ok	0	0	-	0	0	0	3536186164770694959	ok
sync/composite-literal/rwmutex-addr-lit	9,8,7,6,5,4,3,2,1,0	ok	0	0	-	0	0	0	3536186164770694959	ok
sync/composite-literal/rwmutex-addr-lit	default	ok	0	0	-	0	0	0	3536186164770694959	ok
sync/composite-literal/rwmutex-addr-lit	rand:1:4096	ok	0	0	-	0	0	0	3536186164770694959	ok
sync/composite-literal/rwmutex-addr-lit	rand:2:4096	ok	0	0	-	0	0	0	3536186164770694959	ok
sync/composite-literal/waitgroup-value-lit	1,3,5,7,9,2,4,6,8,0	ok	0	0	-	0	0	0	7745899922627479818	ok
sync/composite-literal/waitgroup-value-lit	5,5,5,5,5,5,5,5	ok	0	0	-	0	0	0	7745899922627479818	ok
sync/composite-literal/waitgroup-value-lit	9,8,7,6,5,4,3,2,1,0	ok	0	0	-	0	0	0	7745899922627479818	ok
sync/composite-literal/waitgroup-value-lit	default	ok	0	0	-	0	0	0	7745899922627479818	ok
sync/composite-literal/waitgroup-value-lit	rand:1:4096	ok	0	0	-	0	0	0	7745899922627479818	ok
sync/composite-literal/waitgroup-value-lit	rand:2:4096	ok	0	0	-	0	0	0	7745899922627479818	ok
sync/escapes/defer-embedded	1,3,5,7,9,2,4,6,8,0	ok	0	0	-	0	0	0	7748159529120768588	ok
sync/escapes/defer-embedded	5,5,5,5,5,5,5,5	ok	0	0	-	0	0	0	7748159529120768588	ok
sync/escapes/defer-embedded	9,8,7,6,5,4,3,2,1,0	ok	0	0	-	0	0	0	7748159529120768588	ok
sync/escapes/defer-embedded	default	ok	0	0	-	0	0	0	7748159529120768588	ok
sync/escapes/defer-embedded	rand:1:4096	ok	0	0	-	0	0	0	7748159529120768588	ok
sync/escapes/defer-embedded	rand:2:4096	ok	0	0	-	0	0	0	7748159529120768588	ok
sync/escapes/go-stmt	1,3,5,7,9,2,4,6,8,0	ok	4	4	l1Sched=3;postOp=1	2	0	0	11457283280696430040	ok
sync/escapes/go-stmt	5,5,5,5,5,5,5,5	ok	4	4	l1Sched=3;postOp=1	2	0	0	11457283280696430040	ok
sync/escapes/go-stmt	9,8,7,6,5,4,3,2,1,0	ok	4	4	l1Sched=3;postOp=1	2	0	0	11457283280696430040	ok
sync/escapes/go-stmt	default	ok	3	3	l1Sched=2;postOp=1	2	0	0	11457283280696430040	ok
sync/escapes/go-stmt	rand:1:4096	ok	4	4	l1Sched=3;postOp=1	2	0	0	11457283280696430040	ok
sync/escapes/go-stmt	rand:2:4096	ok	3	3	l1Sched=2;postOp=1	2	0	0	11457283280696430040	ok
sync/escapes/method-value	1,3,5,7,9,2,4,6,8,0	ok	0	0	-	0	0	0	7745899922627479818	ok
sync/escapes/method-value	5,5,5,5,5,5,5,5	ok	0	0	-	0	0	0	7745899922627479818	ok
sync/escapes/method-value	9,8,7,6,5,4,3,2,1,0	ok	0	0	-	0	0	0	7745899922627479818	ok
sync/escapes/method-value-add-arg	1,3,5,7,9,2,4,6,8,0	ok	0	0	-	0	0	0	9465287607422978637	ok
sync/escapes/method-value-add-arg	5,5,5,5,5,5,5,5	ok	0	0	-	0	0	0	9465287607422978637	ok
sync/escapes/method-value-add-arg	9,8,7,6,5,4,3,2,1,0	ok	0	0	-	0	0	0	9465287607422978637	ok
sync/escapes/method-value-add-arg	default	ok	0	0	-	0	0	0	9465287607422978637	ok
sync/escapes/method-value-add-arg	rand:1:4096	ok	0	0	-	0	0	0	9465287607422978637	ok
sync/escapes/method-value-add-arg	rand:2:4096	ok	0	0	-	0	0	0	9465287607422978637	ok
sync/escapes/method-value	default	ok	0	0	-	0	0	0	7745899922627479818	ok
sync/escapes/method-value-negative-panic	1,3,5,7,9,2,4,6,8,0	panic	0	0	-	0	0	0	4755693936202375512	ok
sync/escapes/method-value-negative-panic	5,5,5,5,5,5,5,5	panic	0	0	-	0	0	0	4755693936202375512	ok
sync/escapes/method-value-negative-panic	9,8,7,6,5,4,3,2,1,0	panic	0	0	-	0	0	0	4755693936202375512	ok
sync/escapes/method-value-negative-panic	default	panic	0	0	-	0	0	0	4755693936202375512	ok
sync/escapes/method-value-negative-panic	rand:1:4096	panic	0	0	-	0	0	0	4755693936202375512	ok
sync/escapes/method-value-negative-panic	rand:2:4096	panic	0	0	-	0	0	0	4755693936202375512	ok
sync/escapes/method-value	rand:1:4096	ok	0	0	-	0	0	0	7745899922627479818	ok
sync/escapes/method-value	rand:2:4096	ok	0	0	-	0	0	0	7745899922627479818	ok
sync/escapes/once-do-method-value	1,3,5,7,9,2,4,6,8,0	ok	0	0	-	0	0	0	7745899922627479818	ok
sync/escapes/once-do-method-value	5,5,5,5,5,5,5,5	ok	0	0	-	0	0	0	7745899922627479818	ok
sync/escapes/once-do-method-value	9,8,7,6,5,4,3,2,1,0	ok	0	0	-	0	0	0	7745899922627479818	ok
sync/escapes/once-do-method-value	default	ok	0	0	-	0	0	0	7745899922627479818	ok
sync/escapes/once-do-method-value	rand:1:4096	ok	0	0	-	0	0	0	7745899922627479818	ok
sync/escapes/once-do-method-value	rand:2:4096	ok	0	0	-	0	0	0	7745899922627479818	ok
sync/escapes/paren-forms	1,3,5,7,9,2,4,6,8,0	ok	0	0	-	0	0	0	16820878732128211708	ok
sync/escapes/paren-forms	5,5,5,5,5,5,5,5	ok	0	0	-	0	0	0	16820878732128211708	ok
sync/escapes/paren-forms	9,8,7,6,5,4,3,2,1,0	ok	0	0	-	0	0	0	16820878732128211708	ok
sync/escapes/paren-forms	default	ok	0	0	-	0	0	0	16820878732128211708	ok
sync/escapes/paren-forms	rand:1:4096	ok	0	0	-	0	0	0	16820878732128211708	ok
sync/escapes/paren-forms	rand:2:4096	ok	0	0	-	0	0	0	16820878732128211708	ok
sync/escapes/passed-callback	1,3,5,7,9,2,4,6,8,0	ok	0	0	-	0	0	0	7349323590828036158	ok
sync/escapes/passed-callback	5,5,5,5,5,5,5,5	ok	0	0	-	0	0	0	7349323590828036158	ok
sync/escapes/passed-callback	9,8,7,6,5,4,3,2,1,0	ok	0	0	-	0	0	0	7349323590828036158	ok
sync/escapes/passed-callback	default	ok	0	0	-	0	0	0	7349323590828036158	ok
sync/escapes/passed-callback	rand:1:4096	ok	0	0	-	0	0	0	7349323590828036158	ok
sync/escapes/passed-callback	rand:2:4096	ok	0	0	-	0	0	0	7349323590828036158	ok
sync/escapes/promoted	1,3,5,7,9,2,4,6,8,0	ok	0	0	-	0	0	0	3536186164770694959	ok
sync/escapes/promoted	5,5,5,5,5,5,5,5	ok	0	0	-	0	0	0	3536186164770694959	ok
sync/escapes/promoted	9,8,7,6,5,4,3,2,1,0	ok	0	0	-	0	0	0	3536186164770694959	ok
sync/escapes/promoted	default	ok	0	0	-	0	0	0	3536186164770694959	ok
sync/escapes/promoted-method-value	1,3,5,7,9,2,4,6,8,0	ok	0	0	-	0	0	0	14759596508353255897	ok
sync/escapes/promoted-method-value	5,5,5,5,5,5,5,5	ok	0	0	-	0	0	0	14759596508353255897	ok
sync/escapes/promoted-method-value	9,8,7,6,5,4,3,2,1,0	ok	0	0	-	0	0	0	14759596508353255897	ok
sync/escapes/promoted-method-value	default	ok	0	0	-	0	0	0	14759596508353255897	ok
sync/escapes/promoted-method-value	rand:1:4096	ok	0	0	-	0	0	0	14759596508353255897	ok
sync/escapes/promoted-method-value	rand:2:4096	ok	0	0	-	0	0	0	14759596508353255897	ok
sync/escapes/promoted	rand:1:4096	ok	0	0	-	0	0	0	3536186164770694959	ok
sync/escapes/promoted	rand:2:4096	ok	0	0	-	0	0	0	3536186164770694959	ok
sync/iface-dispatch/locker-box-dispatch	1,3,5,7,9,2,4,6,8,0	ok	0	0	-	0	0	0	3898625044913103366	ok
sync/iface-dispatch/locker-box-dispatch	5,5,5,5,5,5,5,5	ok	0	0	-	0	0	0	3898625044913103366	ok
sync/iface-dispatch/locker-box-dispatch	9,8,7,6,5,4,3,2,1,0	ok	0	0	-	0	0	0	3898625044913103366	ok
sync/iface-dispatch/locker-box-dispatch	default	ok	0	0	-	0	0	0	3898625044913103366	ok
sync/iface-dispatch/locker-box-dispatch	rand:1:4096	ok	0	0	-	0	0	0	3898625044913103366	ok
sync/iface-dispatch/locker-box-dispatch	rand:2:4096	ok	0	0	-	0	0	0	3898625044913103366	ok
sync/iface-dispatch/locker-double-lock	1,3,5,7,9,2,4,6,8,0	deadlock	0	0	-	0	0	0	15875268021692822991	ok
sync/iface-dispatch/locker-double-lock	5,5,5,5,5,5,5,5	deadlock	0	0	-	0	0	0	15875268021692822991	ok
sync/iface-dispatch/locker-double-lock	9,8,7,6,5,4,3,2,1,0	deadlock	0	0	-	0	0	0	15875268021692822991	ok
sync/iface-dispatch/locker-double-lock	default	deadlock	0	0	-	0	0	0	15875268021692822991	ok
sync/iface-dispatch/locker-double-lock	rand:1:4096	deadlock	0	0	-	0	0	0	15875268021692822991	ok
sync/iface-dispatch/locker-double-lock	rand:2:4096	deadlock	0	0	-	0	0	0	15875268021692822991	ok
sync/iface-dispatch/mutex-user-iface	1,3,5,7,9,2,4,6,8,0	ok	0	0	-	0	0	0	5223346747007361938	ok
sync/iface-dispatch/mutex-user-iface	5,5,5,5,5,5,5,5	ok	0	0	-	0	0	0	5223346747007361938	ok
sync/iface-dispatch/mutex-user-iface	9,8,7,6,5,4,3,2,1,0	ok	0	0	-	0	0	0	5223346747007361938	ok
sync/iface-dispatch/mutex-user-iface	default	ok	0	0	-	0	0	0	5223346747007361938	ok
sync/iface-dispatch/mutex-user-iface	rand:1:4096	ok	0	0	-	0	0	0	5223346747007361938	ok
sync/iface-dispatch/mutex-user-iface	rand:2:4096	ok	0	0	-	0	0	0	5223346747007361938	ok
sync/iface-dispatch/once-iface-dispatch	1,3,5,7,9,2,4,6,8,0	ok	0	0	-	0	0	0	12001011276398221595	ok
sync/iface-dispatch/once-iface-dispatch	5,5,5,5,5,5,5,5	ok	0	0	-	0	0	0	12001011276398221595	ok
sync/iface-dispatch/once-iface-dispatch	9,8,7,6,5,4,3,2,1,0	ok	0	0	-	0	0	0	12001011276398221595	ok
sync/iface-dispatch/once-iface-dispatch	default	ok	0	0	-	0	0	0	12001011276398221595	ok
sync/iface-dispatch/once-iface-dispatch	rand:1:4096	ok	0	0	-	0	0	0	12001011276398221595	ok
sync/iface-dispatch/once-iface-dispatch	rand:2:4096	ok	0	0	-	0	0	0	12001011276398221595	ok
sync/iface-dispatch/rw-locker-dispatch	1,3,5,7,9,2,4,6,8,0	ok	0	0	-	0	0	0	9472889804574330896	ok
sync/iface-dispatch/rw-locker-dispatch	5,5,5,5,5,5,5,5	ok	0	0	-	0	0	0	9472889804574330896	ok
sync/iface-dispatch/rw-locker-dispatch	9,8,7,6,5,4,3,2,1,0	ok	0	0	-	0	0	0	9472889804574330896	ok
sync/iface-dispatch/rw-locker-dispatch	default	ok	0	0	-	0	0	0	9472889804574330896	ok
sync/iface-dispatch/rw-locker-dispatch	rand:1:4096	ok	0	0	-	0	0	0	9472889804574330896	ok
sync/iface-dispatch/rw-locker-dispatch	rand:2:4096	ok	0	0	-	0	0	0	9472889804574330896	ok
sync/iface-dispatch/wg-user-iface	1,3,5,7,9,2,4,6,8,0	ok	0	0	-	0	0	0	16820878732128211708	ok
sync/iface-dispatch/wg-user-iface	5,5,5,5,5,5,5,5	ok	0	0	-	0	0	0	16820878732128211708	ok
sync/iface-dispatch/wg-user-iface	9,8,7,6,5,4,3,2,1,0	ok	0	0	-	0	0	0	16820878732128211708	ok
sync/iface-dispatch/wg-user-iface	default	ok	0	0	-	0	0	0	16820878732128211708	ok
sync/iface-dispatch/wg-user-iface	rand:1:4096	ok	0	0	-	0	0	0	16820878732128211708	ok
sync/iface-dispatch/wg-user-iface	rand:2:4096	ok	0	0	-	0	0	0	16820878732128211708	ok
sync/mutex-basic/copy-carries-state	1,3,5,7,9,2,4,6,8,0	ok	0	0	-	0	0	0	9472889804574330896	ok
sync/mutex-basic/copy-carries-state	5,5,5,5,5,5,5,5	ok	0	0	-	0	0	0	9472889804574330896	ok
sync/mutex-basic/copy-carries-state	9,8,7,6,5,4,3,2,1,0	ok	0	0	-	0	0	0	9472889804574330896	ok
sync/mutex-basic/copy-carries-state	default	ok	0	0	-	0	0	0	9472889804574330896	ok
sync/mutex-basic/copy-carries-state	rand:1:4096	ok	0	0	-	0	0	0	9472889804574330896	ok
sync/mutex-basic/copy-carries-state	rand:2:4096	ok	0	0	-	0	0	0	9472889804574330896	ok
sync/mutex-basic/cross-goroutine-unlock	1,3,5,7,9,2,4,6,8,0	ok	11	11	l1Sched=6;l5ExitWindow=1;postOp=4	2	0	0	3536186164770694959	ok
sync/mutex-basic/cross-goroutine-unlock	5,5,5,5,5,5,5,5	ok	6	6	l1Sched=4;postOp=2	2	0	0	3536186164770694959	ok
sync/mutex-basic/cross-goroutine-unlock	9,8,7,6,5,4,3,2,1,0	ok	7	7	l1Sched=5;postOp=2	2	0	0	3536186164770694959	ok
sync/mutex-basic/cross-goroutine-unlock	default	ok	3	3	l1Sched=2;postOp=1	2	0	0	3536186164770694959	ok
sync/mutex-basic/cross-goroutine-unlock	rand:1:4096	ok	4	4	l1Sched=3;postOp=1	2	0	0	3536186164770694959	ok
sync/mutex-basic/cross-goroutine-unlock	rand:2:4096	ok	3	3	l1Sched=2;postOp=1	2	0	0	3536186164770694959	ok
sync/mutex-basic/defer-unlock	1,3,5,7,9,2,4,6,8,0	ok	0	0	-	0	0	0	14759596508353255897	ok
sync/mutex-basic/defer-unlock	5,5,5,5,5,5,5,5	ok	0	0	-	0	0	0	14759596508353255897	ok
sync/mutex-basic/defer-unlock	9,8,7,6,5,4,3,2,1,0	ok	0	0	-	0	0	0	14759596508353255897	ok
sync/mutex-basic/defer-unlock	default	ok	0	0	-	0	0	0	14759596508353255897	ok
sync/mutex-basic/defer-unlock	rand:1:4096	ok	0	0	-	0	0	0	14759596508353255897	ok
sync/mutex-basic/defer-unlock	rand:2:4096	ok	0	0	-	0	0	0	14759596508353255897	ok
sync/mutex-basic/lock-unlock	1,3,5,7,9,2,4,6,8,0	ok	0	0	-	0	0	0	7748159529120768588	ok
sync/mutex-basic/lock-unlock	5,5,5,5,5,5,5,5	ok	0	0	-	0	0	0	7748159529120768588	ok
sync/mutex-basic/lock-unlock	9,8,7,6,5,4,3,2,1,0	ok	0	0	-	0	0	0	7748159529120768588	ok
sync/mutex-basic/lock-unlock	default	ok	0	0	-	0	0	0	7748159529120768588	ok
sync/mutex-basic/lock-unlock	rand:1:4096	ok	0	0	-	0	0	0	7748159529120768588	ok
sync/mutex-basic/lock-unlock	rand:2:4096	ok	0	0	-	0	0	0	7748159529120768588	ok
sync/mutex-double-lock/double-lock	1,3,5,7,9,2,4,6,8,0	deadlock	0	0	-	0	0	0	15875268021692822991	ok
sync/mutex-double-lock/double-lock	5,5,5,5,5,5,5,5	deadlock	0	0	-	0	0	0	15875268021692822991	ok
sync/mutex-double-lock/double-lock	9,8,7,6,5,4,3,2,1,0	deadlock	0	0	-	0	0	0	15875268021692822991	ok
sync/mutex-double-lock/double-lock	default	deadlock	0	0	-	0	0	0	15875268021692822991	ok
sync/mutex-double-lock/double-lock	rand:1:4096	deadlock	0	0	-	0	0	0	15875268021692822991	ok
sync/mutex-double-lock/double-lock	rand:2:4096	deadlock	0	0	-	0	0	0	15875268021692822991	ok
sync/mutex-order/acquisition-order	1,3,5,7,9,2,4,6,8,0	ok	12	12	l1Sched=7;postOp=5	2	0	0	15013540925335272153	ok
sync/mutex-order/acquisition-order	5,5,5,5,5,5,5,5	ok	10	10	l1Sched=5;l5ExitWindow=1;postOp=4	2	0	0	15013540925335272153	ok
sync/mutex-order/acquisition-order	9,8,7,6,5,4,3,2,1,0	ok	10	10	l1Sched=5;l5ExitWindow=2;postOp=3	2	0	0	15013540925335272153	ok
sync/mutex-order/acquisition-order	default	ok	7	7	l1Sched=4;postOp=3	2	0	0	43225924766788224	ok
sync/mutex-order/acquisition-order	rand:1:4096	ok	13	13	l1Sched=7;l5ExitWindow=1;postOp=5	2	0	0	43225924766788224	ok
sync/mutex-order/acquisition-order	rand:2:4096	ok	13	13	l1Sched=7;l5ExitWindow=1;postOp=5	2	0	0	43225924766788224	ok
sync/mutex-protected/counter	1,3,5,7,9,2,4,6,8,0	ok	12	12	l1Sched=7;postOp=5	2	0	0	11457283280696430040	ok
sync/mutex-protected/counter	5,5,5,5,5,5,5,5	ok	10	10	l1Sched=5;l5ExitWindow=1;postOp=4	2	0	0	11457283280696430040	ok
sync/mutex-protected/counter	9,8,7,6,5,4,3,2,1,0	ok	10	10	l1Sched=5;l5ExitWindow=2;postOp=3	2	0	0	11457283280696430040	ok
sync/mutex-protected/counter	default	ok	7	7	l1Sched=4;postOp=3	2	0	0	11457283280696430040	ok
sync/mutex-protected/counter	rand:1:4096	ok	13	13	l1Sched=7;l5ExitWindow=1;postOp=5	2	0	0	11457283280696430040	ok
sync/mutex-protected/counter	rand:2:4096	ok	13	13	l1Sched=7;l5ExitWindow=1;postOp=5	2	0	0	11457283280696430040	ok
sync/mutex-protected/visible	1,3,5,7,9,2,4,6,8,0	ok	8	8	l1Sched=5;postOp=3	2	0	0	5223346747007361938	ok
sync/mutex-protected/visible	5,5,5,5,5,5,5,5	ok	8	8	l1Sched=5;postOp=3	2	0	0	5223346747007361938	ok
sync/mutex-protected/visible	9,8,7,6,5,4,3,2,1,0	ok	9	9	l1Sched=6;postOp=3	2	0	0	5223346747007361938	ok
sync/mutex-protected/visible	default	ok	3	3	l1Sched=2;postOp=1	2	0	0	5223346747007361938	ok
sync/mutex-protected/visible	rand:1:4096	ok	4	4	l1Sched=3;postOp=1	2	0	0	5223346747007361938	ok
sync/mutex-protected/visible	rand:2:4096	ok	3	3	l1Sched=2;postOp=1	2	0	0	5223346747007361938	ok
sync/mutex-unlock-fatal/during-panic-unwind	1,3,5,7,9,2,4,6,8,0	fatal	0	0	-	0	0	0	4447691184616038900	ok
sync/mutex-unlock-fatal/during-panic-unwind	5,5,5,5,5,5,5,5	fatal	0	0	-	0	0	0	4447691184616038900	ok
sync/mutex-unlock-fatal/during-panic-unwind	9,8,7,6,5,4,3,2,1,0	fatal	0	0	-	0	0	0	4447691184616038900	ok
sync/mutex-unlock-fatal/during-panic-unwind	default	fatal	0	0	-	0	0	0	4447691184616038900	ok
sync/mutex-unlock-fatal/during-panic-unwind	rand:1:4096	fatal	0	0	-	0	0	0	4447691184616038900	ok
sync/mutex-unlock-fatal/during-panic-unwind	rand:2:4096	fatal	0	0	-	0	0	0	4447691184616038900	ok
sync/mutex-unlock-fatal/unlock-of-unlocked	1,3,5,7,9,2,4,6,8,0	fatal	0	0	-	0	0	0	4447691184616038900	ok
sync/mutex-unlock-fatal/unlock-of-unlocked	5,5,5,5,5,5,5,5	fatal	0	0	-	0	0	0	4447691184616038900	ok
sync/mutex-unlock-fatal/unlock-of-unlocked	9,8,7,6,5,4,3,2,1,0	fatal	0	0	-	0	0	0	4447691184616038900	ok
sync/mutex-unlock-fatal/unlock-of-unlocked	default	fatal	0	0	-	0	0	0	4447691184616038900	ok
sync/mutex-unlock-fatal/unlock-of-unlocked	rand:1:4096	fatal	0	0	-	0	0	0	4447691184616038900	ok
sync/mutex-unlock-fatal/unlock-of-unlocked	rand:2:4096	fatal	0	0	-	0	0	0	4447691184616038900	ok
sync/mutex-unlock-fatal/unlock-recover-attempt	1,3,5,7,9,2,4,6,8,0	fatal	0	0	-	0	0	0	4447691184616038900	ok
sync/mutex-unlock-fatal/unlock-recover-attempt	5,5,5,5,5,5,5,5	fatal	0	0	-	0	0	0	4447691184616038900	ok
sync/mutex-unlock-fatal/unlock-recover-attempt	9,8,7,6,5,4,3,2,1,0	fatal	0	0	-	0	0	0	4447691184616038900	ok
sync/mutex-unlock-fatal/unlock-recover-attempt	default	fatal	0	0	-	0	0	0	4447691184616038900	ok
sync/mutex-unlock-fatal/unlock-recover-attempt	rand:1:4096	fatal	0	0	-	0	0	0	4447691184616038900	ok
sync/mutex-unlock-fatal/unlock-recover-attempt	rand:2:4096	fatal	0	0	-	0	0	0	4447691184616038900	ok
sync/once-basic/across-goroutines	1,3,5,7,9,2,4,6,8,0	ok	10	10	l1Sched=6;postOp=4	2	0	0	5223346747007361938	ok
sync/once-basic/across-goroutines	5,5,5,5,5,5,5,5	ok	10	10	l1Sched=5;l5ExitWindow=1;postOp=4	2	0	0	5223346747007361938	ok
sync/once-basic/across-goroutines	9,8,7,6,5,4,3,2,1,0	ok	10	10	l1Sched=5;l5ExitWindow=2;postOp=3	2	0	0	5223346747007361938	ok
sync/once-basic/across-goroutines	default	ok	7	7	l1Sched=4;postOp=3	2	0	0	5223346747007361938	ok
sync/once-basic/across-goroutines	rand:1:4096	ok	12	12	l1Sched=6;l5ExitWindow=2;postOp=4	2	0	0	5223346747007361938	ok
sync/once-basic/across-goroutines	rand:2:4096	ok	12	12	l1Sched=6;l5ExitWindow=2;postOp=4	2	0	0	5223346747007361938	ok
sync/once-basic/panicking-f	1,3,5,7,9,2,4,6,8,0	ok	0	0	-	0	0	0	11573260880931945200	ok
sync/once-basic/panicking-f	5,5,5,5,5,5,5,5	ok	0	0	-	0	0	0	11573260880931945200	ok
sync/once-basic/panicking-f	9,8,7,6,5,4,3,2,1,0	ok	0	0	-	0	0	0	11573260880931945200	ok
sync/once-basic/panicking-f	default	ok	0	0	-	0	0	0	11573260880931945200	ok
sync/once-basic/panicking-f	rand:1:4096	ok	0	0	-	0	0	0	11573260880931945200	ok
sync/once-basic/panicking-f	rand:2:4096	ok	0	0	-	0	0	0	11573260880931945200	ok
sync/once-basic/runs-once	1,3,5,7,9,2,4,6,8,0	ok	0	0	-	0	0	0	12001011276398221595	ok
sync/once-basic/runs-once	5,5,5,5,5,5,5,5	ok	0	0	-	0	0	0	12001011276398221595	ok
sync/once-basic/runs-once	9,8,7,6,5,4,3,2,1,0	ok	0	0	-	0	0	0	12001011276398221595	ok
sync/once-basic/runs-once	default	ok	0	0	-	0	0	0	12001011276398221595	ok
sync/once-basic/runs-once	rand:1:4096	ok	0	0	-	0	0	0	12001011276398221595	ok
sync/once-basic/runs-once	rand:2:4096	ok	0	0	-	0	0	0	12001011276398221595	ok
sync/once-nested-do/nested-do	1,3,5,7,9,2,4,6,8,0	deadlock	0	0	-	0	0	0	15875268021692822991	ok
sync/once-nested-do/nested-do	5,5,5,5,5,5,5,5	deadlock	0	0	-	0	0	0	15875268021692822991	ok
sync/once-nested-do/nested-do	9,8,7,6,5,4,3,2,1,0	deadlock	0	0	-	0	0	0	15875268021692822991	ok
sync/once-nested-do/nested-do	default	deadlock	0	0	-	0	0	0	15875268021692822991	ok
sync/once-nested-do/nested-do	rand:1:4096	deadlock	0	0	-	0	0	0	15875268021692822991	ok
sync/once-nested-do/nested-do	rand:2:4096	deadlock	0	0	-	0	0	0	15875268021692822991	ok
sync/out-of-scope-cond/cond-broadcast	1,3,5,7,9,2,4,6,8,0	unsupported	0	0	-	0	0	0	8962299831902766794	ok
sync/out-of-scope-cond/cond-broadcast	5,5,5,5,5,5,5,5	unsupported	0	0	-	0	0	0	8962299831902766794	ok
sync/out-of-scope-cond/cond-broadcast	9,8,7,6,5,4,3,2,1,0	unsupported	0	0	-	0	0	0	8962299831902766794	ok
sync/out-of-scope-cond/cond-broadcast	default	unsupported	0	0	-	0	0	0	8962299831902766794	ok
sync/out-of-scope-cond/cond-broadcast	rand:1:4096	unsupported	0	0	-	0	0	0	8962299831902766794	ok
sync/out-of-scope-cond/cond-broadcast	rand:2:4096	unsupported	0	0	-	0	0	0	8962299831902766794	ok
sync/out-of-scope-cond/cond-signal-no-waiter	1,3,5,7,9,2,4,6,8,0	unsupported	0	0	-	0	0	0	8962299831902766794	ok
sync/out-of-scope-cond/cond-signal-no-waiter	5,5,5,5,5,5,5,5	unsupported	0	0	-	0	0	0	8962299831902766794	ok
sync/out-of-scope-cond/cond-signal-no-waiter	9,8,7,6,5,4,3,2,1,0	unsupported	0	0	-	0	0	0	8962299831902766794	ok
sync/out-of-scope-cond/cond-signal-no-waiter	default	unsupported	0	0	-	0	0	0	8962299831902766794	ok
sync/out-of-scope-cond/cond-signal-no-waiter	rand:1:4096	unsupported	0	0	-	0	0	0	8962299831902766794	ok
sync/out-of-scope-cond/cond-signal-no-waiter	rand:2:4096	unsupported	0	0	-	0	0	0	8962299831902766794	ok
sync/out-of-scope-cond/cond-wait-signal	1,3,5,7,9,2,4,6,8,0	unsupported	0	0	-	0	0	0	8962299831902766794	ok
sync/out-of-scope-cond/cond-wait-signal	5,5,5,5,5,5,5,5	unsupported	0	0	-	0	0	0	8962299831902766794	ok
sync/out-of-scope-cond/cond-wait-signal	9,8,7,6,5,4,3,2,1,0	unsupported	0	0	-	0	0	0	8962299831902766794	ok
sync/out-of-scope-cond/cond-wait-signal	default	unsupported	0	0	-	0	0	0	8962299831902766794	ok
sync/out-of-scope-cond/cond-wait-signal	rand:1:4096	unsupported	0	0	-	0	0	0	8962299831902766794	ok
sync/out-of-scope-cond/cond-wait-signal	rand:2:4096	unsupported	0	0	-	0	0	0	8962299831902766794	ok
sync/out-of-scope-trylock/trylock-uncontended	1,3,5,7,9,2,4,6,8,0	ok	1	1	tryLock=1	2	0	0	13191274251163326272	ok
sync/out-of-scope-trylock/trylock-uncontended	5,5,5,5,5,5,5,5	ok	1	1	tryLock=1	2	0	0	13191274251163326272	ok
sync/out-of-scope-trylock/trylock-uncontended	9,8,7,6,5,4,3,2,1,0	ok	1	1	tryLock=1	2	0	0	13191274251163326272	ok
sync/out-of-scope-trylock/trylock-uncontended	default	ok	1	1	tryLock=1	2	0	0	12001011276398221595	ok
sync/out-of-scope-trylock/trylock-uncontended	rand:1:4096	ok	1	1	tryLock=1	2	0	0	12001011276398221595	ok
sync/out-of-scope-trylock/trylock-uncontended	rand:2:4096	ok	1	1	tryLock=1	2	0	0	12001011276398221595	ok
sync/promoted-mutex/counter	1,3,5,7,9,2,4,6,8,0	ok	12	12	l1Sched=7;postOp=5	2	0	0	11457283280696430040	ok
sync/promoted-mutex/counter	5,5,5,5,5,5,5,5	ok	10	10	l1Sched=5;l5ExitWindow=1;postOp=4	2	0	0	11457283280696430040	ok
sync/promoted-mutex/counter	9,8,7,6,5,4,3,2,1,0	ok	10	10	l1Sched=5;l5ExitWindow=2;postOp=3	2	0	0	11457283280696430040	ok
sync/promoted-mutex/counter	default	ok	7	7	l1Sched=4;postOp=3	2	0	0	11457283280696430040	ok
sync/promoted-mutex/counter	rand:1:4096	ok	13	13	l1Sched=7;l5ExitWindow=1;postOp=5	2	0	0	11457283280696430040	ok
sync/promoted-mutex/counter	rand:2:4096	ok	13	13	l1Sched=7;l5ExitWindow=1;postOp=5	2	0	0	11457283280696430040	ok
sync/promoted-mutex/defer-unlock	1,3,5,7,9,2,4,6,8,0	ok	0	0	-	0	0	0	43225924766788224	ok
sync/promoted-mutex/defer-unlock	5,5,5,5,5,5,5,5	ok	0	0	-	0	0	0	43225924766788224	ok
sync/promoted-mutex/defer-unlock	9,8,7,6,5,4,3,2,1,0	ok	0	0	-	0	0	0	43225924766788224	ok
sync/promoted-mutex/defer-unlock	default	ok	0	0	-	0	0	0	43225924766788224	ok
sync/promoted-mutex/defer-unlock	rand:1:4096	ok	0	0	-	0	0	0	43225924766788224	ok
sync/promoted-mutex/defer-unlock	rand:2:4096	ok	0	0	-	0	0	0	43225924766788224	ok
sync/promoted-mutex/stmt	1,3,5,7,9,2,4,6,8,0	ok	0	0	-	0	0	0	11457283280696430040	ok
sync/promoted-mutex/stmt	5,5,5,5,5,5,5,5	ok	0	0	-	0	0	0	11457283280696430040	ok
sync/promoted-mutex/stmt	9,8,7,6,5,4,3,2,1,0	ok	0	0	-	0	0	0	11457283280696430040	ok
sync/promoted-mutex/stmt	default	ok	0	0	-	0	0	0	11457283280696430040	ok
sync/promoted-mutex/stmt	rand:1:4096	ok	0	0	-	0	0	0	11457283280696430040	ok
sync/promoted-mutex/stmt	rand:2:4096	ok	0	0	-	0	0	0	11457283280696430040	ok
sync/promoted-mutex/trylock-expr	1,3,5,7,9,2,4,6,8,0	ok	1	1	tryLock=1	2	0	0	13191274251163326272	ok
sync/promoted-mutex/trylock-expr	5,5,5,5,5,5,5,5	ok	1	1	tryLock=1	2	0	0	13191274251163326272	ok
sync/promoted-mutex/trylock-expr	9,8,7,6,5,4,3,2,1,0	ok	1	1	tryLock=1	2	0	0	13191274251163326272	ok
sync/promoted-mutex/trylock-expr	default	ok	1	1	tryLock=1	2	0	0	12001011276398221595	ok
sync/promoted-mutex/trylock-expr	rand:1:4096	ok	1	1	tryLock=1	2	0	0	12001011276398221595	ok
sync/promoted-mutex/trylock-expr	rand:2:4096	ok	1	1	tryLock=1	2	0	0	12001011276398221595	ok
sync/promoted-mutex/value-var	1,3,5,7,9,2,4,6,8,0	ok	0	0	-	0	0	0	7748159529120768588	ok
sync/promoted-mutex/value-var	5,5,5,5,5,5,5,5	ok	0	0	-	0	0	0	7748159529120768588	ok
sync/promoted-mutex/value-var	9,8,7,6,5,4,3,2,1,0	ok	0	0	-	0	0	0	7748159529120768588	ok
sync/promoted-mutex/value-var	default	ok	0	0	-	0	0	0	7748159529120768588	ok
sync/promoted-mutex/value-var	rand:1:4096	ok	0	0	-	0	0	0	7748159529120768588	ok
sync/promoted-mutex/value-var	rand:2:4096	ok	0	0	-	0	0	0	7748159529120768588	ok
sync/rwmutex-basic/rlock-twice	1,3,5,7,9,2,4,6,8,0	ok	0	0	-	0	0	0	3898625044913103366	ok
sync/rwmutex-basic/rlock-twice	5,5,5,5,5,5,5,5	ok	0	0	-	0	0	0	3898625044913103366	ok
sync/rwmutex-basic/rlock-twice	9,8,7,6,5,4,3,2,1,0	ok	0	0	-	0	0	0	3898625044913103366	ok
sync/rwmutex-basic/rlock-twice	default	ok	0	0	-	0	0	0	3898625044913103366	ok
sync/rwmutex-basic/rlock-twice	rand:1:4096	ok	0	0	-	0	0	0	3898625044913103366	ok
sync/rwmutex-basic/rlock-twice	rand:2:4096	ok	0	0	-	0	0	0	3898625044913103366	ok
sync/rwmutex-basic/write-then-read-ordered	1,3,5,7,9,2,4,6,8,0	ok	8	8	l1Sched=5;postOp=3	2	0	0	5223346747007361938	ok
sync/rwmutex-basic/write-then-read-ordered	5,5,5,5,5,5,5,5	ok	8	8	l1Sched=5;postOp=3	2	0	0	5223346747007361938	ok
sync/rwmutex-basic/write-then-read-ordered	9,8,7,6,5,4,3,2,1,0	ok	9	9	l1Sched=6;postOp=3	2	0	0	5223346747007361938	ok
sync/rwmutex-basic/write-then-read-ordered	default	ok	3	3	l1Sched=2;postOp=1	2	0	0	5223346747007361938	ok
sync/rwmutex-basic/write-then-read-ordered	rand:1:4096	ok	4	4	l1Sched=3;postOp=1	2	0	0	5223346747007361938	ok
sync/rwmutex-basic/write-then-read-ordered	rand:2:4096	ok	3	3	l1Sched=2;postOp=1	2	0	0	5223346747007361938	ok
sync/rwmutex-misuse-fatal/runlock-of-unlocked	1,3,5,7,9,2,4,6,8,0	fatal	0	0	-	0	0	0	12265414697382169974	ok
sync/rwmutex-misuse-fatal/runlock-of-unlocked	5,5,5,5,5,5,5,5	fatal	0	0	-	0	0	0	12265414697382169974	ok
sync/rwmutex-misuse-fatal/runlock-of-unlocked	9,8,7,6,5,4,3,2,1,0	fatal	0	0	-	0	0	0	12265414697382169974	ok
sync/rwmutex-misuse-fatal/runlock-of-unlocked	default	fatal	0	0	-	0	0	0	12265414697382169974	ok
sync/rwmutex-misuse-fatal/runlock-of-unlocked	rand:1:4096	fatal	0	0	-	0	0	0	12265414697382169974	ok
sync/rwmutex-misuse-fatal/runlock-of-unlocked	rand:2:4096	fatal	0	0	-	0	0	0	12265414697382169974	ok
sync/rwmutex-misuse-fatal/runlock-while-write-locked	1,3,5,7,9,2,4,6,8,0	fatal	0	0	-	0	0	0	12265414697382169974	ok
sync/rwmutex-misuse-fatal/runlock-while-write-locked	5,5,5,5,5,5,5,5	fatal	0	0	-	0	0	0	12265414697382169974	ok
sync/rwmutex-misuse-fatal/runlock-while-write-locked	9,8,7,6,5,4,3,2,1,0	fatal	0	0	-	0	0	0	12265414697382169974	ok
sync/rwmutex-misuse-fatal/runlock-while-write-locked	default	fatal	0	0	-	0	0	0	12265414697382169974	ok
sync/rwmutex-misuse-fatal/runlock-while-write-locked	rand:1:4096	fatal	0	0	-	0	0	0	12265414697382169974	ok
sync/rwmutex-misuse-fatal/runlock-while-write-locked	rand:2:4096	fatal	0	0	-	0	0	0	12265414697382169974	ok
sync/rwmutex-misuse-fatal/wunlock-of-unlocked	1,3,5,7,9,2,4,6,8,0	fatal	0	0	-	0	0	0	9704634903272110764	ok
sync/rwmutex-misuse-fatal/wunlock-of-unlocked	5,5,5,5,5,5,5,5	fatal	0	0	-	0	0	0	9704634903272110764	ok
sync/rwmutex-misuse-fatal/wunlock-of-unlocked	9,8,7,6,5,4,3,2,1,0	fatal	0	0	-	0	0	0	9704634903272110764	ok
sync/rwmutex-misuse-fatal/wunlock-of-unlocked	default	fatal	0	0	-	0	0	0	9704634903272110764	ok
sync/rwmutex-misuse-fatal/wunlock-of-unlocked	rand:1:4096	fatal	0	0	-	0	0	0	9704634903272110764	ok
sync/rwmutex-misuse-fatal/wunlock-of-unlocked	rand:2:4096	fatal	0	0	-	0	0	0	9704634903272110764	ok
sync/rwmutex-order/acquisition	1,3,5,7,9,2,4,6,8,0	ok	14	14	l1Sched=9;postOp=5	3	0	0	15013540925335272153	ok
sync/rwmutex-order/acquisition	5,5,5,5,5,5,5,5	ok	15	15	l1Sched=10;postOp=5	3	0	0	15013540925335272153	ok
sync/rwmutex-order/acquisition	9,8,7,6,5,4,3,2,1,0	ok	17	17	l1Sched=12;postOp=5	3	0	0	15013540925335272153	ok
sync/rwmutex-order/acquisition	default	ok	16	16	l1Sched=11;postOp=5	3	0	0	15013540925335272153	ok
sync/rwmutex-order/acquisition	rand:1:4096	ok	17	17	l1Sched=12;postOp=5	3	0	0	15013540925335272153	ok
sync/rwmutex-order/acquisition	rand:2:4096	ok	19	19	l1Sched=12;l5ExitWindow=1;postOp=6	3	0	0	15013540925335272153	ok
sync/rwmutex-rlock-then-lock/rlock-then-lock	1,3,5,7,9,2,4,6,8,0	deadlock	0	0	-	0	0	0	15875268021692822991	ok
sync/rwmutex-rlock-then-lock/rlock-then-lock	5,5,5,5,5,5,5,5	deadlock	0	0	-	0	0	0	15875268021692822991	ok
sync/rwmutex-rlock-then-lock/rlock-then-lock	9,8,7,6,5,4,3,2,1,0	deadlock	0	0	-	0	0	0	15875268021692822991	ok
sync/rwmutex-rlock-then-lock/rlock-then-lock	default	deadlock	0	0	-	0	0	0	15875268021692822991	ok
sync/rwmutex-rlock-then-lock/rlock-then-lock	rand:1:4096	deadlock	0	0	-	0	0	0	15875268021692822991	ok
sync/rwmutex-rlock-then-lock/rlock-then-lock	rand:2:4096	deadlock	0	0	-	0	0	0	15875268021692822991	ok
sync/satisfaction/assert-negative-missing	1,3,5,7,9,2,4,6,8,0	ok	0	0	-	0	0	0	11457283280696430040	ok
sync/satisfaction/assert-negative-missing	5,5,5,5,5,5,5,5	ok	0	0	-	0	0	0	11457283280696430040	ok
sync/satisfaction/assert-negative-missing	9,8,7,6,5,4,3,2,1,0	ok	0	0	-	0	0	0	11457283280696430040	ok
sync/satisfaction/assert-negative-missing	default	ok	0	0	-	0	0	0	11457283280696430040	ok
sync/satisfaction/assert-negative-missing	rand:1:4096	ok	0	0	-	0	0	0	11457283280696430040	ok
sync/satisfaction/assert-negative-missing	rand:2:4096	ok	0	0	-	0	0	0	11457283280696430040	ok
sync/satisfaction/assert-ok-mutex	1,3,5,7,9,2,4,6,8,0	ok	0	0	-	0	0	0	5860214085102260226	ok
sync/satisfaction/assert-ok-mutex	5,5,5,5,5,5,5,5	ok	0	0	-	0	0	0	5860214085102260226	ok
sync/satisfaction/assert-ok-mutex	9,8,7,6,5,4,3,2,1,0	ok	0	0	-	0	0	0	5860214085102260226	ok
sync/satisfaction/assert-ok-mutex	default	ok	0	0	-	0	0	0	5860214085102260226	ok
sync/satisfaction/assert-ok-mutex	rand:1:4096	ok	0	0	-	0	0	0	5860214085102260226	ok
sync/satisfaction/assert-ok-mutex	rand:2:4096	ok	0	0	-	0	0	0	5860214085102260226	ok
sync/satisfaction/assert-ok-once	1,3,5,7,9,2,4,6,8,0	ok	0	0	-	0	0	0	13071260452075059103	ok
sync/satisfaction/assert-ok-once	5,5,5,5,5,5,5,5	ok	0	0	-	0	0	0	13071260452075059103	ok
sync/satisfaction/assert-ok-once	9,8,7,6,5,4,3,2,1,0	ok	0	0	-	0	0	0	13071260452075059103	ok
sync/satisfaction/assert-ok-once	default	ok	0	0	-	0	0	0	13071260452075059103	ok
sync/satisfaction/assert-ok-once	rand:1:4096	ok	0	0	-	0	0	0	13071260452075059103	ok
sync/satisfaction/assert-ok-once	rand:2:4096	ok	0	0	-	0	0	0	13071260452075059103	ok
sync/satisfaction/assert-ok-waitgroup	1,3,5,7,9,2,4,6,8,0	ok	0	0	-	0	0	0	8500321448348300315	ok
sync/satisfaction/assert-ok-waitgroup	5,5,5,5,5,5,5,5	ok	0	0	-	0	0	0	8500321448348300315	ok
sync/satisfaction/assert-ok-waitgroup	9,8,7,6,5,4,3,2,1,0	ok	0	0	-	0	0	0	8500321448348300315	ok
sync/satisfaction/assert-ok-waitgroup	default	ok	0	0	-	0	0	0	8500321448348300315	ok
sync/satisfaction/assert-ok-waitgroup	rand:1:4096	ok	0	0	-	0	0	0	8500321448348300315	ok
sync/satisfaction/assert-ok-waitgroup	rand:2:4096	ok	0	0	-	0	0	0	8500321448348300315	ok
sync/satisfaction/bare-assert-missing-panics	1,3,5,7,9,2,4,6,8,0	panic	0	0	-	0	0	0	16945730973394118094	ok
sync/satisfaction/bare-assert-missing-panics	5,5,5,5,5,5,5,5	panic	0	0	-	0	0	0	16945730973394118094	ok
sync/satisfaction/bare-assert-missing-panics	9,8,7,6,5,4,3,2,1,0	panic	0	0	-	0	0	0	16945730973394118094	ok
sync/satisfaction/bare-assert-missing-panics	default	panic	0	0	-	0	0	0	16945730973394118094	ok
sync/satisfaction/bare-assert-missing-panics	rand:1:4096	panic	0	0	-	0	0	0	16945730973394118094	ok
sync/satisfaction/bare-assert-missing-panics	rand:2:4096	panic	0	0	-	0	0	0	16945730973394118094	ok
sync/satisfaction/bare-assert-mutex	1,3,5,7,9,2,4,6,8,0	ok	0	0	-	0	0	0	12001011276398221595	ok
sync/satisfaction/bare-assert-mutex	5,5,5,5,5,5,5,5	ok	0	0	-	0	0	0	12001011276398221595	ok
sync/satisfaction/bare-assert-mutex	9,8,7,6,5,4,3,2,1,0	ok	0	0	-	0	0	0	12001011276398221595	ok
sync/satisfaction/bare-assert-mutex	default	ok	0	0	-	0	0	0	12001011276398221595	ok
sync/satisfaction/bare-assert-mutex	rand:1:4096	ok	0	0	-	0	0	0	12001011276398221595	ok
sync/satisfaction/bare-assert-mutex	rand:2:4096	ok	0	0	-	0	0	0	12001011276398221595	ok
sync/satisfaction-locker-sig/assert-ok-rwmutex	1,3,5,7,9,2,4,6,8,0	ok	0	0	-	0	0	0	16395070740085196700	ok
sync/satisfaction-locker-sig/assert-ok-rwmutex	5,5,5,5,5,5,5,5	ok	0	0	-	0	0	0	16395070740085196700	ok
sync/satisfaction-locker-sig/assert-ok-rwmutex	9,8,7,6,5,4,3,2,1,0	ok	0	0	-	0	0	0	16395070740085196700	ok
sync/satisfaction-locker-sig/assert-ok-rwmutex	default	ok	0	0	-	0	0	0	16395070740085196700	ok
sync/satisfaction-locker-sig/assert-ok-rwmutex	rand:1:4096	ok	0	0	-	0	0	0	16395070740085196700	ok
sync/satisfaction-locker-sig/assert-ok-rwmutex	rand:2:4096	ok	0	0	-	0	0	0	16395070740085196700	ok
sync/satisfaction/trylock-sig-satisfies	1,3,5,7,9,2,4,6,8,0	ok	0	0	-	0	0	0	10829977907001946981	ok
sync/satisfaction/trylock-sig-satisfies	5,5,5,5,5,5,5,5	ok	0	0	-	0	0	0	10829977907001946981	ok
sync/satisfaction/trylock-sig-satisfies	9,8,7,6,5,4,3,2,1,0	ok	0	0	-	0	0	0	10829977907001946981	ok
sync/satisfaction/trylock-sig-satisfies	default	ok	0	0	-	0	0	0	10829977907001946981	ok
sync/satisfaction/trylock-sig-satisfies	rand:1:4096	ok	0	0	-	0	0	0	10829977907001946981	ok
sync/satisfaction/trylock-sig-satisfies	rand:2:4096	ok	0	0	-	0	0	0	10829977907001946981	ok
sync/satisfaction/type-switch-mutex	1,3,5,7,9,2,4,6,8,0	ok	0	0	-	0	0	0	7349323590828036158	ok
sync/satisfaction/type-switch-mutex	5,5,5,5,5,5,5,5	ok	0	0	-	0	0	0	7349323590828036158	ok
sync/satisfaction/type-switch-mutex	9,8,7,6,5,4,3,2,1,0	ok	0	0	-	0	0	0	7349323590828036158	ok
sync/satisfaction/type-switch-mutex	default	ok	0	0	-	0	0	0	7349323590828036158	ok
sync/satisfaction/type-switch-mutex	rand:1:4096	ok	0	0	-	0	0	0	7349323590828036158	ok
sync/satisfaction/type-switch-mutex	rand:2:4096	ok	0	0	-	0	0	0	7349323590828036158	ok
sync/stub-satisfaction/satisfies	1,3,5,7,9,2,4,6,8,0	ok	0	0	-	0	0	0	9465287607422978637	ok
sync/stub-satisfaction/satisfies	5,5,5,5,5,5,5,5	ok	0	0	-	0	0	0	9465287607422978637	ok
sync/stub-satisfaction/satisfies	9,8,7,6,5,4,3,2,1,0	ok	0	0	-	0	0	0	9465287607422978637	ok
sync/stub-satisfaction/satisfies	default	ok	0	0	-	0	0	0	9465287607422978637	ok
sync/stub-satisfaction/satisfies	rand:1:4096	ok	0	0	-	0	0	0	9465287607422978637	ok
sync/stub-satisfaction/satisfies	rand:2:4096	ok	0	0	-	0	0	0	9465287607422978637	ok
sync/waitgroup-basic/add-done-wait	1,3,5,7,9,2,4,6,8,0	ok	4	4	l1Sched=3;postOp=1	2	0	0	5223346747007361938	ok
sync/waitgroup-basic/add-done-wait	5,5,5,5,5,5,5,5	ok	4	4	l1Sched=3;postOp=1	2	0	0	5223346747007361938	ok
sync/waitgroup-basic/add-done-wait	9,8,7,6,5,4,3,2,1,0	ok	4	4	l1Sched=3;postOp=1	2	0	0	5223346747007361938	ok
sync/waitgroup-basic/add-done-wait	default	ok	3	3	l1Sched=2;postOp=1	2	0	0	5223346747007361938	ok
sync/waitgroup-basic/add-done-wait	rand:1:4096	ok	4	4	l1Sched=3;postOp=1	2	0	0	5223346747007361938	ok
sync/waitgroup-basic/add-done-wait	rand:2:4096	ok	3	3	l1Sched=2;postOp=1	2	0	0	5223346747007361938	ok
sync/waitgroup-basic/batch-done	1,3,5,7,9,2,4,6,8,0	ok	0	0	-	0	0	0	14759596508353255897	ok
sync/waitgroup-basic/batch-done	5,5,5,5,5,5,5,5	ok	0	0	-	0	0	0	14759596508353255897	ok
sync/waitgroup-basic/batch-done	9,8,7,6,5,4,3,2,1,0	ok	0	0	-	0	0	0	14759596508353255897	ok
sync/waitgroup-basic/batch-done	default	ok	0	0	-	0	0	0	14759596508353255897	ok
sync/waitgroup-basic/batch-done	rand:1:4096	ok	0	0	-	0	0	0	14759596508353255897	ok
sync/waitgroup-basic/batch-done	rand:2:4096	ok	0	0	-	0	0	0	14759596508353255897	ok
sync/waitgroup-basic/recovered-negative-continue	1,3,5,7,9,2,4,6,8,0	ok	0	0	-	0	0	0	3536186164770694959	ok
sync/waitgroup-basic/recovered-negative-continue	5,5,5,5,5,5,5,5	ok	0	0	-	0	0	0	3536186164770694959	ok
sync/waitgroup-basic/recovered-negative-continue	9,8,7,6,5,4,3,2,1,0	ok	0	0	-	0	0	0	3536186164770694959	ok
sync/waitgroup-basic/recovered-negative-continue	default	ok	0	0	-	0	0	0	3536186164770694959	ok
sync/waitgroup-basic/recovered-negative-continue	rand:1:4096	ok	0	0	-	0	0	0	3536186164770694959	ok
sync/waitgroup-basic/recovered-negative-continue	rand:2:4096	ok	0	0	-	0	0	0	3536186164770694959	ok
sync/waitgroup-int32/add-overflow-panics	1,3,5,7,9,2,4,6,8,0	panic	0	0	-	0	0	0	4755693936202375512	ok
sync/waitgroup-int32/add-overflow-panics	5,5,5,5,5,5,5,5	panic	0	0	-	0	0	0	4755693936202375512	ok
sync/waitgroup-int32/add-overflow-panics	9,8,7,6,5,4,3,2,1,0	panic	0	0	-	0	0	0	4755693936202375512	ok
sync/waitgroup-int32/add-overflow-panics	default	panic	0	0	-	0	0	0	4755693936202375512	ok
sync/waitgroup-int32/add-overflow-panics	rand:1:4096	panic	0	0	-	0	0	0	4755693936202375512	ok
sync/waitgroup-int32/add-overflow-panics	rand:2:4096	panic	0	0	-	0	0	0	4755693936202375512	ok
sync/waitgroup-int32/add-wrap-noop	1,3,5,7,9,2,4,6,8,0	ok	0	0	-	0	0	0	7748159529120768588	ok
sync/waitgroup-int32/add-wrap-noop	5,5,5,5,5,5,5,5	ok	0	0	-	0	0	0	7748159529120768588	ok
sync/waitgroup-int32/add-wrap-noop	9,8,7,6,5,4,3,2,1,0	ok	0	0	-	0	0	0	7748159529120768588	ok
sync/waitgroup-int32/add-wrap-noop	default	ok	0	0	-	0	0	0	7748159529120768588	ok
sync/waitgroup-int32/add-wrap-noop	rand:1:4096	ok	0	0	-	0	0	0	7748159529120768588	ok
sync/waitgroup-int32/add-wrap-noop	rand:2:4096	ok	0	0	-	0	0	0	7748159529120768588	ok
sync/waitgroup-negative-after-recover/negative-after-recover	1,3,5,7,9,2,4,6,8,0	deadlock	2	2	l1Sched=2	2	0	0	15875268021692822991	ok
sync/waitgroup-negative-after-recover/negative-after-recover	5,5,5,5,5,5,5,5	deadlock	2	2	l1Sched=2	2	0	0	15875268021692822991	ok
sync/waitgroup-negative-after-recover/negative-after-recover	9,8,7,6,5,4,3,2,1,0	deadlock	3	3	l1Sched=3	2	0	0	15875268021692822991	ok
sync/waitgroup-negative-after-recover/negative-after-recover	default	deadlock	2	2	l1Sched=2	2	0	0	15875268021692822991	ok
sync/waitgroup-negative-after-recover/negative-after-recover	rand:1:4096	deadlock	3	3	l1Sched=3	2	0	0	15875268021692822991	ok
sync/waitgroup-negative-after-recover/negative-after-recover	rand:2:4096	deadlock	2	2	l1Sched=2	2	0	0	15875268021692822991	ok
sync/waitgroup-negative-panic/negative-counter	1,3,5,7,9,2,4,6,8,0	panic	0	0	-	0	0	0	4755693936202375512	ok
sync/waitgroup-negative-panic/negative-counter	5,5,5,5,5,5,5,5	panic	0	0	-	0	0	0	4755693936202375512	ok
sync/waitgroup-negative-panic/negative-counter	9,8,7,6,5,4,3,2,1,0	panic	0	0	-	0	0	0	4755693936202375512	ok
sync/waitgroup-negative-panic/negative-counter	default	panic	0	0	-	0	0	0	4755693936202375512	ok
sync/waitgroup-negative-panic/negative-counter	rand:1:4096	panic	0	0	-	0	0	0	4755693936202375512	ok
sync/waitgroup-negative-panic/negative-counter	rand:2:4096	panic	0	0	-	0	0	0	4755693936202375512	ok
sync/waitgroup-panic-payload/payload-is-string	1,3,5,7,9,2,4,6,8,0	ok	0	0	-	0	0	0	1805643472411030477	ok
sync/waitgroup-panic-payload/payload-is-string	5,5,5,5,5,5,5,5	ok	0	0	-	0	0	0	1805643472411030477	ok
sync/waitgroup-panic-payload/payload-is-string	9,8,7,6,5,4,3,2,1,0	ok	0	0	-	0	0	0	1805643472411030477	ok
sync/waitgroup-panic-payload/payload-is-string	default	ok	0	0	-	0	0	0	1805643472411030477	ok
sync/waitgroup-panic-payload/payload-is-string	rand:1:4096	ok	0	0	-	0	0	0	1805643472411030477	ok
sync/waitgroup-panic-payload/payload-is-string	rand:2:4096	ok	0	0	-	0	0	0	1805643472411030477	ok
sync/waitgroup-wait-deadlock/wait-deadlock	1,3,5,7,9,2,4,6,8,0	deadlock	0	0	-	0	0	0	15875268021692822991	ok
sync/waitgroup-wait-deadlock/wait-deadlock	5,5,5,5,5,5,5,5	deadlock	0	0	-	0	0	0	15875268021692822991	ok
sync/waitgroup-wait-deadlock/wait-deadlock	9,8,7,6,5,4,3,2,1,0	deadlock	0	0	-	0	0	0	15875268021692822991	ok
sync/waitgroup-wait-deadlock/wait-deadlock	default	deadlock	0	0	-	0	0	0	15875268021692822991	ok
sync/waitgroup-wait-deadlock/wait-deadlock	rand:1:4096	deadlock	0	0	-	0	0	0	15875268021692822991	ok
sync/waitgroup-wait-deadlock/wait-deadlock	rand:2:4096	deadlock	0	0	-	0	0	0	15875268021692822991	ok
sync/waitgroup-workers-join/workers-join	1,3,5,7,9,2,4,6,8,0	ok	28	28	l1Sched=16;postOp=9;backEdge=3	4	0	0	7745899922627479818	ok
sync/waitgroup-workers-join/workers-join	5,5,5,5,5,5,5,5	ok	25	25	l1Sched=14;postOp=8;backEdge=3	3	0	0	7745899922627479818	ok
sync/waitgroup-workers-join/workers-join	9,8,7,6,5,4,3,2,1,0	ok	24	24	l1Sched=13;postOp=8;backEdge=3	3	0	0	7745899922627479818	ok
sync/waitgroup-workers-join/workers-join	default	ok	28	28	l1Sched=16;postOp=9;backEdge=3	4	0	0	7745899922627479818	ok
sync/waitgroup-workers-join/workers-join	rand:1:4096	ok	33	33	l1Sched=19;postOp=11;backEdge=3	3	0	0	7745899922627479818	ok
sync/waitgroup-workers-join/workers-join	rand:2:4096	ok	37	37	l1Sched=19;l5ExitWindow=3;postOp=12;backEdge=3	4	0	0	7745899922627479818	ok
