arrays/array-bounds	artifacts/choice-trace-before/wire/arrays__array-bounds.json	arrayBounds	-	default;default;default;default;default;default
arrays/array-comparable	artifacts/choice-trace-before/wire/arrays__array-comparable.json	arrayComparable	-	default;default;default;default;default;default
arrays/array-copy	artifacts/choice-trace-before/wire/arrays__array-copy.json	arrayCopy	-	default;default;default;default;default;default
arrays/array-element-compound	artifacts/choice-trace-before/wire/arrays__array-element-compound.json	arrayElementCompound	-	default;default;default;default;default;default
arrays/array-len-cap	artifacts/choice-trace-before/wire/arrays__array-len-cap.json	arrayLenCap	-	default;default;default;default;default;default
arrays/array-of-struct-field-write	artifacts/choice-trace-before/wire/arrays__array-of-struct-field-write.json	arrayOfStructFieldWrite	-	default;default;default;default;default;default
arrays/array-param-return	artifacts/choice-trace-before/wire/arrays__array-param-return.json	arrayParamReturn	-	default;default;default;default;default;default
arrays/arrays-are-values	artifacts/choice-trace-before/wire/arrays__arrays-are-values.json	arraysAreValues	-	default;default;default;default;default;default
arrays/arrays	artifacts/choice-trace-before/wire/arrays__arrays.json	arrays	-	default;default;default;default;default;default
arrays/array-slice-alias	artifacts/choice-trace-before/wire/arrays__array-slice-alias.json	arraySliceAlias	-	default;default;default;default;default;default
arrays/array-zero	artifacts/choice-trace-before/wire/arrays__array-zero.json	arrayZero	-	default;default;default;default;default;default
arrays/defined-array-receiver	artifacts/choice-trace-before/wire/arrays__defined-array-receiver.json	definedArrayReceiver	-	default;default;default;default;default;default
arrays/index-eval-order	artifacts/choice-trace-before/wire/arrays__index-eval-order.json	arrayIndexEvalOrder	-	default;default;default;default;default;default
arrays/keyed-literal-eval-order	artifacts/choice-trace-before/wire/arrays__keyed-literal-eval-order.json	arrayKeyedLiteralEvalOrder	-	default;default;default;default;default;default
arrays/keyed-literal-sparse	artifacts/choice-trace-before/wire/arrays__keyed-literal-sparse.json	arrayKeyedLiteralSparse	-	default;default;default;default;default;default
arrays/materialization-budget/over-budget	artifacts/choice-trace-before/wire/arrays__materialization-budget__over-budget.json	arrayOverBudget	-	default;default;default;default;default;default
arrays/nested-arrays	artifacts/choice-trace-before/wire/arrays__nested-arrays.json	nestedArrays	-	default;default;default;default;default;default
arrays/nested-copy-value	artifacts/choice-trace-before/wire/arrays__nested-copy-value.json	arrayNestedCopyValue	-	default;default;default;default;default;default
arrays/nil-pointer-len-cap	artifacts/choice-trace-before/wire/arrays__nil-pointer-len-cap.json	arrayNilPointerLenCap	-	default;default;default;default;default;default
arrays/pointer-array	artifacts/choice-trace-before/wire/arrays__pointer-array.json	pointerArray	-	default;default;default;default;default;default
assign-order/conversion-call-eval-once/define	artifacts/choice-trace-before/wire/assign-order__conversion-call-eval-once__define.json	convCallDefineOnce	-	default;default;default;default;default;default
assign-order/conversion-call-eval-once/assign	artifacts/choice-trace-before/wire/assign-order__conversion-call-eval-once__assign.json	convCallAssignOnce	-	default;default;default;default;default;default
assign-order/target-check-vs-rhs/index-target	artifacts/choice-trace-before/wire/assign-order__target-check-vs-rhs__index-target.json	indexTargetRhsPanic	-	default;default;default;default;default;default
assign-order/target-check-vs-rhs/nil-field-target	artifacts/choice-trace-before/wire/assign-order__target-check-vs-rhs__nil-field-target.json	nilFieldTargetRhsPanic	-	default;default;default;default;default;default
assign-order/target-check-vs-rhs/nil-deref-target	artifacts/choice-trace-before/wire/assign-order__target-check-vs-rhs__nil-deref-target.json	nilDerefTargetRhsPanic	-	default;default;default;default;default;default
atomics/counter/add	artifacts/choice-trace-before/wire/atomics__counter__add.json	counterAdd	-	default;9,8,7,6,5,4,3,2,1,0;1,3,5,7,9,2,4,6,8;5,5,5,5,5,5,5,5;47062,17241,28876,43750,15194,49395,23194,43254,9513,31674,16891,46322,48508;45548,4010,42376,18520,53319,16971,27516,38438,7281,33498,29351,49938,42482,40450,61504
atomics/counter/typed	artifacts/choice-trace-before/wire/atomics__counter__typed.json	counterTyped	-	default;9,8,7,6,5,4,3,2,1,0;1,3,5,7,9,2,4,6,8;5,5,5,5,5,5,5,5;47062,17241,28876,43750,15194,49395,23194,43254,9513,31674,16891,46322,48508;45548,4010,42376,18520,53319,16971,27516,38438,7281,33498,29351,49938,42482,40450,61504
atomics/counter/cas-loop	artifacts/choice-trace-before/wire/atomics__counter__cas-loop.json	casLoopIncrement	-	default;9,8,7,6,5,4,3,2,1,0;1,3,5,7,9,2,4,6,8,0;5,5,5,5,5,5,5,5;47062,17241,28876,43750,15194,49395,23194,43254,9513,31674,16891,46322,48508;45548,4010,42376,18520,53319,16971,27516,38438,7281,33498,29351,49938,42482,40450,61504
atomics/counter/swap-claim	artifacts/choice-trace-before/wire/atomics__counter__swap-claim.json	swapClaim	-	default;9,8,7,6,5,4,3,2,1,0;1,3,5,7,9,2,4,6,8,0;5,5,5,5,5,5,5,5;47062,17241,28876,43750,15194,49395,23194,43254,9513,31674,16891,46322,48508;45548,4010,42376,18520,53319,16971,27516,38438,7281,33498,29351,49938,42482,40450,61504
atomics/counter/plain-read-after-join	artifacts/choice-trace-before/wire/atomics__counter__plain-read-after-join.json	plainReadAfterJoin	-	default;9,8,7,6,5,4,3,2,1,0;1,3,5,7,9,2,4,6,8;5,5,5,5,5,5,5,5;47062,17241,28876,43750,15194,49395,23194,43254,9513,31674,16891,46322,48508;45548,4010,42376,18520,53319,16971,27516,38438,7281,33498,29351,49938,42482
atomics/ops/load-store-int32	artifacts/choice-trace-before/wire/atomics__ops__load-store-int32.json	loadStoreInt32	-	default;default;default;default;default;default
atomics/ops/load-store-int64	artifacts/choice-trace-before/wire/atomics__ops__load-store-int64.json	loadStoreInt64	-	default;default;default;default;default;default
atomics/ops/load-store-uint32	artifacts/choice-trace-before/wire/atomics__ops__load-store-uint32.json	loadStoreUint32	-	default;default;default;default;default;default
atomics/ops/load-store-uint64	artifacts/choice-trace-before/wire/atomics__ops__load-store-uint64.json	loadStoreUint64	-	default;default;default;default;default;default
atomics/ops/load-store-uintptr	artifacts/choice-trace-before/wire/atomics__ops__load-store-uintptr.json	loadStoreUintptr	-	default;default;default;default;default;default
atomics/ops/add-int32-wrap	artifacts/choice-trace-before/wire/atomics__ops__add-int32-wrap.json	addInt32Wrap	-	default;default;default;default;default;default
atomics/ops/add-int64	artifacts/choice-trace-before/wire/atomics__ops__add-int64.json	addInt64	-	default;default;default;default;default;default
atomics/ops/add-uint32-decrement	artifacts/choice-trace-before/wire/atomics__ops__add-uint32-decrement.json	addUint32Decrement	-	default;default;default;default;default;default
atomics/ops/add-uint64	artifacts/choice-trace-before/wire/atomics__ops__add-uint64.json	addUint64	-	default;default;default;default;default;default
atomics/ops/swap-int32	artifacts/choice-trace-before/wire/atomics__ops__swap-int32.json	swapInt32	-	default;default;default;default;default;default
atomics/ops/swap-uint64	artifacts/choice-trace-before/wire/atomics__ops__swap-uint64.json	swapUint64	-	default;default;default;default;default;default
atomics/ops/cas-int64	artifacts/choice-trace-before/wire/atomics__ops__cas-int64.json	casInt64	-	default;default;default;default;default;default
atomics/ops/cas-uint32-fail	artifacts/choice-trace-before/wire/atomics__ops__cas-uint32-fail.json	casUint32Fail	-	default;default;default;default;default;default
atomics/ops/add-uintptr	artifacts/choice-trace-before/wire/atomics__ops__add-uintptr.json	addUintptr	-	default;default;default;default;default;default
atomics/ops/swap-uintptr	artifacts/choice-trace-before/wire/atomics__ops__swap-uintptr.json	swapUintptr	-	default;default;default;default;default;default
atomics/ops/swap-int64	artifacts/choice-trace-before/wire/atomics__ops__swap-int64.json	swapInt64	-	default;default;default;default;default;default
atomics/ops/swap-uint32	artifacts/choice-trace-before/wire/atomics__ops__swap-uint32.json	swapUint32	-	default;default;default;default;default;default
atomics/ops/cas-uint64	artifacts/choice-trace-before/wire/atomics__ops__cas-uint64.json	casUint64	-	default;default;default;default;default;default
atomics/ops/cas-uintptr	artifacts/choice-trace-before/wire/atomics__ops__cas-uintptr.json	casUintptr	-	default;default;default;default;default;default
atomics/ops/discarded-result	artifacts/choice-trace-before/wire/atomics__ops__discarded-result.json	discardedResult	-	default;default;default;default;default;default
atomics/ops/in-expression	artifacts/choice-trace-before/wire/atomics__ops__in-expression.json	inExpression	-	default;default;default;default;default;default
atomics/ops/operand-order	artifacts/choice-trace-before/wire/atomics__ops__operand-order.json	operandOrder	-	default;default;default;default;default;default
atomics/ops/defined-underlying	artifacts/choice-trace-before/wire/atomics__ops__defined-underlying.json	definedUnderlying	-	default;default;default;default;default;default
atomics/ops/nil-address	artifacts/choice-trace-before/wire/atomics__ops__nil-address.json	nilAddress	-	default;default;default;default;default;default
atomics/ops/nil-address-recovered	artifacts/choice-trace-before/wire/atomics__ops__nil-address-recovered.json	nilAddressRecovered	-	default;default;default;default;default;default
atomics/spin/flag-wait	artifacts/choice-trace-before/wire/atomics__spin__flag-wait.json	spinOnFlag	-	default;9,8,7,6,5,4,3,2,1,0;1,3,5,7,9,2,4,6;5,5,5,5,5,5,5,5;47062,17241,28876,43750,15194,49395,23194;45548,4010,42376,18520,53319,16971,27516
atomics/typed/int64	artifacts/choice-trace-before/wire/atomics__typed__int64.json	typedInt64	-	default;default;default;default;default;default
atomics/typed/int32-wrap	artifacts/choice-trace-before/wire/atomics__typed__int32-wrap.json	typedInt32Wrap	-	default;default;default;default;default;default
atomics/typed/uint32	artifacts/choice-trace-before/wire/atomics__typed__uint32.json	typedUint32	-	default;default;default;default;default;default
atomics/typed/uint64	artifacts/choice-trace-before/wire/atomics__typed__uint64.json	typedUint64	-	default;default;default;default;default;default
atomics/typed/uintptr	artifacts/choice-trace-before/wire/atomics__typed__uintptr.json	typedUintptr	-	default;default;default;default;default;default
atomics/typed/zero-and-copy	artifacts/choice-trace-before/wire/atomics__typed__zero-and-copy.json	typedZeroAndCopy	-	default;default;default;default;default;default
atomics/typed/empty-literal	artifacts/choice-trace-before/wire/atomics__typed__empty-literal.json	typedEmptyLiteral	-	default;default;default;default;default;default
atomics/typed/struct-field	artifacts/choice-trace-before/wire/atomics__typed__struct-field.json	typedStructField	-	default;default;default;default;default;default
atomics/typed/nil-receiver	artifacts/choice-trace-before/wire/atomics__typed__nil-receiver.json	typedNilReceiver	-	default;default;default;default;default;default
binary/little-endian/roundtrip	artifacts/choice-trace-before/wire/binary__little-endian__roundtrip.json	leRoundTrip	-	default;default;default;default;default;default
binary/little-endian/golden	artifacts/choice-trace-before/wire/binary__little-endian__golden.json	leGolden	-	default;default;default;default;default;default
binary/little-endian/heartbeat-ctx-shape	artifacts/choice-trace-before/wire/binary__little-endian__heartbeat-ctx-shape.json	leHeartbeatCtxShape	-	default;default;default;default;default;default
binary/little-endian/short-read	artifacts/choice-trace-before/wire/binary__little-endian__short-read.json	leShortRead	-	default;default;default;default;default;default
binop-order/operand-panic-vs-call/left-first	artifacts/choice-trace-before/wire/binop-order__operand-panic-vs-call__left-first.json	binopLeftIndexFirst	-	default;default;default;default;default;default
binop-order/operand-panic-vs-call/call-before-left	artifacts/choice-trace-before/wire/binop-order__operand-panic-vs-call__call-before-left.json	binopCallBeforeLeftIndex	-	default;default;default;default;default;default
binop-order/operand-panic-vs-call/call-before-left-div	artifacts/choice-trace-before/wire/binop-order__operand-panic-vs-call__call-before-left-div.json	binopCallBeforeLeftDiv	-	default;default;default;default;default;default
bools/generic-type-set/not-defined	artifacts/choice-trace-before/wire/bools__generic-type-set__not-defined.json	genericBoolNotDefined	-	default;default;default;default;default;default
bools/generic-type-set/and-or	artifacts/choice-trace-before/wire/bools__generic-type-set__and-or.json	genericBoolAndOr	-	default;default;default;default;default;default
bools/generic-type-set/equality	artifacts/choice-trace-before/wire/bools__generic-type-set__equality.json	genericBoolEquality	-	default;default;default;default;default;default
bools/generic-type-set/inference	artifacts/choice-trace-before/wire/bools__generic-type-set__inference.json	genericBoolInference	-	default;default;default;default;default;default
bools/generic-type-set/zero-value	artifacts/choice-trace-before/wire/bools__generic-type-set__zero-value.json	genericBoolZeroValue	-	default;default;default;default;default;default
bools/left-to-right	artifacts/choice-trace-before/wire/bools__left-to-right.json	boolLeftToRight	-	default;default;default;default;default;default
bools/logical-ops	artifacts/choice-trace-before/wire/bools__logical-ops.json	boolLogicalOps	-	default;default;default;default;default;default
bools/short-circuit-and	artifacts/choice-trace-before/wire/bools__short-circuit-and.json	boolShortCircuitAnd	-	default;default;default;default;default;default
bools/short-circuit-call-operand	artifacts/choice-trace-before/wire/bools__short-circuit-call-operand.json	shortCircuitCallOperand	-	default;default;default;default;default;default
bools/short-circuit-effects/count-both	artifacts/choice-trace-before/wire/bools__short-circuit-effects__count-both.json	scCount	1,2	default;default;default;default;default;default
bools/short-circuit-effects/count-left-false	artifacts/choice-trace-before/wire/bools__short-circuit-effects__count-left-false.json	scCount	0,0	default;default;default;default;default;default
bools/short-circuit-effects/count-right-false	artifacts/choice-trace-before/wire/bools__short-circuit-effects__count-right-false.json	scCount	1,0	default;default;default;default;default;default
bools/short-circuit-effects/count-left-decides	artifacts/choice-trace-before/wire/bools__short-circuit-effects__count-left-decides.json	scCount	0,5	default;default;default;default;default;default
bools/short-circuit-effects/order-left-true	artifacts/choice-trace-before/wire/bools__short-circuit-effects__order-left-true.json	scOrder	1,0	default;default;default;default;default;default
bools/short-circuit-effects/order-right-true	artifacts/choice-trace-before/wire/bools__short-circuit-effects__order-right-true.json	scOrder	0,1	default;default;default;default;default;default
bools/short-circuit-effects/order-both-false	artifacts/choice-trace-before/wire/bools__short-circuit-effects__order-both-false.json	scOrder	0,0	default;default;default;default;default;default
bools/short-circuit-effects/nested-outer-false	artifacts/choice-trace-before/wire/bools__short-circuit-effects__nested-outer-false.json	scNested	0,1,1	default;default;default;default;default;default
bools/short-circuit-effects/nested-inner-left	artifacts/choice-trace-before/wire/bools__short-circuit-effects__nested-inner-left.json	scNested	1,1,0	default;default;default;default;default;default
bools/short-circuit-effects/nested-inner-right	artifacts/choice-trace-before/wire/bools__short-circuit-effects__nested-inner-right.json	scNested	1,0,1	default;default;default;default;default;default
bools/short-circuit-effects/nested-all-false	artifacts/choice-trace-before/wire/bools__short-circuit-effects__nested-all-false.json	scNested	1,0,0	default;default;default;default;default;default
bools/short-circuit-effects/loop-three	artifacts/choice-trace-before/wire/bools__short-circuit-effects__loop-three.json	scLoop	3,6	default;default;default;default;default;default
bools/short-circuit-effects/loop-left-zero	artifacts/choice-trace-before/wire/bools__short-circuit-effects__loop-left-zero.json	scLoop	0,9	default;default;default;default;default;default
bools/short-circuit-effects/loop-right-zero	artifacts/choice-trace-before/wire/bools__short-circuit-effects__loop-right-zero.json	scLoop	4,0	default;default;default;default;default;default
bools/short-circuit-effects/assign-both	artifacts/choice-trace-before/wire/bools__short-circuit-effects__assign-both.json	scAssign	1,2	default;default;default;default;default;default
bools/short-circuit-effects/assign-left-false	artifacts/choice-trace-before/wire/bools__short-circuit-effects__assign-left-false.json	scAssign	0,7	default;default;default;default;default;default
bools/short-circuit-funclit/and-taken	artifacts/choice-trace-before/wire/bools__short-circuit-funclit__and-taken.json	litInSCAnd	1,3	default;9;1;5;47062;45548
bools/short-circuit-funclit/and-short	artifacts/choice-trace-before/wire/bools__short-circuit-funclit__and-short.json	litInSCAnd	0,3	default;default;default;default;default;default
bools/short-circuit-funclit/and-zero-len	artifacts/choice-trace-before/wire/bools__short-circuit-funclit__and-zero-len.json	litInSCAnd	1,0	default;default;default;default;default;default
bools/short-circuit-funclit/or-taken	artifacts/choice-trace-before/wire/bools__short-circuit-funclit__or-taken.json	litInSCOr	1,2	default;default;default;default;default;default
bools/short-circuit-funclit/or-short	artifacts/choice-trace-before/wire/bools__short-circuit-funclit__or-short.json	litInSCOr	0,2	default;9;1;5;47062;45548
bools/short-circuit-funclit/capture-three	artifacts/choice-trace-before/wire/bools__short-circuit-funclit__capture-three.json	litInSCCapture	2,3	default;9;1;5;47062;45548
bools/short-circuit-funclit/capture-short	artifacts/choice-trace-before/wire/bools__short-circuit-funclit__capture-short.json	litInSCCapture	0,3	default;default;default;default;default;default
bools/short-circuit-funclit/outside-four	artifacts/choice-trace-before/wire/bools__short-circuit-funclit__outside-four.json	outsideCallLit	4	default;9;1,3;5;47062;45548
bools/short-circuit-funclit/outside-zero	artifacts/choice-trace-before/wire/bools__short-circuit-funclit__outside-zero.json	outsideCallLit	0	default;default;default;default;default;default
bools/short-circuit-funclit/outside-then-sc	artifacts/choice-trace-before/wire/bools__short-circuit-funclit__outside-then-sc.json	outsideThenSC	1,5	default;9;1,3;5;47062;45548
bools/short-circuit-funclit/outside-then-sc-short	artifacts/choice-trace-before/wire/bools__short-circuit-funclit__outside-then-sc-short.json	outsideThenSC	0,5	default;9;1,3;5;47062;45548
bools/short-circuit-funclit/e6-recv-len-in-sc	artifacts/choice-trace-before/wire/bools__short-circuit-funclit__e6-recv-len-in-sc.json	e6RecvLenInSC	1,3	default;default;default;default;default;default
bools/short-circuit-funclit/e6-recv-len-outside	artifacts/choice-trace-before/wire/bools__short-circuit-funclit__e6-recv-len-outside.json	e6RecvLenOutside	3	default;default;default;default;default;default
bools/short-circuit-funclit/admit-new	artifacts/choice-trace-before/wire/bools__short-circuit-funclit__admit-new.json	admitNewInSC	1,4	default;default;default;default;default;default
bools/short-circuit-funclit/admit-new-short	artifacts/choice-trace-before/wire/bools__short-circuit-funclit__admit-new-short.json	admitNewInSC	0,4	default;default;default;default;default;default
bools/short-circuit-funclit/admit-copy	artifacts/choice-trace-before/wire/bools__short-circuit-funclit__admit-copy.json	admitCopyInSC	0,5	default;default;default;default;default;default
bools/short-circuit-funclit/admit-copy-short	artifacts/choice-trace-before/wire/bools__short-circuit-funclit__admit-copy-short.json	admitCopyInSC	1,5	default;default;default;default;default;default
bools/short-circuit-funclit/admit-maplit	artifacts/choice-trace-before/wire/bools__short-circuit-funclit__admit-maplit.json	admitMapLitInSC	1,7	default;default;default;default;default;default
bools/short-circuit-funclit/admit-maplit-short	artifacts/choice-trace-before/wire/bools__short-circuit-funclit__admit-maplit-short.json	admitMapLitInSC	0,7	default;default;default;default;default;default
bools/short-circuit-funclit/admit-splat-in-lit	artifacts/choice-trace-before/wire/bools__short-circuit-funclit__admit-splat-in-lit.json	admitSplatInLitInSC	1,2	default;default;default;default;default;default
bools/short-circuit-funclit/admit-splat-in-lit-short	artifacts/choice-trace-before/wire/bools__short-circuit-funclit__admit-splat-in-lit-short.json	admitSplatInLitInSC	0,2	default;default;default;default;default;default
bools/short-circuit-funclit/admit-elided-in-lit	artifacts/choice-trace-before/wire/bools__short-circuit-funclit__admit-elided-in-lit.json	admitElidedInLitInSC	1,2	default;default;default;default;default;default
bools/short-circuit-funclit/admit-elided-in-lit-short	artifacts/choice-trace-before/wire/bools__short-circuit-funclit__admit-elided-in-lit-short.json	admitElidedInLitInSC	0,2	default;default;default;default;default;default
bools/short-circuit-or	artifacts/choice-trace-before/wire/bools__short-circuit-or.json	boolShortCircuitOr	-	default;default;default;default;default;default
bools/zero-value	artifacts/choice-trace-before/wire/bools__zero-value.json	boolZeroValue	-	default;default;default;default;default;default
builtins/append-defined-byte-slice-string	artifacts/choice-trace-before/wire/builtins__append-defined-byte-slice-string.json	builtinAppendDefinedByteSliceString	-	default;9;1;5;47062;45548
builtins/append-string-to-bytes	artifacts/choice-trace-before/wire/builtins__append-string-to-bytes.json	builtinAppendStringToBytes	-	default;9;1;5;47062;45548
builtins/clear-delete-edge/clear-nil-map	artifacts/choice-trace-before/wire/builtins__clear-delete-edge__clear-nil-map.json	builtinClearNilMap	-	default;default;default;default;default;default
builtins/clear-delete-edge/clear-nil-slice	artifacts/choice-trace-before/wire/builtins__clear-delete-edge__clear-nil-slice.json	builtinClearNilSlice	-	default;default;default;default;default;default
builtins/clear-delete-edge/clear-defined-map	artifacts/choice-trace-before/wire/builtins__clear-delete-edge__clear-defined-map.json	builtinClearDefinedMap	-	default;default;default;default;default;default
builtins/clear-delete-edge/clear-defined-slice	artifacts/choice-trace-before/wire/builtins__clear-delete-edge__clear-defined-slice.json	builtinClearDefinedSlice	-	default;default;default;default;default;default
builtins/clear-delete-edge/clear-slice-alias-visible	artifacts/choice-trace-before/wire/builtins__clear-delete-edge__clear-slice-alias-visible.json	builtinClearSliceAliasVisible	-	default;default;default;default;default;default
builtins/clear-delete-edge/clear-array-slice	artifacts/choice-trace-before/wire/builtins__clear-delete-edge__clear-array-slice.json	builtinClearArraySlice	-	default;default;default;default;default;default
builtins/clear-delete-edge/clear-eval-order	artifacts/choice-trace-before/wire/builtins__clear-delete-edge__clear-eval-order.json	builtinClearEvalOrder	-	default;default;default;default;default;default
builtins/clear-delete-edge/clear-generic-slice	artifacts/choice-trace-before/wire/builtins__clear-delete-edge__clear-generic-slice.json	builtinClearGenericSliceSubject	-	default;default;default;default;default;default
builtins/clear-delete-edge/clear-generic-map	artifacts/choice-trace-before/wire/builtins__clear-delete-edge__clear-generic-map.json	builtinClearGenericMapSubject	-	default;default;default;default;default;default
builtins/clear-delete-edge/delete-defined-map	artifacts/choice-trace-before/wire/builtins__clear-delete-edge__delete-defined-map.json	builtinDeleteDefinedMap	-	default;default;default;default;default;default
builtins/clear-delete-edge/delete-generic-map	artifacts/choice-trace-before/wire/builtins__clear-delete-edge__delete-generic-map.json	builtinDeleteGenericMapSubject	-	default;default;default;default;default;default
builtins/clear-delete-edge/delete-nil-map-evaluates-key	artifacts/choice-trace-before/wire/builtins__clear-delete-edge__delete-nil-map-evaluates-key.json	builtinDeleteNilMapEvaluatesKey	-	default;default;default;default;default;default
builtins/clear-delete-edge/delete-map-expr-panic-before-key	artifacts/choice-trace-before/wire/builtins__clear-delete-edge__delete-map-expr-panic-before-key.json	builtinDeleteMapExprPanicBeforeKey	-	default;default;default;default;default;default
builtins/clear-map	artifacts/choice-trace-before/wire/builtins__clear-map.json	builtinClearMap	-	default;default;default;default;default;default
builtins/clear-slice	artifacts/choice-trace-before/wire/builtins__clear-slice.json	builtinClearSlice	-	default;default;default;default;default;default
builtins/copy-edge/eval-order	artifacts/choice-trace-before/wire/builtins__copy-edge__eval-order.json	builtinCopyEvalOrder	-	default;default;default;default;default;default
builtins/copy-edge/defined-slices	artifacts/choice-trace-before/wire/builtins__copy-edge__defined-slices.json	builtinCopyDefinedSlices	-	default;default;default;default;default;default
builtins/copy-edge/defined-byte-string	artifacts/choice-trace-before/wire/builtins__copy-edge__defined-byte-string.json	builtinCopyDefinedByteString	-	default;default;default;default;default;default
builtins/copy-edge/empty-string-to-bytes	artifacts/choice-trace-before/wire/builtins__copy-edge__empty-string-to-bytes.json	builtinCopyEmptyStringToBytes	-	default;default;default;default;default;default
builtins/copy-edge/nil-source	artifacts/choice-trace-before/wire/builtins__copy-edge__nil-source.json	builtinCopyNilSource	-	default;default;default;default;default;default
builtins/copy-edge/nil-destination	artifacts/choice-trace-before/wire/builtins__copy-edge__nil-destination.json	builtinCopyNilDestination	-	default;default;default;default;default;default
builtins/copy-edge/forward-overlap	artifacts/choice-trace-before/wire/builtins__copy-edge__forward-overlap.json	builtinCopyForwardOverlap	-	default;default;default;default;default;default
builtins/copy-edge/array-slice	artifacts/choice-trace-before/wire/builtins__copy-edge__array-slice.json	builtinCopyArraySlice	-	default;default;default;default;default;default
builtins/copy-edge/string-prefix	artifacts/choice-trace-before/wire/builtins__copy-edge__string-prefix.json	builtinCopyStringPrefix	-	default;default;default;default;default;default
builtins/copy-edge/generic-slices	artifacts/choice-trace-before/wire/builtins__copy-edge__generic-slices.json	builtinCopyGenericSubject	-	default;default;default;default;default;default
builtins/copy-string-to-bytes	artifacts/choice-trace-before/wire/builtins__copy-string-to-bytes.json	builtinCopyStringToBytes	-	default;default;default;default;default;default
builtins/len-cap-array-pointer	artifacts/choice-trace-before/wire/builtins__len-cap-array-pointer.json	builtinLenCapArrayPointer	-	default;default;default;default;default;default
builtins/len-vs-call-order/chan	artifacts/choice-trace-before/wire/builtins__len-vs-call-order__chan.json	lenVsCallChan	-	default;default;default;default;default;default
builtins/len-vs-call-order/slice	artifacts/choice-trace-before/wire/builtins__len-vs-call-order__slice.json	lenVsCallSlice	-	default;9;1;5;47062;45548
builtins/len-vs-call-order/recv-bearing	artifacts/choice-trace-before/wire/builtins__len-vs-call-order__recv-bearing.json	lenVsCallRecvBearing	-	default;default;default;default;default;default
builtins/len-vs-call-order/short-circuit	artifacts/choice-trace-before/wire/builtins__len-vs-call-order__short-circuit.json	lenVsCallShortCircuit	1	default;default;default;default;default;default
builtins/len-vs-call-order/short-circuit-skipped	artifacts/choice-trace-before/wire/builtins__len-vs-call-order__short-circuit-skipped.json	lenVsCallShortCircuit	0	default;default;default;default;default;default
builtins/len-vs-call-order/panicky-before-call	artifacts/choice-trace-before/wire/builtins__len-vs-call-order__panicky-before-call.json	lenPanickyBeforeCall	3	default;default;default;default;default;default
builtins/len-vs-call-order/panicky-between	artifacts/choice-trace-before/wire/builtins__len-vs-call-order__panicky-between.json	lenPanickyBetween	2	default;default;default;default;default;default
builtins/len-vs-call-order/hint-panicky-between	artifacts/choice-trace-before/wire/builtins__len-vs-call-order__hint-panicky-between.json	hintPanickyBetween	-	default;default;default;default;default;default
builtins/make-channel-len-cap	artifacts/choice-trace-before/wire/builtins__make-channel-len-cap.json	builtinMakeChannelLenCap	-	default;default;default;default;default;default
builtins/make-map-hint	artifacts/choice-trace-before/wire/builtins__make-map-hint.json	builtinMakeMapHint	-	default;default;default;default;default;default
builtins/make-map-hint-eval/panic-map-never-created	artifacts/choice-trace-before/wire/builtins__make-map-hint-eval__panic-map-never-created.json	mapHintPanicMapNeverCreated	-	default;default;default;default;default;default
builtins/make-map-hint-eval/panic-uncaught	artifacts/choice-trace-before/wire/builtins__make-map-hint-eval__panic-uncaught.json	mapHintPanicUncaught	-	default;default;default;default;default;default
builtins/make-map-hint-eval/index-panic-map-never-created	artifacts/choice-trace-before/wire/builtins__make-map-hint-eval__index-panic-map-never-created.json	mapHintIndexPanicMapNeverCreated	-	default;default;default;default;default;default
builtins/make-map-hint-eval/index-panic-uncaught	artifacts/choice-trace-before/wire/builtins__make-map-hint-eval__index-panic-uncaught.json	mapHintIndexPanicUncaught	-	default;default;default;default;default;default
builtins/make-map-hint-eval/evaluated-once	artifacts/choice-trace-before/wire/builtins__make-map-hint-eval__evaluated-once.json	mapHintEvaluatedOnce	-	default;default;default;default;default;default
builtins/make-map-hint-eval/negative-from-call	artifacts/choice-trace-before/wire/builtins__make-map-hint-eval__negative-from-call.json	mapHintNegativeFromCall	-	default;default;default;default;default;default
builtins/make-map-hint-eval/zero	artifacts/choice-trace-before/wire/builtins__make-map-hint-eval__zero.json	mapHintZero	-	default;default;default;default;default;default
builtins/make-map-hint-eval/named-int-type	artifacts/choice-trace-before/wire/builtins__make-map-hint-eval__named-int-type.json	mapHintNamedIntType	-	default;default;default;default;default;default
builtins/make-map-hint-eval/uint8-var	artifacts/choice-trace-before/wire/builtins__make-map-hint-eval__uint8-var.json	mapHintUint8Var	-	default;default;default;default;default;default
builtins/make-map-hint-eval/untyped-const	artifacts/choice-trace-before/wire/builtins__make-map-hint-eval__untyped-const.json	mapHintUntypedConst	-	default;default;default;default;default;default
builtins/make-map-hint-eval/typed-const	artifacts/choice-trace-before/wire/builtins__make-map-hint-eval__typed-const.json	mapHintTypedConst	-	default;default;default;default;default;default
builtins/make-map-hint-eval/eval-order-with-neighbors	artifacts/choice-trace-before/wire/builtins__make-map-hint-eval__eval-order-with-neighbors.json	mapHintEvalOrderWithNeighbors	-	default;default;default;default;default;default
builtins/make-map-hint-eval/eval-order-in-expression	artifacts/choice-trace-before/wire/builtins__make-map-hint-eval__eval-order-in-expression.json	mapHintInExpression	-	default;default;default;default;default;default
builtins/make-maxalloc/slice-len-over-byte	artifacts/choice-trace-before/wire/builtins__make-maxalloc__slice-len-over-byte.json	makeMaxAllocSliceLenOverByte	-	default;default;default;default;default;default
builtins/make-maxalloc/slice-len-over-const	artifacts/choice-trace-before/wire/builtins__make-maxalloc__slice-len-over-const.json	makeMaxAllocSliceLenOverConst	-	default;default;default;default;default;default
builtins/make-maxalloc/slice-len-over-int64	artifacts/choice-trace-before/wire/builtins__make-maxalloc__slice-len-over-int64.json	makeMaxAllocSliceLenOverInt64	-	default;default;default;default;default;default
builtins/make-maxalloc/slice-len-over-padded-struct	artifacts/choice-trace-before/wire/builtins__make-maxalloc__slice-len-over-padded-struct.json	makeMaxAllocSliceLenOverPaddedStruct	-	default;default;default;default;default;default
builtins/make-maxalloc/slice-cap-over-byte	artifacts/choice-trace-before/wire/builtins__make-maxalloc__slice-cap-over-byte.json	makeMaxAllocSliceCapOverByte	-	default;default;default;default;default;default
builtins/make-maxalloc/slice-len-and-cap-over	artifacts/choice-trace-before/wire/builtins__make-maxalloc__slice-len-and-cap-over.json	makeMaxAllocSliceLenAndCapOver	-	default;default;default;default;default;default
builtins/make-maxalloc/chan-size-over-byte	artifacts/choice-trace-before/wire/builtins__make-maxalloc__chan-size-over-byte.json	makeMaxAllocChanSizeOverByte	-	default;default;default;default;default;default
builtins/make-maxalloc/chan-size-header-boundary	artifacts/choice-trace-before/wire/builtins__make-maxalloc__chan-size-header-boundary.json	makeMaxAllocChanSizeHeaderBoundary	-	default;default;default;default;default;default
builtins/make-maxalloc/chan-size-over-int64	artifacts/choice-trace-before/wire/builtins__make-maxalloc__chan-size-over-int64.json	makeMaxAllocChanSizeOverInt64	-	default;default;default;default;default;default
builtins/make-maxalloc/chan-zero-size-elem-huge	artifacts/choice-trace-before/wire/builtins__make-maxalloc__chan-zero-size-elem-huge.json	makeMaxAllocChanZeroSizeElemHuge	-	default;default;default;default;default;default
builtins/make-maxalloc/map-hint-over	artifacts/choice-trace-before/wire/builtins__make-maxalloc__map-hint-over.json	makeMaxAllocMapHintOver	-	default;default;default;default;default;default
builtins/make-maxalloc/map-hint-negative	artifacts/choice-trace-before/wire/builtins__make-maxalloc__map-hint-negative.json	makeMaxAllocMapHintNegative	-	default;default;default;default;default;default
builtins/make-maxalloc/map-hint-eval-order	artifacts/choice-trace-before/wire/builtins__make-maxalloc__map-hint-eval-order.json	makeMaxAllocMapHintEvalOrder	-	default;default;default;default;default;default
builtins/make-maxalloc/recover-slice-len-over	artifacts/choice-trace-before/wire/builtins__make-maxalloc__recover-slice-len-over.json	makeMaxAllocRecoverSliceLen	-	default;default;default;default;default;default
builtins/make-maxalloc/recover-chan-size-over	artifacts/choice-trace-before/wire/builtins__make-maxalloc__recover-chan-size-over.json	makeMaxAllocRecoverChanSize	-	default;default;default;default;default;default
builtins/min-max-edge/one-arg	artifacts/choice-trace-before/wire/builtins__min-max-edge__one-arg.json	builtinMinMaxOneArg	-	default;default;default;default;default;default
builtins/min-max-edge/eval-order	artifacts/choice-trace-before/wire/builtins__min-max-edge__eval-order.json	builtinMinMaxEvalOrder	-	default;default;default;default;default;default
builtins/min-max-edge/defined-int	artifacts/choice-trace-before/wire/builtins__min-max-edge__defined-int.json	builtinMinMaxDefinedInt	-	default;default;default;default;default;default
builtins/min-max-edge/defined-string	artifacts/choice-trace-before/wire/builtins__min-max-edge__defined-string.json	builtinMinMaxDefinedString	-	default;default;default;default;default;default
builtins/min-max-edge/untyped-float-context	artifacts/choice-trace-before/wire/builtins__min-max-edge__untyped-float-context.json	builtinMinMaxUntypedFloatContext	-	default;default;default;default;default;default
builtins/min-max-edge/generic-ints	artifacts/choice-trace-before/wire/builtins__min-max-edge__generic-ints.json	builtinMinMaxGenericIntsSubject	-	default;default;default;default;default;default
builtins/min-max-edge/generic-strings	artifacts/choice-trace-before/wire/builtins__min-max-edge__generic-strings.json	builtinMinMaxGenericStringsSubject	-	default;default;default;default;default;default
builtins/min-max-edge/expressions	artifacts/choice-trace-before/wire/builtins__min-max-edge__expressions.json	builtinMinMaxExpressions	-	default;default;default;default;default;default
builtins/min-max-ints	artifacts/choice-trace-before/wire/builtins__min-max-ints.json	builtinMinMaxInts	-	default;default;default;default;default;default
builtins/min-max-strings	artifacts/choice-trace-before/wire/builtins__min-max-strings.json	builtinMinMaxStrings	-	default;default;default;default;default;default
builtins/min-max-vs-call-order/min-value	artifacts/choice-trace-before/wire/builtins__min-max-vs-call-order__min-value.json	probeMinValueOrder	-	default;default;default;default;default;default
builtins/min-max-vs-call-order/max-value	artifacts/choice-trace-before/wire/builtins__min-max-vs-call-order__max-value.json	probeMaxValueOrder	-	default;default;default;default;default;default
builtins/min-max-vs-call-order/min-arg-panic	artifacts/choice-trace-before/wire/builtins__min-max-vs-call-order__min-arg-panic.json	probeBuiltinArgIndex	-	default;default;default;default;default;default
builtins/min-max-vs-call-order/append-arg-panic	artifacts/choice-trace-before/wire/builtins__min-max-vs-call-order__append-arg-panic.json	probeAppendArgIndex	-	default;default;default;default;default;default
builtins/min-max-vs-call-order/call-in-builtin-arg	artifacts/choice-trace-before/wire/builtins__min-max-vs-call-order__call-in-builtin-arg.json	probeCallInsideBuiltinArg	-	default;default;default;default;default;default
builtins/real-imag	artifacts/choice-trace-before/wire/builtins__real-imag.json	builtinRealImag	-	default;default;default;default;default;default
builtins/recover-outside-defer	artifacts/choice-trace-before/wire/builtins__recover-outside-defer.json	builtinRecoverOutsideDefer	-	default;default;default;default;default;default
builtins/statement-position/copy-stmt	artifacts/choice-trace-before/wire/builtins__statement-position__copy-stmt.json	stmtCopy	-	default;default;default;default;default;default
builtins/statement-position/copy-stmt-overlap	artifacts/choice-trace-before/wire/builtins__statement-position__copy-stmt-overlap.json	stmtCopyOverlap	-	default;default;default;default;default;default
builtins/statement-position/copy-stmt-eval-order	artifacts/choice-trace-before/wire/builtins__statement-position__copy-stmt-eval-order.json	stmtCopyEvalOrder	-	default;default;default;default;default;default
builtins/statement-position/copy-stmt-string-source	artifacts/choice-trace-before/wire/builtins__statement-position__copy-stmt-string-source.json	stmtCopyStringToBytes	-	default;default;default;default;default;default
builtins/statement-position/recover-stmt-in-defer	artifacts/choice-trace-before/wire/builtins__statement-position__recover-stmt-in-defer.json	stmtRecoverInDefer	-	default;default;default;default;default;default
builtins/statement-position/recover-stmt-no-panic	artifacts/choice-trace-before/wire/builtins__statement-position__recover-stmt-no-panic.json	stmtRecoverNoPanic	-	default;default;default;default;default;default
builtins/statement-position/recover-stmt-outside-defer	artifacts/choice-trace-before/wire/builtins__statement-position__recover-stmt-outside-defer.json	stmtRecoverOutsideDefer	-	default;default;default;default;default;default
bytes/buffer-model/write-paths	artifacts/choice-trace-before/wire/bytes__buffer-model__write-paths.json	bufWritePaths	-	default;default;default;default;default;default
bytes/buffer-model/len-reset	artifacts/choice-trace-before/wire/bytes__buffer-model__len-reset.json	bufLenReset	-	default;default;default;default;default;default
bytes/buffer-model/zero-value	artifacts/choice-trace-before/wire/bytes__buffer-model__zero-value.json	bufZeroValue	-	default;default;default;default;default;default
bytes/buffer-model/nil-receiver-string	artifacts/choice-trace-before/wire/bytes__buffer-model__nil-receiver-string.json	bufNilReceiverString	-	default;default;default;default;default;default
bytes/buffer-model/pointer-use	artifacts/choice-trace-before/wire/bytes__buffer-model__pointer-use.json	bufPointerUse	-	default;default;default;default;default;default
bytes/equal-conformance/basic	artifacts/choice-trace-before/wire/bytes__equal-conformance__basic.json	bytesEqualBasic	-	default;default;default;default;default;default
bytes/equal-conformance/nil-empty	artifacts/choice-trace-before/wire/bytes__equal-conformance__nil-empty.json	bytesEqualNilEmpty	-	default;default;default;default;default;default
bytes/equal-conformance/step-shape	artifacts/choice-trace-before/wire/bytes__equal-conformance__step-shape.json	bytesEqualStepShape	-	default;9;1;5;47062;45548
channels/buffered-basic	artifacts/choice-trace-before/wire/channels__buffered-basic.json	channelBufferedBasic	-	default;default;default;default;default;default
channels/close-closed-panic	artifacts/choice-trace-before/wire/channels__close-closed-panic.json	channelCloseClosedPanic	-	default;default;default;default;default;default
channels/closed-receive	artifacts/choice-trace-before/wire/channels__closed-receive.json	channelClosedReceive	-	default;default;default;default;default;default
channels/close-edge/drain-zero-after-close	artifacts/choice-trace-before/wire/channels__close-edge__drain-zero-after-close.json	channelDrainZeroAfterClose	-	default;default;default;default;default;default
channels/close-edge/recover-negative-make	artifacts/choice-trace-before/wire/channels__close-edge__recover-negative-make.json	channelRecoverNegativeMake	-1	default;default;default;default;default;default
channels/close-edge/recover-send-closed	artifacts/choice-trace-before/wire/channels__close-edge__recover-send-closed.json	channelRecoverSendClosed	-	default;default;default;default;default;default
channels/close-edge/recover-close-closed	artifacts/choice-trace-before/wire/channels__close-edge__recover-close-closed.json	channelRecoverCloseClosed	-	default;default;default;default;default;default
channels/close-edge/recover-close-nil	artifacts/choice-trace-before/wire/channels__close-edge__recover-close-nil.json	channelRecoverCloseNil	-	default;default;default;default;default;default
channels/close-edge/defer-close	artifacts/choice-trace-before/wire/channels__close-edge__defer-close.json	channelDeferClose	-	default;default;default;default;default;default
channels/close-nil-panic	artifacts/choice-trace-before/wire/channels__close-nil-panic.json	channelCloseNilPanic	-	default;default;default;default;default;default
channels/close-send-only	artifacts/choice-trace-before/wire/channels__close-send-only.json	channelCloseSendOnly	-	default;default;default;default;default;default
channels/comparison/identity	artifacts/choice-trace-before/wire/channels__comparison__identity.json	channelComparisonIdentity	-	default;default;default;default;default;default
channels/comparison/directional-equal	artifacts/choice-trace-before/wire/channels__comparison__directional-equal.json	channelDirectionalEqual	-	default;default;default;default;default;default
channels/comparison/chan-of-chan	artifacts/choice-trace-before/wire/channels__comparison__chan-of-chan.json	channelOfChanIdentity	-	default;default;default;default;default;default
channels/comparison/map-key-alias	artifacts/choice-trace-before/wire/channels__comparison__map-key-alias.json	channelMapKeyAlias	-	default;default;default;default;default;default
channels/deadlock/send-nil	artifacts/choice-trace-before/wire/channels__deadlock__send-nil.json	deadlockSendNil	-	default;default;default;default;default;default
channels/deadlock/recv-nil	artifacts/choice-trace-before/wire/channels__deadlock__recv-nil.json	deadlockRecvNil	-	default;default;default;default;default;default
channels/deadlock/select-empty	artifacts/choice-trace-before/wire/channels__deadlock__select-empty.json	deadlockSelectEmpty	-	default;default;default;default;default;default
channels/deadlock/select-all-nil	artifacts/choice-trace-before/wire/channels__deadlock__select-all-nil.json	deadlockSelectAllNil	-	default;default;default;default;default;default
channels/deadlock/send-unbuffered	artifacts/choice-trace-before/wire/channels__deadlock__send-unbuffered.json	deadlockSendUnbuffered	-	default;default;default;default;default;default
channels/deadlock/recv-empty-open	artifacts/choice-trace-before/wire/channels__deadlock__recv-empty-open.json	deadlockRecvEmptyOpen	-	default;default;default;default;default;default
channels/deadlock/send-full	artifacts/choice-trace-before/wire/channels__deadlock__send-full.json	deadlockSendFull	-	default;default;default;default;default;default
channels/deadlock/range-open-drained	artifacts/choice-trace-before/wire/channels__deadlock__range-open-drained.json	deadlockRangeOpenDrained	-	default;default;default;default;default;default
channels/defer-close-two/first	artifacts/choice-trace-before/wire/channels__defer-close-two__first.json	deferCloseFirst	-	default;default;default;default;default;default
channels/defer-close-two/second	artifacts/choice-trace-before/wire/channels__defer-close-two__second.json	deferCloseSecond	-	default;default;default;default;default;default
channels/defer-close-two/unrelated	artifacts/choice-trace-before/wire/channels__defer-close-two__unrelated.json	deferCloseUnrelated	-	default;default;default;default;default;default
channels/directional-types	artifacts/choice-trace-before/wire/channels__directional-types.json	channelDirectionalTypes	-	default;default;default;default;default;default
channels/make-directional	artifacts/choice-trace-before/wire/channels__make-directional.json	channelMakeDirectional	-	default;default;default;default;default;default
channels/make-edge/zero-buffer	artifacts/choice-trace-before/wire/channels__make-edge__zero-buffer.json	channelMakeZeroBuffer	-	default;default;default;default;default;default
channels/make-edge/len-expression	artifacts/choice-trace-before/wire/channels__make-edge__len-expression.json	channelMakeLenExpression	-	default;default;default;default;default;default
channels/make-edge/negative-buffer-panic	artifacts/choice-trace-before/wire/channels__make-edge__negative-buffer-panic.json	channelMakeNegativePanic	-	default;default;default;default;default;default
channels/make-edge/len-cap-directional	artifacts/choice-trace-before/wire/channels__make-edge__len-cap-directional.json	channelLenCapDirectionalValues	-	default;default;default;default;default;default
channels/make-edge/close-does-not-drain	artifacts/choice-trace-before/wire/channels__make-edge__close-does-not-drain.json	channelCloseDoesNotDrain	-	default;default;default;default;default;default
channels/make-edge/buffered-fifo	artifacts/choice-trace-before/wire/channels__make-edge__buffered-fifo.json	channelBufferedFifo	-	default;default;default;default;default;default
channels/make-edge/receive-comma-ok-open	artifacts/choice-trace-before/wire/channels__make-edge__receive-comma-ok-open.json	channelReceiveCommaOkOpen	-	default;default;default;default;default;default
channels/make-edge/ordinary-send-eval-order	artifacts/choice-trace-before/wire/channels__make-edge__ordinary-send-eval-order.json	channelOrdinarySendEvalOrder	-	default;default;default;default;default;default
channels/make-edge/ordinary-receive-eval-order	artifacts/choice-trace-before/wire/channels__make-edge__ordinary-receive-eval-order.json	channelOrdinaryReceiveEvalOrder	-	default;default;default;default;default;default
channels/make-edge/close-eval-order	artifacts/choice-trace-before/wire/channels__make-edge__close-eval-order.json	channelCloseEvalOrder	-	default;default;default;default;default;default
channels/nil-values	artifacts/choice-trace-before/wire/channels__nil-values.json	channelNilValues	-	default;default;default;default;default;default
channels/range-closed	artifacts/choice-trace-before/wire/channels__range-closed.json	channelRangeClosed	-	default;default;default;default;default;default
channels/range-edge/break	artifacts/choice-trace-before/wire/channels__range-edge__break.json	channelRangeBreak	-	default;default;default;default;default;default
channels/range-edge/no-var	artifacts/choice-trace-before/wire/channels__range-edge__no-var.json	channelRangeNoVar	-	default;default;default;default;default;default
channels/recv-edge/nil-deref-target-recovered	artifacts/choice-trace-before/wire/channels__recv-edge__nil-deref-target-recovered.json	recvNilDerefTargetRecovered	-	default;default;default;default;default;default
channels/recv-edge/nil-deref-target-drains	artifacts/choice-trace-before/wire/channels__recv-edge__nil-deref-target-drains.json	recvNilDerefTargetDrains	-	default;default;default;default;default;default
channels/recv-edge/oob-target-drains	artifacts/choice-trace-before/wire/channels__recv-edge__oob-target-drains.json	recvOobTargetDrains	-	default;default;default;default;default;default
channels/recv-edge/bad-target-blocks	artifacts/choice-trace-before/wire/channels__recv-edge__bad-target-blocks.json	recvBadTargetBlocks	-	default;default;default;default;default;default
channels/recv-edge/second-target-panic-stores-first	artifacts/choice-trace-before/wire/channels__recv-edge__second-target-panic-stores-first.json	recvSecondTargetPanicStoresFirst	-	default;default;default;default;default;default
channels/recv-edge/dep-index-target	artifacts/choice-trace-before/wire/channels__recv-edge__dep-index-target.json	recvDepIndexTarget	-	default;default;default;default;default;default
channels/recv-edge/nil-index-base-second	artifacts/choice-trace-before/wire/channels__recv-edge__nil-index-base-second.json	recvNilIndexBaseSecond	-	default;default;default;default;default;default
channels/recv-edge/field-second-target-stores-first	artifacts/choice-trace-before/wire/channels__recv-edge__field-second-target-stores-first.json	recvFieldSecondTarget	-	default;default;default;default;default;default
channels/recv-edge/oob-second-target-stores-first	artifacts/choice-trace-before/wire/channels__recv-edge__oob-second-target-stores-first.json	recvOobSecondTarget	-	default;default;default;default;default;default
channels/recv-edge/chain-field-over-index	artifacts/choice-trace-before/wire/channels__recv-edge__chain-field-over-index.json	recvChainFieldOverIndex	-	default;default;default;default;default;default
channels/recv-map-elem	artifacts/choice-trace-before/wire/channels__recv-map-elem.json	recvMapElem	-	default;default;default;default;default;default
channels/recv-map-elem/key-panic-drains	artifacts/choice-trace-before/wire/channels__recv-map-elem__key-panic-drains.json	mapKeyPanicDrains	-	default;default;default;default;default;default
channels/recv-map-elem/first-store-lands	artifacts/choice-trace-before/wire/channels__recv-map-elem__first-store-lands.json	mapFirstStoreLands	-	default;default;default;default;default;default
channels/recv-order/call-arg	artifacts/choice-trace-before/wire/channels__recv-order__call-arg.json	recvOrderCallArg	-	default;default;default;default;default;default
channels/recv-order/return-list	artifacts/choice-trace-before/wire/channels__recv-order__return-list.json	recvOrderReturnList	-	default;default;default;default;default;default
channels/recv-order/composite-lit	artifacts/choice-trace-before/wire/channels__recv-order__composite-lit.json	recvOrderCompositeLit	-	default;default;default;default;default;default
channels/recv-order/multi-assign	artifacts/choice-trace-before/wire/channels__recv-order__multi-assign.json	recvOrderMultiAssign	-	default;default;default;default;default;default
channels/recv-order/binary	artifacts/choice-trace-before/wire/channels__recv-order__binary.json	recvOrderBinary	-	default;default;default;default;default;default
channels/recv-order/for-init	artifacts/choice-trace-before/wire/channels__recv-order__for-init.json	recvOrderForInit	-	default;default;default;default;default;default
channels/recv-order/for-cond	artifacts/choice-trace-before/wire/channels__recv-order__for-cond.json	recvOrderForCond	-	default;default;default;default;default;default
channels/recv-order/else-if	artifacts/choice-trace-before/wire/channels__recv-order__else-if.json	recvOrderElseIf	-	default;default;default;default;default;default
channels/recv-order/switch-case	artifacts/choice-trace-before/wire/channels__recv-order__switch-case.json	recvOrderSwitchCase	-	default;default;default;default;default;default
channels/recv-order/dead-recv-len-operand	artifacts/choice-trace-before/wire/channels__recv-order__dead-recv-len-operand.json	recvOrderDeadRecvLenOperand	7	default;default;default;default;default;default
channels/recv-order/dead-recv-len-embedded	artifacts/choice-trace-before/wire/channels__recv-order__dead-recv-len-embedded.json	recvOrderDeadRecvLenEmbedded	7	default;default;default;default;default;default
channels/recv-order/len-embedded-no-recv	artifacts/choice-trace-before/wire/channels__recv-order__len-embedded-no-recv.json	recvOrderLenEmbeddedNoRecv	7	default;default;default;default;default;default
channels/recv-short-circuit/and-rhs	artifacts/choice-trace-before/wire/channels__recv-short-circuit__and-rhs.json	rscAndRhs	-	default;default;default;default;default;default
channels/recv-short-circuit/or-rhs	artifacts/choice-trace-before/wire/channels__recv-short-circuit__or-rhs.json	rscOrRhs	-	default;default;default;default;default;default
channels/recv-short-circuit/and-rhs-skipped	artifacts/choice-trace-before/wire/channels__recv-short-circuit__and-rhs-skipped.json	rscAndRhsSkipped	-	default;default;default;default;default;default
channels/recv-short-circuit/and-lhs	artifacts/choice-trace-before/wire/channels__recv-short-circuit__and-lhs.json	rscAndLhs	-	default;default;default;default;default;default
channels/recv-short-circuit/funclit-rhs	artifacts/choice-trace-before/wire/channels__recv-short-circuit__funclit-rhs.json	rscFuncLitRhs	-	default;default;default;default;default;default
channels/recv-stmt	artifacts/choice-trace-before/wire/channels__recv-stmt.json	recvStmtDrain	-	default;default;default;default;default;default
channels/select-deterministic/default-only	artifacts/choice-trace-before/wire/channels__select-deterministic__default-only.json	channelSelectDefaultOnly	-	default;default;default;default;default;default
channels/select-deterministic/closed-buffered-receive	artifacts/choice-trace-before/wire/channels__select-deterministic__closed-buffered-receive.json	channelSelectClosedBufferedReceive	-	default;default;default;default;default;default
channels/select-deterministic/closed-drained-receive	artifacts/choice-trace-before/wire/channels__select-deterministic__closed-drained-receive.json	channelSelectClosedDrainedReceive	-	default;default;default;default;default;default
channels/select-deterministic/closed-receive-declare	artifacts/choice-trace-before/wire/channels__select-deterministic__closed-receive-declare.json	channelSelectClosedReceiveDeclare	-	default;default;default;default;default;default
channels/select-deterministic/nil-and-ready-receive	artifacts/choice-trace-before/wire/channels__select-deterministic__nil-and-ready-receive.json	channelSelectNilAndReadyReceive	-	default;default;default;default;default;default
channels/select-deterministic/nil-and-ready-send	artifacts/choice-trace-before/wire/channels__select-deterministic__nil-and-ready-send.json	channelSelectNilAndReadySend	-	default;default;default;default;default;default
channels/select-deterministic/send-closed-panic	artifacts/choice-trace-before/wire/channels__select-deterministic__send-closed-panic.json	channelSelectSendClosedPanic	-	default;default;default;default;default;default
channels/select-deterministic/send-rhs-eval-unselected	artifacts/choice-trace-before/wire/channels__select-deterministic__send-rhs-eval-unselected.json	channelSelectSendRhsEvalUnselected	-	default;default;default;default;default;default
channels/select-deterministic/channel-operands-eval-order	artifacts/choice-trace-before/wire/channels__select-deterministic__channel-operands-eval-order.json	channelSelectChanOperandsEvalOrder	-	default;default;default;default;default;default
channels/select-deterministic/unselected-receive-lhs-not-eval	artifacts/choice-trace-before/wire/channels__select-deterministic__unselected-receive-lhs-not-eval.json	channelSelectUnselectedReceiveLhsNotEval	-	default;default;default;default;default;default
channels/select-deterministic/selected-receive-lhs-eval	artifacts/choice-trace-before/wire/channels__select-deterministic__selected-receive-lhs-eval.json	channelSelectSelectedReceiveLhsEval	-	default;default;default;default;default;default
channels/select-deterministic/send-rhs-panic-before-default	artifacts/choice-trace-before/wire/channels__select-deterministic__send-rhs-panic-before-default.json	channelSelectSendRhsPanicBeforeDefault	-	default;default;default;default;default;default
channels/select-deterministic/recv-chan-panic-before-default	artifacts/choice-trace-before/wire/channels__select-deterministic__recv-chan-panic-before-default.json	channelSelectRecvChanPanicBeforeDefault	-	default;default;default;default;default;default
channels/select-empty-receive-default	artifacts/choice-trace-before/wire/channels__select-empty-receive-default.json	channelSelectEmptyReceiveDefault	-	default;default;default;default;default;default
channels/select-entry-snapshot/send-value-snapshot	artifacts/choice-trace-before/wire/channels__select-entry-snapshot__send-value-snapshot.json	selEntrySendValueSnapshot	-	default;default;default;default;default;default
channels/select-entry-snapshot/chan-operand-snapshot	artifacts/choice-trace-before/wire/channels__select-entry-snapshot__chan-operand-snapshot.json	selEntryChanOperandSnapshot	-	default;default;default;default;default;default
channels/select-full-send-default	artifacts/choice-trace-before/wire/channels__select-full-send-default.json	channelSelectFullSendDefault	-	default;default;default;default;default;default
channels/select-multi-ready	artifacts/choice-trace-before/wire/channels__select-multi-ready.json	channelSelectMultiReadyConfluent	-	default;9;1;5;47062;45548
channels/select-multi-ready/observable	artifacts/choice-trace-before/wire/channels__select-multi-ready__observable.json	channelSelectMultiReadyObservable	-	default;9;1;5;47062;45548
channels/select-nil-default	artifacts/choice-trace-before/wire/channels__select-nil-default.json	channelSelectNilDefault	-	default;default;default;default;default;default
channels/select-ready-receive	artifacts/choice-trace-before/wire/channels__select-ready-receive.json	channelSelectReadyReceive	-	default;default;default;default;default;default
channels/select-ready-send	artifacts/choice-trace-before/wire/channels__select-ready-send.json	channelSelectReadySend	-	default;default;default;default;default;default
channels/select-recv-edge/dep-index-target	artifacts/choice-trace-before/wire/channels__select-recv-edge__dep-index-target.json	selDepIndexTarget	-	default;default;default;default;default;default
channels/select-recv-edge/nil-index-base-second	artifacts/choice-trace-before/wire/channels__select-recv-edge__nil-index-base-second.json	selNilIndexBaseSecond	-	default;default;default;default;default;default
channels/select-recv-edge/field-second-target-stores-first	artifacts/choice-trace-before/wire/channels__select-recv-edge__field-second-target-stores-first.json	selFieldSecondTarget	-	default;default;default;default;default;default
channels/select-recv-edge/chain-field-over-index	artifacts/choice-trace-before/wire/channels__select-recv-edge__chain-field-over-index.json	selChainFieldOverIndex	-	default;default;default;default;default;default
channels/select-recv-edge/fallback-call-index	artifacts/choice-trace-before/wire/channels__select-recv-edge__fallback-call-index.json	selFallbackCallIndex	-	default;default;default;default;default;default
channels/select-select/core	artifacts/choice-trace-before/wire/channels__select-select__core.json	selectToSelect	-	default;9,8,7;1,3;5,5;47062,17241,28876;45548,4010
channels/select-select/beside-loop	artifacts/choice-trace-before/wire/channels__select-select__beside-loop.json	selectBesideSelectLoop	-	default;9,8,7;1,3;5,5;47062,17241,28876,43750,15194;45548,4010,42376,18520
channels/send-closed-panic	artifacts/choice-trace-before/wire/channels__send-closed-panic.json	channelSendClosedPanic	-	default;default;default;default;default;default
comparisons/short-circuit/array-skips-interface-panic	artifacts/choice-trace-before/wire/comparisons__short-circuit__array-skips-interface-panic.json	comparisonArraySkipsInterfacePanic	-	default;default;default;default;default;default
comparisons/short-circuit/array-reaches-interface-panic	artifacts/choice-trace-before/wire/comparisons__short-circuit__array-reaches-interface-panic.json	comparisonArrayReachesInterfacePanic	-	default;default;default;default;default;default
comparisons/short-circuit/struct-skips-interface-panic	artifacts/choice-trace-before/wire/comparisons__short-circuit__struct-skips-interface-panic.json	comparisonStructSkipsInterfacePanic	-	default;default;default;default;default;default
comparisons/short-circuit/struct-reaches-interface-panic	artifacts/choice-trace-before/wire/comparisons__short-circuit__struct-reaches-interface-panic.json	comparisonStructReachesInterfacePanic	-	default;default;default;default;default;default
comparisons/short-circuit/nested-array-struct-skips-panic	artifacts/choice-trace-before/wire/comparisons__short-circuit__nested-array-struct-skips-panic.json	comparisonNestedArrayStructSkipsPanic	-	default;default;default;default;default;default
comparisons/short-circuit/nested-array-struct-reaches-panic	artifacts/choice-trace-before/wire/comparisons__short-circuit__nested-array-struct-reaches-panic.json	comparisonNestedArrayStructReachesPanic	-	default;default;default;default;default;default
comparisons/short-circuit/struct-nested-array-skips-panic	artifacts/choice-trace-before/wire/comparisons__short-circuit__struct-nested-array-skips-panic.json	comparisonStructNestedArraySkipsPanic	-	default;default;default;default;default;default
comparisons/short-circuit/struct-nested-array-reaches-panic	artifacts/choice-trace-before/wire/comparisons__short-circuit__struct-nested-array-reaches-panic.json	comparisonStructNestedArrayReachesPanic	-	default;default;default;default;default;default
complex/basic	artifacts/choice-trace-before/wire/complex__basic.json	complexBasic	-	default;default;default;default;default;default
complex/builtin-untyped-args	artifacts/choice-trace-before/wire/complex__builtin-untyped-args.json	complexBuiltinUntypedArgs	-	default;default;default;default;default;default
complex/complex64-parts	artifacts/choice-trace-before/wire/complex__complex64-parts.json	complex64Parts	-	default;default;default;default;default;default
complex/complex64-rounding	artifacts/choice-trace-before/wire/complex__complex64-rounding.json	complex64Rounding	-	default;default;default;default;default;default
complex/compound-assign	artifacts/choice-trace-before/wire/complex__compound-assign.json	complexCompoundAssign	-	default;default;default;default;default;default
complex/constant-real-imag	artifacts/choice-trace-before/wire/complex__constant-real-imag.json	complexConstantRealImag	-	default;default;default;default;default;default
complex/division	artifacts/choice-trace-before/wire/complex__division.json	complexDivision	-	default;default;default;default;default;default
complex/equality	artifacts/choice-trace-before/wire/complex__equality.json	complexEquality	-	default;default;default;default;default;default
complex/nan-inf-parts	artifacts/choice-trace-before/wire/complex__nan-inf-parts.json	complexNanInfParts	-	default;default;default;default;default;default
complex/real-imag-real-args	artifacts/choice-trace-before/wire/complex__real-imag-real-args.json	realImagRealArgs	-	default;default;default;default;default;default
complex/zero-value	artifacts/choice-trace-before/wire/complex__zero-value.json	complexZeroValue	-	default;default;default;default;default;default
constants/array-bound	artifacts/choice-trace-before/wire/constants__array-bound.json	constantArrayBound	-	default;default;default;default;default;default
constants/builtin-len-cap-constants	artifacts/choice-trace-before/wire/constants__builtin-len-cap-constants.json	builtinLenCapConstants	-	default;default;default;default;default;default
constants/complex-constant	artifacts/choice-trace-before/wire/constants__complex-constant.json	complexConstant	-	default;default;default;default;default;default
constants/constant-character-representability	artifacts/choice-trace-before/wire/constants__constant-character-representability.json	constantCharacterRepresentability	-	default;default;default;default;default;default
constants/constant-comparison	artifacts/choice-trace-before/wire/constants__constant-comparison.json	constantComparison	-	default;default;default;default;default;default
constants/constant-division	artifacts/choice-trace-before/wire/constants__constant-division.json	constantDivision	-	default;default;default;default;default;default
constants/const-precision	artifacts/choice-trace-before/wire/constants__const-precision.json	constPrecision	-	default;default;default;default;default;default
constants/default-bool-string	artifacts/choice-trace-before/wire/constants__default-bool-string.json	constantDefaultBoolString	-	default;default;default;default;default;default
constants/default-types	artifacts/choice-trace-before/wire/constants__default-types.json	constantDefaultTypes	-	default;default;default;default;default;default
constants/dependent-constants	artifacts/choice-trace-before/wire/constants__dependent-constants.json	dependentConstants	-	default;default;default;default;default;default
constants/grouped-constant-dependencies	artifacts/choice-trace-before/wire/constants__grouped-constant-dependencies.json	groupedConstantDependencies	-	default;default;default;default;default;default
constants/iota-bitmask	artifacts/choice-trace-before/wire/constants__iota-bitmask.json	iotaBitmask	-	default;default;default;default;default;default
constants/iota-blank	artifacts/choice-trace-before/wire/constants__iota-blank.json	iotaBlank	-	default;default;default;default;default;default
constants/iota-expressions	artifacts/choice-trace-before/wire/constants__iota-expressions.json	iotaExpressions	-	default;default;default;default;default;default
constants/iota-multi-name-repeat	artifacts/choice-trace-before/wire/constants__iota-multi-name-repeat.json	iotaMultiNameRepeat	-	default;default;default;default;default;default
constants/iota-reset-blocks	artifacts/choice-trace-before/wire/constants__iota-reset-blocks.json	iotaResetBlocks	-	default;default;default;default;default;default
constants/iota-typed-repeat	artifacts/choice-trace-before/wire/constants__iota-typed-repeat.json	iotaTypedRepeat	-	default;default;default;default;default;default
constants/representability-boundaries	artifacts/choice-trace-before/wire/constants__representability-boundaries.json	constantRepresentabilityBoundaries	-	default;default;default;default;default;default
constants/rune-escape-constants	artifacts/choice-trace-before/wire/constants__rune-escape-constants.json	runeEscapeConstants	-	default;default;default;default;default;default
constants/shift-representability	artifacts/choice-trace-before/wire/constants__shift-representability.json	constantShiftRepresentability	-	default;default;default;default;default;default
constants/shift-width-boundaries	artifacts/choice-trace-before/wire/constants__shift-width-boundaries.json	constantShiftWidthBoundaries	-	default;default;default;default;default;default
constants/string-escape-constant	artifacts/choice-trace-before/wire/constants__string-escape-constant.json	stringEscapeConstant	-	default;default;default;default;default;default
constants/typed-explicit-conversion	artifacts/choice-trace-before/wire/constants__typed-explicit-conversion.json	typedConstantExplicitConversion	-	default;default;default;default;default;default
constants/typed-iota	artifacts/choice-trace-before/wire/constants__typed-iota.json	typedIota	-	default;default;default;default;default;default
constants/typed-iota-offset	artifacts/choice-trace-before/wire/constants__typed-iota-offset.json	typedIotaOffset	-	default;default;default;default;default;default
constants/typed-string-binary	artifacts/choice-trace-before/wire/constants__typed-string-binary.json	typedStringBinaryConstant	-	default;default;default;default;default;default
constants/typed-untyped-binary	artifacts/choice-trace-before/wire/constants__typed-untyped-binary.json	typedUntypedBinaryConstant	-	default;default;default;default;default;default
constants/untyped-adaptation	artifacts/choice-trace-before/wire/constants__untyped-adaptation.json	untypedConstantAdaptation	-	default;default;default;default;default;default
constants/untyped-complex-context	artifacts/choice-trace-before/wire/constants__untyped-complex-context.json	untypedComplexContext	-	default;default;default;default;default;default
control-flow/break-label-select	artifacts/choice-trace-before/wire/control-flow__break-label-select.json	breakLabelSelect	-	default;default;default;default;default;default
control-flow/continue-in-switch	artifacts/choice-trace-before/wire/control-flow__continue-in-switch.json	continueInSwitch	-	default;default;default;default;default;default
control-flow/continue-label-post	artifacts/choice-trace-before/wire/control-flow__continue-label-post.json	continueLabelPost	-	default;default;default;default;default;default
control-flow/expressionless-switch-order	artifacts/choice-trace-before/wire/control-flow__expressionless-switch-order.json	expressionlessSwitchOrder	-	default;default;default;default;default;default
control-flow/for-break-skips-post	artifacts/choice-trace-before/wire/control-flow__for-break-skips-post.json	forBreakSkipsPost	-	default;default;default;default;default;default
control-flow/for-condition-eval	artifacts/choice-trace-before/wire/control-flow__for-condition-eval.json	forConditionEval	-	default;default;default;default;default;default
control-flow/for-continue-post-plain	artifacts/choice-trace-before/wire/control-flow__for-continue-post-plain.json	forContinuePostPlain	-	default;default;default;default;default;default
control-flow/for-continue-runs-post	artifacts/choice-trace-before/wire/control-flow__for-continue-runs-post.json	forContinueRunsPost	-	default;default;default;default;default;default
control-flow/for-loopvar-addr-escape	artifacts/choice-trace-before/wire/control-flow__for-loopvar-addr-escape.json	forLoopvarAddrEscape	-	default;9;1;5;47062;45548
control-flow/for-loopvar-array-slice	artifacts/choice-trace-before/wire/control-flow__for-loopvar-array-slice.json	forLoopvarArraySlice	-	default;9;1;5;47062;45548
control-flow/for-loopvar-cond-capture	artifacts/choice-trace-before/wire/control-flow__for-loopvar-cond-capture.json	forLoopvarCondCapture	-	default;9;1;5;47062;45548
control-flow/for-loopvar-escape	artifacts/choice-trace-before/wire/control-flow__for-loopvar-escape.json	forLoopvarEscape	-	default;default;default;default;default;default
control-flow/for-loopvar-post-capture	artifacts/choice-trace-before/wire/control-flow__for-loopvar-post-capture.json	forLoopvarPostCapture	-	default;9;1;5;47062;45548
control-flow/for-loopvar-ptr-recv	artifacts/choice-trace-before/wire/control-flow__for-loopvar-ptr-recv.json	forLoopvarPtrRecv	-	default;9;1;5;47062;45548
control-flow/for-post-side-effects	artifacts/choice-trace-before/wire/control-flow__for-post-side-effects.json	forPostSideEffects	-	default;default;default;default;default;default
control-flow/goto-backward-array-slice	artifacts/choice-trace-before/wire/control-flow__goto-backward-array-slice.json	gotoBackwardArraySlice	-	default;default;default;default;default;default
control-flow/goto-backward-capture	artifacts/choice-trace-before/wire/control-flow__goto-backward-capture.json	gotoBackwardCapture	-	default;default;default;default;default;default
control-flow/goto-backward-elem-addr	artifacts/choice-trace-before/wire/control-flow__goto-backward-elem-addr.json	gotoBackwardElemAddr	-	default;default;default;default;default;default
control-flow/goto-backward-field-addr	artifacts/choice-trace-before/wire/control-flow__goto-backward-field-addr.json	gotoBackwardFieldAddr	-	default;default;default;default;default;default
control-flow/goto-backward-nested-recv	artifacts/choice-trace-before/wire/control-flow__goto-backward-nested-recv.json	gotoBackwardNestedRecv	-	default;default;default;default;default;default
control-flow/goto-backward-redeclare	artifacts/choice-trace-before/wire/control-flow__goto-backward-redeclare.json	gotoBackwardRedeclare	-	default;default;default;default;default;default
control-flow/goto-blank-var-decl	artifacts/choice-trace-before/wire/control-flow__goto-blank-var-decl.json	gotoBlankVarDecl	-	default;default;default;default;default;default
control-flow/goto-defer-return	artifacts/choice-trace-before/wire/control-flow__goto-defer-return.json	gotoDeferReturn	-	default;default;default;default;default;default
control-flow/goto-forward	artifacts/choice-trace-before/wire/control-flow__goto-forward.json	gotoForward	-	default;default;default;default;default;default
control-flow/goto-if-init-cond-hoist	artifacts/choice-trace-before/wire/control-flow__goto-if-init-cond-hoist.json	gotoIfInitCondHoist	-	default;default;default;default;default;default
control-flow/goto-loop	artifacts/choice-trace-before/wire/control-flow__goto-loop.json	gotoLoop	-	default;default;default;default;default;default
control-flow/goto-out-of-block	artifacts/choice-trace-before/wire/control-flow__goto-out-of-block.json	gotoOutOfBlock	-	default;default;default;default;default;default
control-flow/goto-out-of-for	artifacts/choice-trace-before/wire/control-flow__goto-out-of-for.json	gotoOutOfFor	-	default;default;default;default;default;default
control-flow/goto-out-of-select	artifacts/choice-trace-before/wire/control-flow__goto-out-of-select.json	gotoOutOfSelect	-	default;default;default;default;default;default
control-flow/goto-out-of-switch	artifacts/choice-trace-before/wire/control-flow__goto-out-of-switch.json	gotoOutOfSwitch	-	default;default;default;default;default;default
control-flow/goto-over-type-decl	artifacts/choice-trace-before/wire/control-flow__goto-over-type-decl.json	gotoOverTypeDecl	-	default;default;default;default;default;default
control-flow/infinite-loop-return	artifacts/choice-trace-before/wire/control-flow__infinite-loop-return.json	infiniteLoopReturn	-	default;default;default;default;default;default
control-flow/labeled-branch-range-map	artifacts/choice-trace-before/wire/control-flow__labeled-branch-range-map.json	labeledBranchRangeMap	-	default;9,8,6;1,3,7;5,5,5;47062,17241,43750;45548,4010,18520
control-flow/labeled-break	artifacts/choice-trace-before/wire/control-flow__labeled-break.json	labeledBreak	-	default;default;default;default;default;default
control-flow/labeled-break-defer	artifacts/choice-trace-before/wire/control-flow__labeled-break-defer.json	labeledBreakDefer	-	default;default;default;default;default;default
control-flow/labeled-continue	artifacts/choice-trace-before/wire/control-flow__labeled-continue.json	labeledContinue	-	default;default;default;default;default;default
control-flow/labeled-continue-range-map-block	artifacts/choice-trace-before/wire/control-flow__labeled-continue-range-map-block.json	labeledContinueRangeMapBlock	-	default;9,8,7;1,3,5;5,5,5;47062,17241,28876;45548,4010,42376
control-flow/labeled-cross-inner-labeled	artifacts/choice-trace-before/wire/control-flow__labeled-cross-inner-labeled.json	labeledCrossInnerLabeled	-	default;default;default;default;default;default
control-flow/labeled-empty-statement	artifacts/choice-trace-before/wire/control-flow__labeled-empty-statement.json	labeledEmptyStatement	-	default;default;default;default;default;default
control-flow/labeled-statement-scope	artifacts/choice-trace-before/wire/control-flow__labeled-statement-scope.json	labeledStatementScope	-	default;default;default;default;default;default
control-flow/labeled-switch-bare-continue	artifacts/choice-trace-before/wire/control-flow__labeled-switch-bare-continue.json	labeledSwitchBareContinue	-	default;default;default;default;default;default
control-flow/nested-labeled-break	artifacts/choice-trace-before/wire/control-flow__nested-labeled-break.json	nestedLabeledBreak	-	default;default;default;default;default;default
control-flow/switch-basic	artifacts/choice-trace-before/wire/control-flow__switch-basic.json	switchBasic	-	default;default;default;default;default;default
control-flow/switch-break	artifacts/choice-trace-before/wire/control-flow__switch-break.json	switchBreak	-	default;default;default;default;default;default
control-flow/switch-break-continue-interleave	artifacts/choice-trace-before/wire/control-flow__switch-break-continue-interleave.json	switchBreakContinueInterleave	-	default;default;default;default;default;default
control-flow/switch-break-in-loop	artifacts/choice-trace-before/wire/control-flow__switch-break-in-loop.json	switchBreakInLoop	-	default;default;default;default;default;default
control-flow/switch-break-inner-loop	artifacts/choice-trace-before/wire/control-flow__switch-break-inner-loop.json	switchBreakInnerLoop	-	default;default;default;default;default;default
control-flow/switch-break-nested-block	artifacts/choice-trace-before/wire/control-flow__switch-break-nested-block.json	switchBreakNestedBlock	-	default;default;default;default;default;default
control-flow/switch-case-call	artifacts/choice-trace-before/wire/control-flow__switch-case-call.json	switchCaseCall	-	default;default;default;default;default;default
control-flow/switch-case-expression-panic	artifacts/choice-trace-before/wire/control-flow__switch-case-expression-panic.json	switchCaseExpressionPanic	-	default;default;default;default;default;default
control-flow/switch-case-order	artifacts/choice-trace-before/wire/control-flow__switch-case-order.json	switchCaseOrder	-	default;default;default;default;default;default
control-flow/switch-clause-nested-block-declares	artifacts/choice-trace-before/wire/control-flow__switch-clause-nested-block-declares.json	switchClauseNestedBlockDeclares	-	default;default;default;default;default;default
control-flow/switch-default-only-break	artifacts/choice-trace-before/wire/control-flow__switch-default-only-break.json	switchDefaultOnlyBreak	-	default;default;default;default;default;default
control-flow/switch-default-position	artifacts/choice-trace-before/wire/control-flow__switch-default-position.json	switchDefaultPosition	-	default;default;default;default;default;default
control-flow/switch-empty-clause	artifacts/choice-trace-before/wire/control-flow__switch-empty-clause.json	switchEmptyClause	-	default;default;default;default;default;default
control-flow/switch-expression-once	artifacts/choice-trace-before/wire/control-flow__switch-expression-once.json	switchExpressionOnce	-	default;default;default;default;default;default
control-flow/switch-fallthrough	artifacts/choice-trace-before/wire/control-flow__switch-fallthrough.json	switchFallthrough	-	default;default;default;default;default;default
control-flow/switch-fallthrough-chain	artifacts/choice-trace-before/wire/control-flow__switch-fallthrough-chain.json	switchFallthroughChain	-	default;default;default;default;default;default
control-flow/switch-fallthrough-declaring-clause	artifacts/choice-trace-before/wire/control-flow__switch-fallthrough-declaring-clause.json	switchFallthroughDeclaringClause	-	default;default;default;default;default;default
control-flow/switch-fallthrough-into-default	artifacts/choice-trace-before/wire/control-flow__switch-fallthrough-into-default.json	switchFallthroughIntoDefault	-	default;default;default;default;default;default
control-flow/switch-fallthrough-skips-case-expression	artifacts/choice-trace-before/wire/control-flow__switch-fallthrough-skips-case-expression.json	switchFallthroughSkipsCaseExpression	-	default;default;default;default;default;default
control-flow/switch-fallthrough-target-declares	artifacts/choice-trace-before/wire/control-flow__switch-fallthrough-target-declares.json	switchFallthroughTargetDeclares	-	default;default;default;default;default;default
control-flow/switch-fallthrough-then-break	artifacts/choice-trace-before/wire/control-flow__switch-fallthrough-then-break.json	switchFallthroughThenBreak	-	default;default;default;default;default;default
control-flow/switch-init-before-expression	artifacts/choice-trace-before/wire/control-flow__switch-init-before-expression.json	switchInitBeforeExpression	-	default;default;default;default;default;default
control-flow/switch-init	artifacts/choice-trace-before/wire/control-flow__switch-init.json	switchInit	-	default;default;default;default;default;default
control-flow/switch-interface-case-panic	artifacts/choice-trace-before/wire/control-flow__switch-interface-case-panic.json	switchInterfaceCasePanic	-	default;default;default;default;default;default
control-flow/switch-multi-case-values	artifacts/choice-trace-before/wire/control-flow__switch-multi-case-values.json	switchMultiCaseValues	-	default;default;default;default;default;default
control-flow/switch-nested-break	artifacts/choice-trace-before/wire/control-flow__switch-nested-break.json	switchNestedBreak	-	default;default;default;default;default;default
control-flow/switch-nested-fallthrough	artifacts/choice-trace-before/wire/control-flow__switch-nested-fallthrough.json	switchNestedFallthrough	-	default;default;default;default;default;default
control-flow/switch-no-expression-default	artifacts/choice-trace-before/wire/control-flow__switch-no-expression-default.json	switchNoExpressionDefault	-	default;default;default;default;default;default
control-flow/switch-no-match-no-default	artifacts/choice-trace-before/wire/control-flow__switch-no-match-no-default.json	switchNoMatchNoDefault	-	default;default;default;default;default;default
control-flow/switch-return-in-clause	artifacts/choice-trace-before/wire/control-flow__switch-return-in-clause.json	switchReturnInClause	-	default;default;default;default;default;default
control-flow/switch-tag-once	artifacts/choice-trace-before/wire/control-flow__switch-tag-once.json	switchTagOnce	-	default;default;default;default;default;default
control-flow/switch-uncomparable-tag-default	artifacts/choice-trace-before/wire/control-flow__switch-uncomparable-tag-default.json	switchUncomparableTagDefault	-	default;default;default;default;default;default
control-flow/switch-untyped-case-conversion	artifacts/choice-trace-before/wire/control-flow__switch-untyped-case-conversion.json	switchUntypedCaseConversion	-	default;default;default;default;default;default
control-flow/while-eq-single-iteration	artifacts/choice-trace-before/wire/control-flow__while-eq-single-iteration.json	whileEqSingleIteration	-	default;default;default;default;default;default
defer/defer-arg-eval	artifacts/choice-trace-before/wire/defer__defer-arg-eval.json	deferArgEval	-	default;default;default;default;default;default
defer/defer-arg-panic-before-register	artifacts/choice-trace-before/wire/defer__defer-arg-panic-before-register.json	deferArgPanicBeforeRegister	-	default;default;default;default;default;default
defer/defer-function-result-discard	artifacts/choice-trace-before/wire/defer__defer-function-result-discard.json	deferFunctionResultDiscard	-	default;default;default;default;default;default
defer/defer-function-value-eval	artifacts/choice-trace-before/wire/defer__defer-function-value-eval.json	deferFunctionValueEval	-	default;default;default;default;default;default
defer/defer-in-loop	artifacts/choice-trace-before/wire/defer__defer-in-loop.json	deferInLoop	-	default;default;default;default;default;default
defer/defer-interface-value-eval	artifacts/choice-trace-before/wire/defer__defer-interface-value-eval.json	deferInterfaceValueEval	-	default;default;default;default;default;default
defer/defer-method-receiver-eval	artifacts/choice-trace-before/wire/defer__defer-method-receiver-eval.json	deferMethodReceiverEval	-	default;default;default;default;default;default
defer/defer-named-result-lifo	artifacts/choice-trace-before/wire/defer__defer-named-result-lifo.json	deferNamedResultLIFO	-	default;default;default;default;default;default
defer/defer-named-return	artifacts/choice-trace-before/wire/defer__defer-named-return.json	deferNamedReturn	-	default;default;default;default;default;default
defer/defer-nil-function-panic	artifacts/choice-trace-before/wire/defer__defer-nil-function-panic.json	deferNilFunctionPanic	-	default;default;default;default;default;default
defer/defer-nil-function-recover-order	artifacts/choice-trace-before/wire/defer__defer-nil-function-recover-order.json	deferNilFunctionRecoverOrder	-	default;default;default;default;default;default
defer/defer-pointer-receiver-live	artifacts/choice-trace-before/wire/defer__defer-pointer-receiver-live.json	deferPointerReceiverLive	-	default;default;default;default;default;default
defer/deferred-dispatch-entry-panic/return-drain	artifacts/choice-trace-before/wire/defer__deferred-dispatch-entry-panic__return-drain.json	deferredEntryPanicReturn	-	default;9;1;5;47062;45548
defer/deferred-dispatch-entry-panic/fallthrough-drain	artifacts/choice-trace-before/wire/defer__deferred-dispatch-entry-panic__fallthrough-drain.json	deferredEntryPanicFallthrough	-	default;9;1;5;47062;45548
defer/deferred-dispatch-entry-panic/during-panic	artifacts/choice-trace-before/wire/defer__deferred-dispatch-entry-panic__during-panic.json	deferredEntryPanicDuringPanic	-	default;9;1;5;47062;45548
defer/multiple-lifo	artifacts/choice-trace-before/wire/defer__multiple-lifo.json	deferMultipleLIFO	-	default;default;default;default;default;default
defer/recover-noop-after-quarantine	artifacts/choice-trace-before/wire/defer__recover-noop-after-quarantine.json	goodRecover	-	default;default;default;default;default;default
defer/recover-normal-return	artifacts/choice-trace-before/wire/defer__recover-normal-return.json	recoverNormalReturn	-	default;default;default;default;default;default
defer/unnamed-return	artifacts/choice-trace-before/wire/defer__unnamed-return.json	deferUnnamedReturn	-	default;default;default;default;default;default
embedding/deep-promoted-field	artifacts/choice-trace-before/wire/embedding__deep-promoted-field.json	deepPromotedField	-	default;default;default;default;default;default
embedding/deep-promoted-method	artifacts/choice-trace-before/wire/embedding__deep-promoted-method.json	deepPromotedMethod	-	default;default;default;default;default;default
embedding/embedded-field-shadow	artifacts/choice-trace-before/wire/embedding__embedded-field-shadow.json	embeddedFieldShadow	-	default;default;default;default;default;default
embedding/embedded-method-promote	artifacts/choice-trace-before/wire/embedding__embedded-method-promote.json	embeddedMethodPromote	-	default;default;default;default;default;default
embedding/embedded-pointer-field	artifacts/choice-trace-before/wire/embedding__embedded-pointer-field.json	embeddedPointerField	-	default;default;default;default;default;default
embedding/embedded-pointer-nil-panic	artifacts/choice-trace-before/wire/embedding__embedded-pointer-nil-panic.json	embeddedPointerNilPanic	-	default;default;default;default;default;default
embedding/promoted-ambiguous-not-satisfied	artifacts/choice-trace-before/wire/embedding__promoted-ambiguous-not-satisfied.json	promotedAmbiguousNotSatisfied	-	default;default;default;default;default;default
embedding/promoted-field-depth-shadow	artifacts/choice-trace-before/wire/embedding__promoted-field-depth-shadow.json	promotedFieldDepthShadow	-	default;default;default;default;default;default
embedding/promoted-method-shadow	artifacts/choice-trace-before/wire/embedding__promoted-method-shadow.json	promotedMethodShadow	-	default;default;default;default;default;default
embedding/promoted-method-value/snapshot	artifacts/choice-trace-before/wire/embedding__promoted-method-value__snapshot.json	promotedMethodValueSnapshot	-	default;default;default;default;default;default
embedding/promoted-method-value/live	artifacts/choice-trace-before/wire/embedding__promoted-method-value__live.json	promotedPtrMethodValueLive	-	default;default;default;default;default;default
embedding/promoted-nil-embedded-pointer/call	artifacts/choice-trace-before/wire/embedding__promoted-nil-embedded-pointer__call.json	promotedThroughPointerCall	-	default;default;default;default;default;default
embedding/promoted-nil-embedded-pointer/nil-panic	artifacts/choice-trace-before/wire/embedding__promoted-nil-embedded-pointer__nil-panic.json	promotedNilEmbeddedCallPanics	-	default;default;default;default;default;default
embedding/promoted-nil-embedded-pointer/before-args	artifacts/choice-trace-before/wire/embedding__promoted-nil-embedded-pointer__before-args.json	promotedNilEmbeddedBeforeArgs	-	default;default;default;default;default;default
embedding/promoted-pointer-receiver-method-set/value-box	artifacts/choice-trace-before/wire/embedding__promoted-pointer-receiver-method-set__value-box.json	promotedPointerReceiverValueBox	-	default;default;default;default;default;default
embedding/promoted-pointer-receiver-method-set/pointer-box	artifacts/choice-trace-before/wire/embedding__promoted-pointer-receiver-method-set__pointer-box.json	promotedPointerReceiverPointerBox	-	default;default;default;default;default;default
embedding/value-embedded-pointer-promotion/static-call	artifacts/choice-trace-before/wire/embedding__value-embedded-pointer-promotion__static-call.json	vepStaticCall	-	default;default;default;default;default;default
embedding/value-embedded-pointer-promotion/value-box-satisfies	artifacts/choice-trace-before/wire/embedding__value-embedded-pointer-promotion__value-box-satisfies.json	vepValueBoxSatisfies	-	default;default;default;default;default;default
embedding/value-embedded-pointer-promotion/dynamic-dispatch	artifacts/choice-trace-before/wire/embedding__value-embedded-pointer-promotion__dynamic-dispatch.json	vepDynamicDispatch	-	default;default;default;default;default;default
errors/new-conformance/fresh-not-eq	artifacts/choice-trace-before/wire/errors__new-conformance__fresh-not-eq.json	errNewFreshNotEq	-	default;default;default;default;default;default
errors/new-conformance/self-eq	artifacts/choice-trace-before/wire/errors__new-conformance__self-eq.json	errNewSelfEq	-	default;default;default;default;default;default
errors/new-conformance/nilness	artifacts/choice-trace-before/wire/errors__new-conformance__nilness.json	errNewNilness	-	default;default;default;default;default;default
errors/new-conformance/readback	artifacts/choice-trace-before/wire/errors__new-conformance__readback.json	errNewReadback	-	default;default;default;default;default;default
errors/new-conformance/cross-impl	artifacts/choice-trace-before/wire/errors__new-conformance__cross-impl.json	errNewCrossImpl	-	default;default;default;default;default;default
errors/new-conformance/assert-ok	artifacts/choice-trace-before/wire/errors__new-conformance__assert-ok.json	errNewAssertOk	-	default;default;default;default;default;default
errors/new-sentinel/identity	artifacts/choice-trace-before/wire/errors__new-sentinel__identity.json	errSentinelIdentity	-	default;default;default;default;default;default
errors/new-sentinel/distinct	artifacts/choice-trace-before/wire/errors__new-sentinel__distinct.json	errSentinelDistinct	-	default;default;default;default;default;default
errors/new-sentinel/classify	artifacts/choice-trace-before/wire/errors__new-sentinel__classify.json	errSentinelClassify	-	default;default;default;default;default;default
errors/new-sentinel/readback	artifacts/choice-trace-before/wire/errors__new-sentinel__readback.json	errSentinelReadback	-	default;default;default;default;default;default
examples/binsearch/found-first	artifacts/choice-trace-before/wire/examples__binsearch__found-first.json	searchFour	2,3,5,8,2	default;default;default;default;default;default
examples/binsearch/found-mid	artifacts/choice-trace-before/wire/examples__binsearch__found-mid.json	searchFour	2,3,5,8,5	default;default;default;default;default;default
examples/binsearch/found-last	artifacts/choice-trace-before/wire/examples__binsearch__found-last.json	searchFour	2,3,5,8,8	default;default;default;default;default;default
examples/binsearch/absent-below	artifacts/choice-trace-before/wire/examples__binsearch__absent-below.json	searchFour	2,3,5,8,1	default;default;default;default;default;default
examples/binsearch/absent-gap	artifacts/choice-trace-before/wire/examples__binsearch__absent-gap.json	searchFour	2,3,5,8,4	default;default;default;default;default;default
examples/binsearch/absent-above	artifacts/choice-trace-before/wire/examples__binsearch__absent-above.json	searchFour	2,3,5,8,9	default;default;default;default;default;default
examples/binsearch/duplicates-lower	artifacts/choice-trace-before/wire/examples__binsearch__duplicates-lower.json	searchFour	2,2,2,5,2	default;default;default;default;default;default
examples/binsearch/big-boundary	artifacts/choice-trace-before/wire/examples__binsearch__big-boundary.json	searchFour	0,1,4611686018427387904,9223372036854775807,9223372036854775807	default;default;default;default;default;default
examples/binsearch/one-found	artifacts/choice-trace-before/wire/examples__binsearch__one-found.json	searchOne	7,7	default;default;default;default;default;default
examples/binsearch/one-absent	artifacts/choice-trace-before/wire/examples__binsearch__one-absent.json	searchOne	7,8	default;default;default;default;default;default
examples/binsearch/empty	artifacts/choice-trace-before/wire/examples__binsearch__empty.json	searchEmpty	3	default;default;default;default;default;default
examples/binsearch/harness-found	artifacts/choice-trace-before/wire/examples__binsearch__harness-found.json	search_harness	6,10,14	default;default;default;default;default;default
examples/binsearch/harness-gap	artifacts/choice-trace-before/wire/examples__binsearch__harness-gap.json	search_harness	6,10,15	default;default;default;default;default;default
examples/binsearch/harness-empty	artifacts/choice-trace-before/wire/examples__binsearch__harness-empty.json	search_harness	0,10,3	default;default;default;default;default;default
examples/bubble/four-shuffled	artifacts/choice-trace-before/wire/examples__bubble__four-shuffled.json	sortFour	4,2,3,1	default;default;default;default;default;default
examples/bubble/four-sorted	artifacts/choice-trace-before/wire/examples__bubble__four-sorted.json	sortFour	1,2,3,4	default;default;default;default;default;default
examples/bubble/four-same	artifacts/choice-trace-before/wire/examples__bubble__four-same.json	sortFour	7,7,7,7	default;default;default;default;default;default
examples/bubble/four-reversed	artifacts/choice-trace-before/wire/examples__bubble__four-reversed.json	sortFour	9,7,5,3	default;default;default;default;default;default
examples/bubble/four-duplicates	artifacts/choice-trace-before/wire/examples__bubble__four-duplicates.json	sortFour	5,1,5,1	default;default;default;default;default;default
examples/bubble/four-extremes	artifacts/choice-trace-before/wire/examples__bubble__four-extremes.json	sortFour	9223372036854775807,0,9223372036854775807,1	default;default;default;default;default;default
examples/bubble/three	artifacts/choice-trace-before/wire/examples__bubble__three.json	sortThree	30,10,20	default;default;default;default;default;default
examples/bubble/one	artifacts/choice-trace-before/wire/examples__bubble__one.json	sortOne	42	default;default;default;default;default;default
examples/bubble/empty	artifacts/choice-trace-before/wire/examples__bubble__empty.json	sortEmpty	-	default;default;default;default;default;default
examples/bubble/harness-r-empty	artifacts/choice-trace-before/wire/examples__bubble__harness-r-empty.json	bubble_harness_r	0,5	default;default;default;default;default;default
examples/bubble/harness-r-one	artifacts/choice-trace-before/wire/examples__bubble__harness-r-one.json	bubble_harness_r	1,37	default;default;default;default;default;default
examples/bubble/harness-r-five	artifacts/choice-trace-before/wire/examples__bubble__harness-r-five.json	bubble_harness_r	5,37	default;default;default;default;default;default
examples/bubble/harness-r-cap	artifacts/choice-trace-before/wire/examples__bubble__harness-r-cap.json	bubble_harness_r	8,37	default;default;default;default;default;default
examples/bubble/harness-r-big-seed	artifacts/choice-trace-before/wire/examples__bubble__harness-r-big-seed.json	bubble_harness_r	6,9223372036854775807	default;default;default;default;default;default
examples/dedup/four-all-same	artifacts/choice-trace-before/wire/examples__dedup__four-all-same.json	dedupFourLen	7,7,7,7	default;default;default;default;default;default
examples/dedup/four-distinct	artifacts/choice-trace-before/wire/examples__dedup__four-distinct.json	dedupFourLen	1,2,3,4	default;default;default;default;default;default
examples/dedup/four-alternating	artifacts/choice-trace-before/wire/examples__dedup__four-alternating.json	dedupFourLen	1,2,1,2	default;default;default;default;default;default
examples/dedup/four-pairs	artifacts/choice-trace-before/wire/examples__dedup__four-pairs.json	dedupFourLen	5,5,9,9	default;default;default;default;default;default
examples/dedup/four-extremes	artifacts/choice-trace-before/wire/examples__dedup__four-extremes.json	dedupFourLen	9223372036854775807,9223372036854775807,0,0	default;default;default;default;default;default
examples/dedup/four-first	artifacts/choice-trace-before/wire/examples__dedup__four-first.json	dedupFourFirst	6,6,2,2	default;default;default;default;default;default
examples/dedup/one	artifacts/choice-trace-before/wire/examples__dedup__one.json	dedupOne	42	default;default;default;default;default;default
examples/dedup/empty	artifacts/choice-trace-before/wire/examples__dedup__empty.json	dedupEmpty	-	default;default;default;default;default;default
examples/dedup/harness-r-empty	artifacts/choice-trace-before/wire/examples__dedup__harness-r-empty.json	dedup_harness_r	0,5	default;default;default;default;default;default
examples/dedup/harness-r-one	artifacts/choice-trace-before/wire/examples__dedup__harness-r-one.json	dedup_harness_r	1,9	default;default;default;default;default;default
examples/dedup/harness-r-mid	artifacts/choice-trace-before/wire/examples__dedup__harness-r-mid.json	dedup_harness_r	5,3	default;default;default;default;default;default
examples/dedup/harness-r-cap	artifacts/choice-trace-before/wire/examples__dedup__harness-r-cap.json	dedup_harness_r	8,100	default;default;default;default;default;default
examples/dedup/harness-r-big	artifacts/choice-trace-before/wire/examples__dedup__harness-r-big.json	dedup_harness_r	6,9223372036854775807	default;default;default;default;default;default
examples/dotprod/four-typical	artifacts/choice-trace-before/wire/examples__dotprod__four-typical.json	dotFour	2,3,4,5	default;default;default;default;default;default
examples/dotprod/four-zero-vec	artifacts/choice-trace-before/wire/examples__dotprod__four-zero-vec.json	dotFour	0,0,7,9	default;default;default;default;default;default
examples/dotprod/four-same	artifacts/choice-trace-before/wire/examples__dotprod__four-same.json	dotFour	5,5,5,5	default;default;default;default;default;default
examples/dotprod/four-wrap	artifacts/choice-trace-before/wire/examples__dotprod__four-wrap.json	dotFour	9223372036854775807,3,3,1	default;default;default;default;default;default
examples/dotprod/four-wrap-u64max	artifacts/choice-trace-before/wire/examples__dotprod__four-wrap-u64max.json	dotFour	18446744073709551615,3,3,1	default;default;default;default;default;default
examples/dotprod/one	artifacts/choice-trace-before/wire/examples__dotprod__one.json	dotOne	6,7	default;default;default;default;default;default
examples/dotprod/one-wrap	artifacts/choice-trace-before/wire/examples__dotprod__one-wrap.json	dotOne	9223372036854775807,9223372036854775807	default;default;default;default;default;default
examples/dotprod/one-wrap-u64max	artifacts/choice-trace-before/wire/examples__dotprod__one-wrap-u64max.json	dotOne	18446744073709551615,18446744073709551615	default;default;default;default;default;default
examples/dotprod/empty	artifacts/choice-trace-before/wire/examples__dotprod__empty.json	dotEmpty	-	default;default;default;default;default;default
examples/dotprod/uneven	artifacts/choice-trace-before/wire/examples__dotprod__uneven.json	dotUneven	10,20,999,3,4	default;default;default;default;default;default
examples/dotprod/harness-r-empty	artifacts/choice-trace-before/wire/examples__dotprod__harness-r-empty.json	dotprod_harness_r	0,5	default;default;default;default;default;default
examples/dotprod/harness-r-one	artifacts/choice-trace-before/wire/examples__dotprod__harness-r-one.json	dotprod_harness_r	1,7	default;default;default;default;default;default
examples/dotprod/harness-r-mid	artifacts/choice-trace-before/wire/examples__dotprod__harness-r-mid.json	dotprod_harness_r	5,3	default;default;default;default;default;default
examples/dotprod/harness-r-cap	artifacts/choice-trace-before/wire/examples__dotprod__harness-r-cap.json	dotprod_harness_r	8,2	default;default;default;default;default;default
examples/dotprod/harness-r-wrap-max	artifacts/choice-trace-before/wire/examples__dotprod__harness-r-wrap-max.json	dotprod_harness_r	8,9223372036854775807	default;default;default;default;default;default
examples/dotprod/harness-r-wrap-62	artifacts/choice-trace-before/wire/examples__dotprod__harness-r-wrap-62.json	dotprod_harness_r	8,4611686018427387904	default;default;default;default;default;default
examples/dotprod/harness-r-wrap-u64max	artifacts/choice-trace-before/wire/examples__dotprod__harness-r-wrap-u64max.json	dotprod_harness_r	8,18446744073709551615	default;default;default;default;default;default
examples/dotprod/harness-r-wrap-63	artifacts/choice-trace-before/wire/examples__dotprod__harness-r-wrap-63.json	dotprod_harness_r	8,9223372036854775808	default;default;default;default;default;default
examples/fib/zero	artifacts/choice-trace-before/wire/examples__fib__zero.json	fib	0	default;default;default;default;default;default
examples/fib/one	artifacts/choice-trace-before/wire/examples__fib__one.json	fib	1	default;default;default;default;default;default
examples/fib/two	artifacts/choice-trace-before/wire/examples__fib__two.json	fib	2	default;default;default;default;default;default
examples/fib/ten	artifacts/choice-trace-before/wire/examples__fib__ten.json	fib	10	default;default;default;default;default;default
examples/fib/ninety-three	artifacts/choice-trace-before/wire/examples__fib__ninety-three.json	fib	93	default;default;default;default;default;default
examples/fib/ninety-four-wrap	artifacts/choice-trace-before/wire/examples__fib__ninety-four-wrap.json	fib	94	default;default;default;default;default;default
examples/fib/harness-ten	artifacts/choice-trace-before/wire/examples__fib__harness-ten.json	fib_harness	10	default;default;default;default;default;default
examples/fib/harness-wrap	artifacts/choice-trace-before/wire/examples__fib__harness-wrap.json	fib_harness	94	default;default;default;default;default;default
examples/fibmemo/zero	artifacts/choice-trace-before/wire/examples__fibmemo__zero.json	fib	0	default;default;default;default;default;default
examples/fibmemo/one	artifacts/choice-trace-before/wire/examples__fibmemo__one.json	fib	1	default;default;default;default;default;default
examples/fibmemo/two	artifacts/choice-trace-before/wire/examples__fibmemo__two.json	fib	2	default;default;default;default;default;default
examples/fibmemo/ten	artifacts/choice-trace-before/wire/examples__fibmemo__ten.json	fib	10	default;default;default;default;default;default
examples/fibmemo/thirty	artifacts/choice-trace-before/wire/examples__fibmemo__thirty.json	fib	30	default;default;default;default;default;default
examples/fibmemo/memosize-zero	artifacts/choice-trace-before/wire/examples__fibmemo__memosize-zero.json	fibMemoSize	0	default;default;default;default;default;default
examples/fibmemo/memosize-one	artifacts/choice-trace-before/wire/examples__fibmemo__memosize-one.json	fibMemoSize	1	default;default;default;default;default;default
examples/fibmemo/memosize-ten	artifacts/choice-trace-before/wire/examples__fibmemo__memosize-ten.json	fibMemoSize	10	default;9,8,7,6,5,4,3,2;1,3,5,7,9,2,4,6;5,5,5,5,5,5,5,5;47062,17241,28876,43750,15194,49395,23194,43254;45548,4010,42376,18520,53319,16971,27516,38438
examples/fibmemo/harness-one	artifacts/choice-trace-before/wire/examples__fibmemo__harness-one.json	fibmemo_harness	1	default;default;default;default;default;default
examples/fibmemo/harness-thirty	artifacts/choice-trace-before/wire/examples__fibmemo__harness-thirty.json	fibmemo_harness	30	default;default;default;default;default;default
examples/gcd/zero-zero	artifacts/choice-trace-before/wire/examples__gcd__zero-zero.json	gcd	0,0	default;default;default;default;default;default
examples/gcd/a-zero	artifacts/choice-trace-before/wire/examples__gcd__a-zero.json	gcd	7,0	default;default;default;default;default;default
examples/gcd/zero-b	artifacts/choice-trace-before/wire/examples__gcd__zero-b.json	gcd	0,9	default;default;default;default;default;default
examples/gcd/coprime	artifacts/choice-trace-before/wire/examples__gcd__coprime.json	gcd	17,13	default;default;default;default;default;default
examples/gcd/common	artifacts/choice-trace-before/wire/examples__gcd__common.json	gcd	12,18	default;default;default;default;default;default
examples/gcd/chain	artifacts/choice-trace-before/wire/examples__gcd__chain.json	gcd	270,192	default;default;default;default;default;default
examples/gcd/big	artifacts/choice-trace-before/wire/examples__gcd__big.json	gcd	9223372036854775807,3074457345618258602	default;default;default;default;default;default
examples/gcd/harness-common	artifacts/choice-trace-before/wire/examples__gcd__harness-common.json	gcd_harness	12,18	default;default;default;default;default;default
examples/gcd/harness-zero	artifacts/choice-trace-before/wire/examples__gcd__harness-zero.json	gcd_harness	7,0	default;default;default;default;default;default
examples/histogram/distinct	artifacts/choice-trace-before/wire/examples__histogram__distinct.json	histogramFour	1,2,3,4,3	default;9,8,7;1,3,5;5,5,5;47062,17241,28876;45548,4010,42376
examples/histogram/all-same	artifacts/choice-trace-before/wire/examples__histogram__all-same.json	histogramFour	5,5,5,5,5	default;default;default;default;default;default
examples/histogram/mode-three	artifacts/choice-trace-before/wire/examples__histogram__mode-three.json	histogramFour	7,3,7,7,7	default;9;1;5;47062;45548
examples/histogram/miss	artifacts/choice-trace-before/wire/examples__histogram__miss.json	histogramFour	1,2,3,4,9	default;9,8,7;1,3,5;5,5,5;47062,17241,28876;45548,4010,42376
examples/histogram/one	artifacts/choice-trace-before/wire/examples__histogram__one.json	histogramOne	42,42	default;default;default;default;default;default
examples/histogram/one-miss	artifacts/choice-trace-before/wire/examples__histogram__one-miss.json	histogramOne	42,0	default;default;default;default;default;default
examples/histogram/empty	artifacts/choice-trace-before/wire/examples__histogram__empty.json	histogramEmpty	7	default;default;default;default;default;default
examples/histogram/harness-r-seven	artifacts/choice-trace-before/wire/examples__histogram__harness-r-seven.json	histogram_harness_r	7,50,51	default;9,8;1,3;5,5;47062,17241;45548,4010
examples/histogram/harness-r-eight	artifacts/choice-trace-before/wire/examples__histogram__harness-r-eight.json	histogram_harness_r	8,3,3	default;9,8;1,3;5,5;47062,17241;45548,4010
examples/histogram/harness-r-one	artifacts/choice-trace-before/wire/examples__histogram__harness-r-one.json	histogram_harness_r	1,7,7	default;default;default;default;default;default
examples/histogram/harness-r-empty	artifacts/choice-trace-before/wire/examples__histogram__harness-r-empty.json	histogram_harness_r	0,9,9	default;default;default;default;default;default
examples/histogram/harness-r-miss	artifacts/choice-trace-before/wire/examples__histogram__harness-r-miss.json	histogram_harness_r	5,20,99	default;9,8;1,3;5,5;47062,17241;45548,4010
examples/histogram/harness-r-wrap	artifacts/choice-trace-before/wire/examples__histogram__harness-r-wrap.json	histogram_harness_r	5,9223372036854775807,9223372036854775807	default;9,8;1,3;5,5;47062,17241;45548,4010
examples/isort/four-shuffled	artifacts/choice-trace-before/wire/examples__isort__four-shuffled.json	sortFour	4,2,3,1	default;default;default;default;default;default
examples/isort/four-sorted	artifacts/choice-trace-before/wire/examples__isort__four-sorted.json	sortFour	1,2,3,4	default;default;default;default;default;default
examples/isort/four-reversed	artifacts/choice-trace-before/wire/examples__isort__four-reversed.json	sortFour	9,7,5,3	default;default;default;default;default;default
examples/isort/four-duplicates	artifacts/choice-trace-before/wire/examples__isort__four-duplicates.json	sortFour	5,1,5,1	default;default;default;default;default;default
examples/isort/four-big	artifacts/choice-trace-before/wire/examples__isort__four-big.json	sortFour	9223372036854775807,0,4611686018427387904,1	default;default;default;default;default;default
examples/isort/four-u64max	artifacts/choice-trace-before/wire/examples__isort__four-u64max.json	sortFour	18446744073709551615,0,9223372036854775808,1	default;default;default;default;default;default
examples/isort/three	artifacts/choice-trace-before/wire/examples__isort__three.json	sortThree	30,10,20	default;default;default;default;default;default
examples/isort/one	artifacts/choice-trace-before/wire/examples__isort__one.json	sortOne	42	default;default;default;default;default;default
examples/isort/empty	artifacts/choice-trace-before/wire/examples__isort__empty.json	sortEmpty	-	default;default;default;default;default;default
examples/isort/harness-five	artifacts/choice-trace-before/wire/examples__isort__harness-five.json	isort_harness	5,37	default;default;default;default;default;default
examples/isort/harness-dups	artifacts/choice-trace-before/wire/examples__isort__harness-dups.json	isort_harness	6,0	default;default;default;default;default;default
examples/isort/harness-wrap-max	artifacts/choice-trace-before/wire/examples__isort__harness-wrap-max.json	isort_harness	5,18446744073709551615	default;default;default;default;default;default
examples/isort/harness-empty	artifacts/choice-trace-before/wire/examples__isort__harness-empty.json	isort_harness	0,5	default;default;default;default;default;default
examples/kadane/four-mixed	artifacts/choice-trace-before/wire/examples__kadane__four-mixed.json	kadaneFour	4,-1,2,-7	default;default;default;default;default;default
examples/kadane/four-positive	artifacts/choice-trace-before/wire/examples__kadane__four-positive.json	kadaneFour	1,2,3,4	default;default;default;default;default;default
examples/kadane/four-negative	artifacts/choice-trace-before/wire/examples__kadane__four-negative.json	kadaneFour	-5,-1,-3,-2	default;default;default;default;default;default
examples/kadane/four-same	artifacts/choice-trace-before/wire/examples__kadane__four-same.json	kadaneFour	3,3,3,3	default;default;default;default;default;default
examples/kadane/four-extremes	artifacts/choice-trace-before/wire/examples__kadane__four-extremes.json	kadaneFour	9223372036854775807,0,9223372036854775807,-1	default;default;default;default;default;default
examples/kadane/three	artifacts/choice-trace-before/wire/examples__kadane__three.json	kadaneThree	-1,5,-1	default;default;default;default;default;default
examples/kadane/one	artifacts/choice-trace-before/wire/examples__kadane__one.json	kadaneOne	-7	default;default;default;default;default;default
examples/kadane/empty	artifacts/choice-trace-before/wire/examples__kadane__empty.json	kadaneEmpty	-	default;default;default;default;default;default
examples/kadane/harness-r-empty	artifacts/choice-trace-before/wire/examples__kadane__harness-r-empty.json	kadane_harness_r	0,5	default;default;default;default;default;default
examples/kadane/harness-r-one	artifacts/choice-trace-before/wire/examples__kadane__harness-r-one.json	kadane_harness_r	1,7	default;default;default;default;default;default
examples/kadane/harness-r-mid	artifacts/choice-trace-before/wire/examples__kadane__harness-r-mid.json	kadane_harness_r	5,-3	default;default;default;default;default;default
examples/kadane/harness-r-eight	artifacts/choice-trace-before/wire/examples__kadane__harness-r-eight.json	kadane_harness_r	8,-3	default;default;default;default;default;default
examples/kadane/harness-r-maxseed	artifacts/choice-trace-before/wire/examples__kadane__harness-r-maxseed.json	kadane_harness_r	8,9223372036854775807	default;default;default;default;default;default
examples/kadane/harness-r-minseed	artifacts/choice-trace-before/wire/examples__kadane__harness-r-minseed.json	kadane_harness_r	8,-9223372036854775808	default;default;default;default;default;default
examples/matmul/identity-times-seed	artifacts/choice-trace-before/wire/examples__matmul__identity-times-seed.json	mulIdentitySeed	7	default;default;default;default;default;default
examples/matmul/zero-times-seed	artifacts/choice-trace-before/wire/examples__matmul__zero-times-seed.json	mulZeroSeed	7	default;default;default;default;default;default
examples/matmul/scalar-diag-basic	artifacts/choice-trace-before/wire/examples__matmul__scalar-diag-basic.json	mulScalarDiag	6,7	default;default;default;default;default;default
examples/matmul/scalar-diag-identity	artifacts/choice-trace-before/wire/examples__matmul__scalar-diag-identity.json	mulScalarDiag	1,123456789	default;default;default;default;default;default
examples/matmul/scalar-diag-zero	artifacts/choice-trace-before/wire/examples__matmul__scalar-diag-zero.json	mulScalarDiag	0,9999	default;default;default;default;default;default
examples/matmul/scalar-diag-wrap	artifacts/choice-trace-before/wire/examples__matmul__scalar-diag-wrap.json	mulScalarDiag	9223372036854775807,2	default;default;default;default;default;default
examples/matmul/seed-trace-zero	artifacts/choice-trace-before/wire/examples__matmul__seed-trace-zero.json	mulSeedTrace	0	default;default;default;default;default;default
examples/matmul/seed-trace-basic	artifacts/choice-trace-before/wire/examples__matmul__seed-trace-basic.json	mulSeedTrace	1	default;default;default;default;default;default
examples/matmul/seed-trace-wrap	artifacts/choice-trace-before/wire/examples__matmul__seed-trace-wrap.json	mulSeedTrace	9223372036854775807	default;default;default;default;default;default
examples/matmul/harness-basic	artifacts/choice-trace-before/wire/examples__matmul__harness-basic.json	matmul_harness_r	5	default;default;default;default;default;default
examples/matmul/harness-wrap	artifacts/choice-trace-before/wire/examples__matmul__harness-wrap.json	matmul_harness_r	9223372036854775807	default;default;default;default;default;default
examples/minmax/four	artifacts/choice-trace-before/wire/examples__minmax__four.json	minMaxFour	3,1,4,1	default;default;default;default;default;default
examples/minmax/four-desc	artifacts/choice-trace-before/wire/examples__minmax__four-desc.json	minMaxFour	9,7,5,3	default;default;default;default;default;default
examples/minmax/four-big	artifacts/choice-trace-before/wire/examples__minmax__four-big.json	minMaxFour	9223372036854775807,0,7,9223372036854775807	default;default;default;default;default;default
examples/minmax/four-u64max	artifacts/choice-trace-before/wire/examples__minmax__four-u64max.json	minMaxFour	18446744073709551615,0,7,9223372036854775807	default;default;default;default;default;default
examples/minmax/three-same	artifacts/choice-trace-before/wire/examples__minmax__three-same.json	minMaxThree	5,5,5	default;default;default;default;default;default
examples/minmax/one	artifacts/choice-trace-before/wire/examples__minmax__one.json	minMaxOne	42	default;default;default;default;default;default
examples/minmax/empty-panics	artifacts/choice-trace-before/wire/examples__minmax__empty-panics.json	minMaxEmpty	-	default;default;default;default;default;default
examples/minmax/harness-five	artifacts/choice-trace-before/wire/examples__minmax__harness-five.json	minmax_harness	5,40	default;default;default;default;default;default
examples/minmax/harness-one	artifacts/choice-trace-before/wire/examples__minmax__harness-one.json	minmax_harness	1,7	default;default;default;default;default;default
examples/minmax/harness-wrap-max	artifacts/choice-trace-before/wire/examples__minmax__harness-wrap-max.json	minmax_harness	5,18446744073709551615	default;default;default;default;default;default
examples/minmax/harness-empty-panics	artifacts/choice-trace-before/wire/examples__minmax__harness-empty-panics.json	minmax_harness	0,3	default;default;default;default;default;default
examples/minmax/harness-r-five	artifacts/choice-trace-before/wire/examples__minmax__harness-r-five.json	minmax_harness_r	5,40	default;default;default;default;default;default
examples/minmax/harness-r-one	artifacts/choice-trace-before/wire/examples__minmax__harness-r-one.json	minmax_harness_r	1,7	default;default;default;default;default;default
examples/minmax/harness-r-eight	artifacts/choice-trace-before/wire/examples__minmax__harness-r-eight.json	minmax_harness_r	8,9223372036854775805	default;default;default;default;default;default
examples/minmax/harness-r-wrap-max	artifacts/choice-trace-before/wire/examples__minmax__harness-r-wrap-max.json	minmax_harness_r	8,18446744073709551615	default;default;default;default;default;default
examples/minmax/harness-r-empty-panics	artifacts/choice-trace-before/wire/examples__minmax__harness-r-empty-panics.json	minmax_harness_r	0,3	default;default;default;default;default;default
examples/palin/four-palin	artifacts/choice-trace-before/wire/examples__palin__four-palin.json	palinFour	1,2,2,1	default;default;default;default;default;default
examples/palin/four-nonpalin	artifacts/choice-trace-before/wire/examples__palin__four-nonpalin.json	palinFour	1,2,3,4	default;default;default;default;default;default
examples/palin/four-allsame	artifacts/choice-trace-before/wire/examples__palin__four-allsame.json	palinFour	7,7,7,7	default;default;default;default;default;default
examples/palin/four-big	artifacts/choice-trace-before/wire/examples__palin__four-big.json	palinFour	9223372036854775807,0,0,9223372036854775807	default;default;default;default;default;default
examples/palin/three-palin	artifacts/choice-trace-before/wire/examples__palin__three-palin.json	palinThree	5,9,5	default;default;default;default;default;default
examples/palin/three-nonpalin	artifacts/choice-trace-before/wire/examples__palin__three-nonpalin.json	palinThree	5,9,6	default;default;default;default;default;default
examples/palin/one	artifacts/choice-trace-before/wire/examples__palin__one.json	palinOne	42	default;default;default;default;default;default
examples/palin/empty	artifacts/choice-trace-before/wire/examples__palin__empty.json	palinEmpty	-	default;default;default;default;default;default
examples/palin/harness-r-empty	artifacts/choice-trace-before/wire/examples__palin__harness-r-empty.json	palin_harness_r	0,5	default;default;default;default;default;default
examples/palin/harness-r-one	artifacts/choice-trace-before/wire/examples__palin__harness-r-one.json	palin_harness_r	1,37	default;default;default;default;default;default
examples/palin/harness-r-five	artifacts/choice-trace-before/wire/examples__palin__harness-r-five.json	palin_harness_r	5,10	default;default;default;default;default;default
examples/palin/harness-r-four	artifacts/choice-trace-before/wire/examples__palin__harness-r-four.json	palin_harness_r	4,10	default;default;default;default;default;default
examples/palin/harness-r-eight	artifacts/choice-trace-before/wire/examples__palin__harness-r-eight.json	palin_harness_r	8,3	default;default;default;default;default;default
examples/palin/harness-r-big	artifacts/choice-trace-before/wire/examples__palin__harness-r-big.json	palin_harness_r	7,9223372036854775807	default;default;default;default;default;default
examples/powmod/exp-zero	artifacts/choice-trace-before/wire/examples__powmod__exp-zero.json	powMod	5,0,1000000007	default;default;default;default;default;default
examples/powmod/exp-one	artifacts/choice-trace-before/wire/examples__powmod__exp-one.json	powMod	7,1,1000000007	default;default;default;default;default;default
examples/powmod/small	artifacts/choice-trace-before/wire/examples__powmod__small.json	powMod	3,13,1000000007	default;default;default;default;default;default
examples/powmod/base-reduce	artifacts/choice-trace-before/wire/examples__powmod__base-reduce.json	powMod	10,3,7	default;default;default;default;default;default
examples/powmod/zero-zero	artifacts/choice-trace-before/wire/examples__powmod__zero-zero.json	powMod	0,0,7	default;default;default;default;default;default
examples/powmod/large-exp	artifacts/choice-trace-before/wire/examples__powmod__large-exp.json	powMod	3,9223372036854775807,1000003	default;default;default;default;default;default
examples/powmod/mod-one	artifacts/choice-trace-before/wire/examples__powmod__mod-one.json	powMod	123,456,1	default;default;default;default;default;default
examples/powmod/mod-zero	artifacts/choice-trace-before/wire/examples__powmod__mod-zero.json	powMod	5,3,0	default;default;default;default;default;default
examples/powmod/wrap	artifacts/choice-trace-before/wire/examples__powmod__wrap.json	powMod	6074000999,2,9223372036854775807	default;default;default;default;default;default
examples/powmod/two-ten	artifacts/choice-trace-before/wire/examples__powmod__two-ten.json	powTwo	10	default;default;default;default;default;default
examples/powmod/two-large	artifacts/choice-trace-before/wire/examples__powmod__two-large.json	powTwo	9223372036854775807	default;default;default;default;default;default
examples/powmod/harness-typical	artifacts/choice-trace-before/wire/examples__powmod__harness-typical.json	powmod_harness	3,200,1000000007	default;default;default;default;default;default
examples/powmod/harness-extreme	artifacts/choice-trace-before/wire/examples__powmod__harness-extreme.json	powmod_harness	9223372036854775807,9223372036854775806,999999937	default;default;default;default;default;default
examples/queue/fifo-three	artifacts/choice-trace-before/wire/examples__queue__fifo-three.json	enqDeqThree	10,20,30	default;9;1;5;47062;45548
examples/queue/fifo-three-desc	artifacts/choice-trace-before/wire/examples__queue__fifo-three-desc.json	enqDeqThree	30,20,10	default;9;1;5;47062;45548
examples/queue/fifo-three-same	artifacts/choice-trace-before/wire/examples__queue__fifo-three-same.json	enqDeqThree	7,7,7	default;9;1;5;47062;45548
examples/queue/fifo-three-extremes	artifacts/choice-trace-before/wire/examples__queue__fifo-three-extremes.json	enqDeqThree	9223372036854775807,0,9223372036854775807	default;9;1;5;47062;45548
examples/queue/enq-front	artifacts/choice-trace-before/wire/examples__queue__enq-front.json	enqFront	5,9	default;9;1;5;47062;45548
examples/queue/empty-size	artifacts/choice-trace-before/wire/examples__queue__empty-size.json	emptyQSize	-	default;default;default;default;default;default
examples/queue/harness-empty	artifacts/choice-trace-before/wire/examples__queue__harness-empty.json	queue_harness_r	0,5,0	default;default;default;default;default;default
examples/queue/harness-one-drain	artifacts/choice-trace-before/wire/examples__queue__harness-one-drain.json	queue_harness_r	1,42,1	default;9;1;5;47062;45548
examples/queue/harness-mid	artifacts/choice-trace-before/wire/examples__queue__harness-mid.json	queue_harness_r	5,100,3	default;9;1;5;47062;45548
examples/queue/harness-cap-drain	artifacts/choice-trace-before/wire/examples__queue__harness-cap-drain.json	queue_harness_r	8,3,8	default;9;1,3;5;47062;45548
examples/queue/harness-k-zero	artifacts/choice-trace-before/wire/examples__queue__harness-k-zero.json	queue_harness_r	4,50,0	default;9;1;5;47062;45548
examples/queue/harness-k-over	artifacts/choice-trace-before/wire/examples__queue__harness-k-over.json	queue_harness_r	3,7,9	default;9;1;5;47062;45548
examples/queue/harness-bigseed	artifacts/choice-trace-before/wire/examples__queue__harness-bigseed.json	queue_harness_r	8,9223372036854775807,4	default;9;1,3;5;47062;45548
examples/reverse/four	artifacts/choice-trace-before/wire/examples__reverse__four.json	reverseFour	1,2,3,4	default;default;default;default;default;default
examples/reverse/four-big	artifacts/choice-trace-before/wire/examples__reverse__four-big.json	reverseFour	9223372036854775807,7,0,9	default;default;default;default;default;default
examples/reverse/four-u64max	artifacts/choice-trace-before/wire/examples__reverse__four-u64max.json	reverseFour	18446744073709551615,7,0,9	default;default;default;default;default;default
examples/reverse/three	artifacts/choice-trace-before/wire/examples__reverse__three.json	reverseThree	10,20,30	default;default;default;default;default;default
examples/reverse/one	artifacts/choice-trace-before/wire/examples__reverse__one.json	reverseOne	42	default;default;default;default;default;default
examples/reverse/empty	artifacts/choice-trace-before/wire/examples__reverse__empty.json	reverseEmpty	-	default;default;default;default;default;default
examples/reverse/harness-five	artifacts/choice-trace-before/wire/examples__reverse__harness-five.json	reverse_harness	5,100	default;default;default;default;default;default
examples/reverse/harness-empty	artifacts/choice-trace-before/wire/examples__reverse__harness-empty.json	reverse_harness	0,7	default;default;default;default;default;default
examples/reverse/harness-wrapping	artifacts/choice-trace-before/wire/examples__reverse__harness-wrapping.json	reverse_harness	4,9223372036854775805	default;default;default;default;default;default
examples/reverse/harness-wrap-max	artifacts/choice-trace-before/wire/examples__reverse__harness-wrap-max.json	reverse_harness	4,18446744073709551615	default;default;default;default;default;default
examples/reverse/harness-v-five	artifacts/choice-trace-before/wire/examples__reverse__harness-v-five.json	reverse_harness_v	5,100	default;default;default;default;default;default
examples/reverse/harness-v-empty	artifacts/choice-trace-before/wire/examples__reverse__harness-v-empty.json	reverse_harness_v	0,7	default;default;default;default;default;default
examples/reverse/harness-v-wrapping	artifacts/choice-trace-before/wire/examples__reverse__harness-v-wrapping.json	reverse_harness_v	4,9223372036854775805	default;default;default;default;default;default
examples/reverse/harness-v-wrap-max	artifacts/choice-trace-before/wire/examples__reverse__harness-v-wrap-max.json	reverse_harness_v	4,18446744073709551615	default;default;default;default;default;default
examples/rle/four-mixed	artifacts/choice-trace-before/wire/examples__rle__four-mixed.json	rleFourCount	7,7,3,3	default;9,8;1,3;5,5;47062,17241;45548,4010
examples/rle/four-distinct	artifacts/choice-trace-before/wire/examples__rle__four-distinct.json	rleFourCount	1,2,3,4	default;9,8;1,3;5,5;47062,17241;45548,4010
examples/rle/four-same	artifacts/choice-trace-before/wire/examples__rle__four-same.json	rleFourCount	5,5,5,5	default;9,8;1,3;5,5;47062,17241;45548,4010
examples/rle/four-alternating	artifacts/choice-trace-before/wire/examples__rle__four-alternating.json	rleFourCount	1,2,1,2	default;9,8;1,3;5,5;47062,17241;45548,4010
examples/rle/four-extremes	artifacts/choice-trace-before/wire/examples__rle__four-extremes.json	rleFourCount	9223372036854775807,9223372036854775807,0,0	default;9,8;1,3;5,5;47062,17241;45548,4010
examples/rle/four-first	artifacts/choice-trace-before/wire/examples__rle__four-first.json	rleFourFirst	7,7,3,3	default;9,8;1,3;5,5;47062,17241;45548,4010
examples/rle/four-first-same	artifacts/choice-trace-before/wire/examples__rle__four-first-same.json	rleFourFirst	5,5,5,5	default;9,8;1,3;5,5;47062,17241;45548,4010
examples/rle/one	artifacts/choice-trace-before/wire/examples__rle__one.json	rleOne	42	default;9,8;1,3;5,5;47062,17241;45548,4010
examples/rle/empty	artifacts/choice-trace-before/wire/examples__rle__empty.json	rleEmpty	-	default;default;default;default;default;default
examples/rle/harness-r-empty	artifacts/choice-trace-before/wire/examples__rle__harness-r-empty.json	rle_harness_r	0,5	default;default;default;default;default;default
examples/rle/harness-r-one	artifacts/choice-trace-before/wire/examples__rle__harness-r-one.json	rle_harness_r	1,7	default;9,8;1,3;5,5;47062,17241;45548,4010
examples/rle/harness-r-mid	artifacts/choice-trace-before/wire/examples__rle__harness-r-mid.json	rle_harness_r	5,40	default;9,8;1,3;5,5;47062,17241;45548,4010
examples/rle/harness-r-cap	artifacts/choice-trace-before/wire/examples__rle__harness-r-cap.json	rle_harness_r	8,10	default;9,8;1,3;5,5;47062,17241;45548,4010
examples/rle/harness-r-extreme	artifacts/choice-trace-before/wire/examples__rle__harness-r-extreme.json	rle_harness_r	8,9223372036854775807	default;9,8;1,3;5,5;47062,17241;45548,4010
examples/selsort/four-shuffled	artifacts/choice-trace-before/wire/examples__selsort__four-shuffled.json	sortFour	4,2,3,1	default;default;default;default;default;default
examples/selsort/four-sorted	artifacts/choice-trace-before/wire/examples__selsort__four-sorted.json	sortFour	1,2,3,4	default;default;default;default;default;default
examples/selsort/four-same	artifacts/choice-trace-before/wire/examples__selsort__four-same.json	sortFour	7,7,7,7	default;default;default;default;default;default
examples/selsort/four-reversed	artifacts/choice-trace-before/wire/examples__selsort__four-reversed.json	sortFour	9,7,5,3	default;default;default;default;default;default
examples/selsort/four-duplicates	artifacts/choice-trace-before/wire/examples__selsort__four-duplicates.json	sortFour	5,1,5,1	default;default;default;default;default;default
examples/selsort/four-extremes	artifacts/choice-trace-before/wire/examples__selsort__four-extremes.json	sortFour	9223372036854775807,0,9223372036854775807,1	default;default;default;default;default;default
examples/selsort/three	artifacts/choice-trace-before/wire/examples__selsort__three.json	sortThree	30,10,20	default;default;default;default;default;default
examples/selsort/one	artifacts/choice-trace-before/wire/examples__selsort__one.json	sortOne	42	default;default;default;default;default;default
examples/selsort/empty	artifacts/choice-trace-before/wire/examples__selsort__empty.json	sortEmpty	-	default;default;default;default;default;default
examples/selsort/harness-r-empty	artifacts/choice-trace-before/wire/examples__selsort__harness-r-empty.json	selsort_harness_r	0,5	default;default;default;default;default;default
examples/selsort/harness-r-one	artifacts/choice-trace-before/wire/examples__selsort__harness-r-one.json	selsort_harness_r	1,12	default;default;default;default;default;default
examples/selsort/harness-r-mid	artifacts/choice-trace-before/wire/examples__selsort__harness-r-mid.json	selsort_harness_r	5,37	default;default;default;default;default;default
examples/selsort/harness-r-cap	artifacts/choice-trace-before/wire/examples__selsort__harness-r-cap.json	selsort_harness_r	8,99	default;default;default;default;default;default
examples/selsort/harness-r-extreme	artifacts/choice-trace-before/wire/examples__selsort__harness-r-extreme.json	selsort_harness_r	8,9223372036854775807	default;default;default;default;default;default
examples/sieve/n0	artifacts/choice-trace-before/wire/examples__sieve__n0.json	countPrimes	0	default;default;default;default;default;default
examples/sieve/n1	artifacts/choice-trace-before/wire/examples__sieve__n1.json	countPrimes	1	default;default;default;default;default;default
examples/sieve/n2	artifacts/choice-trace-before/wire/examples__sieve__n2.json	countPrimes	2	default;default;default;default;default;default
examples/sieve/n10	artifacts/choice-trace-before/wire/examples__sieve__n10.json	countPrimes	10	default;default;default;default;default;default
examples/sieve/n30	artifacts/choice-trace-before/wire/examples__sieve__n30.json	countPrimes	30	default;default;default;default;default;default
examples/sieve/n60	artifacts/choice-trace-before/wire/examples__sieve__n60.json	countPrimes	60	default;default;default;default;default;default
examples/sieve/prime	artifacts/choice-trace-before/wire/examples__sieve__prime.json	isPrimeSieved	30,13	default;default;default;default;default;default
examples/sieve/composite	artifacts/choice-trace-before/wire/examples__sieve__composite.json	isPrimeSieved	30,21	default;default;default;default;default;default
examples/sieve/beyond	artifacts/choice-trace-before/wire/examples__sieve__beyond.json	isPrimeSieved	10,13	default;default;default;default;default;default
examples/sieve/harness-mid	artifacts/choice-trace-before/wire/examples__sieve__harness-mid.json	sieve_harness	30	default;default;default;default;default;default
examples/sieve/harness-zero	artifacts/choice-trace-before/wire/examples__sieve__harness-zero.json	sieve_harness	0	default;default;default;default;default;default
examples/stack/lifo-three	artifacts/choice-trace-before/wire/examples__stack__lifo-three.json	pushPopThree	10,20,30	default;9;1;5;47062;45548
examples/stack/lifo-dup	artifacts/choice-trace-before/wire/examples__stack__lifo-dup.json	pushPopThree	7,7,9	default;9;1;5;47062;45548
examples/stack/lifo-extremes	artifacts/choice-trace-before/wire/examples__stack__lifo-extremes.json	pushPopThree	9223372036854775807,0,1	default;9;1;5;47062;45548
examples/stack/peek-two	artifacts/choice-trace-before/wire/examples__stack__peek-two.json	pushPeek	5,6	default;9;1;5;47062;45548
examples/stack/empty-size	artifacts/choice-trace-before/wire/examples__stack__empty-size.json	emptySize	-	default;default;default;default;default;default
examples/stack/harness-empty	artifacts/choice-trace-before/wire/examples__stack__harness-empty.json	stack_harness_r	0,5,3	default;default;default;default;default;default
examples/stack/harness-one	artifacts/choice-trace-before/wire/examples__stack__harness-one.json	stack_harness_r	1,42,1	default;9;1;5;47062;45548
examples/stack/harness-mid	artifacts/choice-trace-before/wire/examples__stack__harness-mid.json	stack_harness_r	6,50,3	default;9;1,3;5;47062;45548
examples/stack/harness-cap-drain	artifacts/choice-trace-before/wire/examples__stack__harness-cap-drain.json	stack_harness_r	8,3,8	default;9;1,3;5;47062;45548
examples/stack/harness-k0	artifacts/choice-trace-before/wire/examples__stack__harness-k0.json	stack_harness_r	5,10,0	default;9;1;5;47062;45548
examples/stack/harness-kn	artifacts/choice-trace-before/wire/examples__stack__harness-kn.json	stack_harness_r	4,100,4	default;9;1;5;47062;45548
examples/stack/harness-kover	artifacts/choice-trace-before/wire/examples__stack__harness-kover.json	stack_harness_r	5,7,9	default;9;1;5;47062;45548
examples/stack/harness-maxseed	artifacts/choice-trace-before/wire/examples__stack__harness-maxseed.json	stack_harness_r	8,9223372036854775807,4	default;9;1,3;5;47062;45548
examples/stein/zero-zero	artifacts/choice-trace-before/wire/examples__stein__zero-zero.json	steinGCD	0,0	default;default;default;default;default;default
examples/stein/a-zero	artifacts/choice-trace-before/wire/examples__stein__a-zero.json	steinGCD	7,0	default;default;default;default;default;default
examples/stein/zero-b	artifacts/choice-trace-before/wire/examples__stein__zero-b.json	steinGCD	0,9	default;default;default;default;default;default
examples/stein/coprime	artifacts/choice-trace-before/wire/examples__stein__coprime.json	steinGCD	17,13	default;default;default;default;default;default
examples/stein/common	artifacts/choice-trace-before/wire/examples__stein__common.json	steinGCD	12,18	default;default;default;default;default;default
examples/stein/pow2	artifacts/choice-trace-before/wire/examples__stein__pow2.json	steinGCD	4096,1024	default;default;default;default;default;default
examples/stein/big	artifacts/choice-trace-before/wire/examples__stein__big.json	steinGCD	9223372036854775807,3074457345618258602	default;default;default;default;default;default
examples/stein/harness-common	artifacts/choice-trace-before/wire/examples__stein__harness-common.json	stein_harness	12,18	default;default;default;default;default;default
examples/stein/harness-big	artifacts/choice-trace-before/wire/examples__stein__harness-big.json	stein_harness	9223372036854775807,3074457345618258602	default;default;default;default;default;default
examples/strrev/rev-lit	artifacts/choice-trace-before/wire/examples__strrev__rev-lit.json	revLit	-	default;default;default;default;default;default
examples/strrev/palin-lit	artifacts/choice-trace-before/wire/examples__strrev__palin-lit.json	palinLit	-	default;default;default;default;default;default
examples/strrev/build-mid	artifacts/choice-trace-before/wire/examples__strrev__build-mid.json	buildStr	5,3	default;default;default;default;default;default
examples/strrev/rev-built	artifacts/choice-trace-before/wire/examples__strrev__rev-built.json	revBuilt	4,0	default;default;default;default;default;default
examples/strrev/palin-one	artifacts/choice-trace-before/wire/examples__strrev__palin-one.json	palinBuilt	1,7	default;default;default;default;default;default
examples/strrev/palin-no	artifacts/choice-trace-before/wire/examples__strrev__palin-no.json	palinBuilt	6,2	default;default;default;default;default;default
examples/strrev/palin-empty	artifacts/choice-trace-before/wire/examples__strrev__palin-empty.json	palinBuilt	0,9223372036854775807	default;default;default;default;default;default
examples/strrev/harness-empty	artifacts/choice-trace-before/wire/examples__strrev__harness-empty.json	strrev_harness_r	0,5	default;default;default;default;default;default
examples/strrev/harness-one	artifacts/choice-trace-before/wire/examples__strrev__harness-one.json	strrev_harness_r	1,25	default;default;default;default;default;default
examples/strrev/harness-mid	artifacts/choice-trace-before/wire/examples__strrev__harness-mid.json	strrev_harness_r	5,7	default;default;default;default;default;default
examples/strrev/harness-cap	artifacts/choice-trace-before/wire/examples__strrev__harness-cap.json	strrev_harness_r	8,19	default;default;default;default;default;default
examples/strrev/harness-extreme	artifacts/choice-trace-before/wire/examples__strrev__harness-extreme.json	strrev_harness_r	8,9223372036854775807	default;default;default;default;default;default
examples/twosum/four-mid	artifacts/choice-trace-before/wire/examples__twosum__four-mid.json	twoSumFour	5,2,9,4,11	default;default;default;default;default;default
examples/twosum/four-first	artifacts/choice-trace-before/wire/examples__twosum__four-first.json	twoSumFour	4,6,1,2,10	default;default;default;default;default;default
examples/twosum/four-last	artifacts/choice-trace-before/wire/examples__twosum__four-last.json	twoSumFour	8,1,2,5,7	default;default;default;default;default;default
examples/twosum/four-notfound	artifacts/choice-trace-before/wire/examples__twosum__four-notfound.json	twoSumFour	1,2,3,4,100	default;default;default;default;default;default
examples/twosum/four-same	artifacts/choice-trace-before/wire/examples__twosum__four-same.json	twoSumFour	5,5,5,5,10	default;default;default;default;default;default
examples/twosum/four-dups	artifacts/choice-trace-before/wire/examples__twosum__four-dups.json	twoSumFour	3,3,1,3,4	default;default;default;default;default;default
examples/twosum/four-extremes	artifacts/choice-trace-before/wire/examples__twosum__four-extremes.json	twoSumFour	9223372036854775807,0,3,9223372036854775804,9223372036854775807	default;default;default;default;default;default
examples/twosum/one-notfound	artifacts/choice-trace-before/wire/examples__twosum__one-notfound.json	twoSumOne	42,84	default;default;default;default;default;default
examples/twosum/empty	artifacts/choice-trace-before/wire/examples__twosum__empty.json	twoSumEmpty	5	default;default;default;default;default;default
examples/twosum/harness-r-empty	artifacts/choice-trace-before/wire/examples__twosum__harness-r-empty.json	twosum_harness_r	0,7,10	default;default;default;default;default;default
examples/twosum/harness-r-one	artifacts/choice-trace-before/wire/examples__twosum__harness-r-one.json	twosum_harness_r	1,5,10	default;default;default;default;default;default
examples/twosum/harness-r-five	artifacts/choice-trace-before/wire/examples__twosum__harness-r-five.json	twosum_harness_r	5,10,27	default;default;default;default;default;default
examples/twosum/harness-r-eight	artifacts/choice-trace-before/wire/examples__twosum__harness-r-eight.json	twosum_harness_r	8,1,9	default;default;default;default;default;default
examples/twosum/harness-r-wrap	artifacts/choice-trace-before/wire/examples__twosum__harness-r-wrap.json	twosum_harness_r	8,9223372036854775807,0	default;default;default;default;default;default
examples/wordcount/distinct	artifacts/choice-trace-before/wire/examples__wordcount__distinct.json	maxCountFour	1,2,3,4	default;9,8,7;1,3,5;5,5,5;47062,17241,28876;45548,4010,42376
examples/wordcount/all-same	artifacts/choice-trace-before/wire/examples__wordcount__all-same.json	maxCountFour	5,5,5,5	default;default;default;default;default;default
examples/wordcount/mode-three	artifacts/choice-trace-before/wire/examples__wordcount__mode-three.json	maxCountFour	7,3,7,7	default;9;1;5;47062;45548
examples/wordcount/two-pairs	artifacts/choice-trace-before/wire/examples__wordcount__two-pairs.json	maxCountFour	8,9,9,8	default;9;1;5;47062;45548
examples/wordcount/four-u64max	artifacts/choice-trace-before/wire/examples__wordcount__four-u64max.json	maxCountFour	18446744073709551615,18446744073709551615,0,18446744073709551615	default;9;1;5;47062;45548
examples/wordcount/one	artifacts/choice-trace-before/wire/examples__wordcount__one.json	maxCountOne	42	default;default;default;default;default;default
examples/wordcount/empty	artifacts/choice-trace-before/wire/examples__wordcount__empty.json	maxCountEmpty	-	default;default;default;default;default;default
examples/wordcount/harness-seven	artifacts/choice-trace-before/wire/examples__wordcount__harness-seven.json	wordcount_harness	7,50	default;9,8;1,3;5,5;47062,17241;45548,4010
examples/wordcount/harness-empty	artifacts/choice-trace-before/wire/examples__wordcount__harness-empty.json	wordcount_harness	0,9	default;default;default;default;default;default
examples/wordcount/harness-wrap-max	artifacts/choice-trace-before/wire/examples__wordcount__harness-wrap-max.json	wordcount_harness	7,18446744073709551615	default;9,8;1,3;5,5;47062,17241;45548,4010
examples/wordcount/harness-r-seven	artifacts/choice-trace-before/wire/examples__wordcount__harness-r-seven.json	wordcount_harness_r	7,50	default;9,8;1,3;5,5;47062,17241;45548,4010
examples/wordcount/harness-r-eight	artifacts/choice-trace-before/wire/examples__wordcount__harness-r-eight.json	wordcount_harness_r	8,3	default;9,8;1,3;5,5;47062,17241;45548,4010
examples/wordcount/harness-r-wrap-max	artifacts/choice-trace-before/wire/examples__wordcount__harness-r-wrap-max.json	wordcount_harness_r	7,18446744073709551615	default;9,8;1,3;5,5;47062,17241;45548,4010
examples/wordcount/harness-r-empty	artifacts/choice-trace-before/wire/examples__wordcount__harness-r-empty.json	wordcount_harness_r	0,9	default;default;default;default;default;default
examples/wordfreq/lit-basic	artifacts/choice-trace-before/wire/examples__wordfreq__lit-basic.json	wfBasic	-	default;9,8,7,6;1,3,5,7;5,5,5,5;47062,17241,28876,43750;45548,4010,42376,18520
examples/wordfreq/lit-all-same	artifacts/choice-trace-before/wire/examples__wordfreq__lit-all-same.json	wfAllSame	-	default;default;default;default;default;default
examples/wordfreq/lit-miss	artifacts/choice-trace-before/wire/examples__wordfreq__lit-miss.json	wfMiss	-	default;9,8;1,3;5,5;47062,17241;45548,4010
examples/wordfreq/lit-empty	artifacts/choice-trace-before/wire/examples__wordfreq__lit-empty.json	wfEmpty	-	default;default;default;default;default;default
examples/wordfreq/lit-space-only	artifacts/choice-trace-before/wire/examples__wordfreq__lit-space-only.json	wfSpaceOnly	-	default;default;default;default;default;default
examples/wordfreq/lit-tabs-newlines	artifacts/choice-trace-before/wire/examples__wordfreq__lit-tabs-newlines.json	wfTabsNewlines	-	default;9;1;5;47062;45548
examples/wordfreq/build-text	artifacts/choice-trace-before/wire/examples__wordfreq__build-text.json	buildText	5,1	default;default;default;default;default;default
examples/wordfreq/harness-empty	artifacts/choice-trace-before/wire/examples__wordfreq__harness-empty.json	wordfreq_harness_r	0,7,1	default;default;default;default;default;default
examples/wordfreq/harness-one	artifacts/choice-trace-before/wire/examples__wordfreq__harness-one.json	wordfreq_harness_r	1,0,0	default;default;default;default;default;default
examples/wordfreq/harness-one-miss	artifacts/choice-trace-before/wire/examples__wordfreq__harness-one-miss.json	wordfreq_harness_r	1,0,2	default;default;default;default;default;default
examples/wordfreq/harness-mid	artifacts/choice-trace-before/wire/examples__wordfreq__harness-mid.json	wordfreq_harness_r	5,2,0	default;9,8;1,3;5,5;47062,17241;45548,4010
examples/wordfreq/harness-eight	artifacts/choice-trace-before/wire/examples__wordfreq__harness-eight.json	wordfreq_harness_r	8,1,2	default;9,8;1,3;5,5;47062,17241;45548,4010
examples/wordfreq/harness-twelve	artifacts/choice-trace-before/wire/examples__wordfreq__harness-twelve.json	wordfreq_harness_r	12,0,1	default;9,8;1,3;5,5;47062,17241;45548,4010
examples/wordfreq/harness-wrap	artifacts/choice-trace-before/wire/examples__wordfreq__harness-wrap.json	wordfreq_harness_r	5,18446744073709551615,0	default;9,8;1,3;5,5;47062,17241;45548,4010
examples/wordfreq/harness-qwrap	artifacts/choice-trace-before/wire/examples__wordfreq__harness-qwrap.json	wordfreq_harness_r	3,0,18446744073709551615	default;9,8;1,3;5,5;47062,17241;45548,4010
floats/compound-assign	artifacts/choice-trace-before/wire/floats__compound-assign.json	floatCompoundAssign	-	default;default;default;default;default;default
floats/defined-incdec	artifacts/choice-trace-before/wire/floats__defined-incdec.json	definedFloatIncDec	-	default;default;default;default;default;default
floats/defined-type-ops	artifacts/choice-trace-before/wire/floats__defined-type-ops.json	floatDefinedTypeOps	-	default;default;default;default;default;default
floats/division-specials	artifacts/choice-trace-before/wire/floats__division-specials.json	floatDivisionSpecials	-	default;default;default;default;default;default
floats/finite-arithmetic	artifacts/choice-trace-before/wire/floats__finite-arithmetic.json	floatFiniteArithmetic	-	default;default;default;default;default;default
floats/float32-conversion-rounding	artifacts/choice-trace-before/wire/floats__float32-conversion-rounding.json	float32ConversionRounding	-	default;default;default;default;default;default
floats/float32-specials	artifacts/choice-trace-before/wire/floats__float32-specials.json	float32Specials	-	default;default;default;default;default;default
floats/fma-shape	artifacts/choice-trace-before/wire/floats__fma-shape.json	floatFMAShape	1	default;default;default;default;default;default
floats/generic-type-set/defined-float32-sum	artifacts/choice-trace-before/wire/floats__generic-type-set__defined-float32-sum.json	genericFloat32DefinedSum	-	default;default;default;default;default;default
floats/generic-type-set/defined-float64-sum	artifacts/choice-trace-before/wire/floats__generic-type-set__defined-float64-sum.json	genericFloat64DefinedSum	-	default;default;default;default;default;default
floats/generic-type-set/compound-assign	artifacts/choice-trace-before/wire/floats__generic-type-set__compound-assign.json	genericFloatCompoundAssign	-	default;default;default;default;default;default
floats/generic-type-set/ordering	artifacts/choice-trace-before/wire/floats__generic-type-set__ordering.json	genericFloatOrdering	-	default;default;default;default;default;default
floats/generic-type-set/conversion-to-int	artifacts/choice-trace-before/wire/floats__generic-type-set__conversion-to-int.json	genericFloatConversionToInt	-	default;default;default;default;default;default
floats/generic-type-set/explicit-constant	artifacts/choice-trace-before/wire/floats__generic-type-set__explicit-constant.json	genericFloatExplicitConstant	-	default;default;default;default;default;default
floats/generic-type-set/inference	artifacts/choice-trace-before/wire/floats__generic-type-set__inference.json	genericFloatInference	-	default;default;default;default;default;default
floats/generic-type-set/zero-value	artifacts/choice-trace-before/wire/floats__generic-type-set__zero-value.json	genericFloatZeroValue	-	default;default;default;default;default;default
floats/incdec	artifacts/choice-trace-before/wire/floats__incdec.json	floatIncDec	-	default;default;default;default;default;default
floats/int64-to-float-rounding	artifacts/choice-trace-before/wire/floats__int64-to-float-rounding.json	floatIntToFloatRounding	9007199254740993,9007199254740995,9007199791611905	default;default;default;default;default;default
floats/nan-comparisons	artifacts/choice-trace-before/wire/floats__nan-comparisons.json	floatNanComparisons	-	default;default;default;default;default;default
floats/nan-map-key	artifacts/choice-trace-before/wire/floats__nan-map-key.json	floatNaNMapKey	-	default;default;default;default;default;default
floats/precision-rounding	artifacts/choice-trace-before/wire/floats__precision-rounding.json	floatPrecisionRounding	-	default;default;default;default;default;default
floats/signed-zero	artifacts/choice-trace-before/wire/floats__signed-zero.json	floatSignedZero	-	default;default;default;default;default;default
floats/signed-zero-map-key	artifacts/choice-trace-before/wire/floats__signed-zero-map-key.json	floatSignedZeroMapKey	-	default;default;default;default;default;default
floats/to-int-out-of-range/range	artifacts/choice-trace-before/wire/floats__to-int-out-of-range__range.json	floatToIntOutOfRange	-	default;default;default;default;default;default
floats/to-int-out-of-range/nan	artifacts/choice-trace-before/wire/floats__to-int-out-of-range__nan.json	floatToIntNaN	-	default;default;default;default;default;default
floats/to-int-truncation	artifacts/choice-trace-before/wire/floats__to-int-truncation.json	floatToIntTruncation	-	default;default;default;default;default;default
floats/to-uint-truncation	artifacts/choice-trace-before/wire/floats__to-uint-truncation.json	floatToUintTruncation	-	default;default;default;default;default;default
floats/typed-constant-adaptation	artifacts/choice-trace-before/wire/floats__typed-constant-adaptation.json	floatTypedConstantAdaptation	-	default;default;default;default;default;default
fmt/errorf/fresh	artifacts/choice-trace-before/wire/fmt__errorf__fresh.json	errorfFresh	-	default;9,8,7,6;1,3,5,7;5,5,5,5;47062,17241,28876,43750;45548,4010,42376,18520
fmt/errorf/text	artifacts/choice-trace-before/wire/fmt__errorf__text.json	errorfText	-	default;9,8,7,6;1,3,5,7;5,5,5,5;47062,17241,28876,43750;45548,4010,42376,18520
fmt/errorf/sentinel-classify	artifacts/choice-trace-before/wire/fmt__errorf__sentinel-classify.json	errorfSentinelClassify	-	default;9,8;1,3;5,5;47062,17241;45548,4010
fmt/errorf/vs-errors-new	artifacts/choice-trace-before/wire/fmt__errorf__vs-errors-new.json	errorfVsErrorsNew	-	default;default;default;default;default;default
fmt/formatter-precedence/over-stringer	artifacts/choice-trace-before/wire/fmt__formatter-precedence__over-stringer.json	formatterOverStringer	-	default;default;default;default;default;default
fmt/formatter-precedence/over-kind-matrix	artifacts/choice-trace-before/wire/fmt__formatter-precedence__over-kind-matrix.json	formatterOverKindMatrix	-	default;default;default;default;default;default
fmt/formatter-precedence/at-depth	artifacts/choice-trace-before/wire/fmt__formatter-precedence__at-depth.json	formatterAtDepth	-	default;default;default;default;default;default
fmt/fprintf-builder/describe-shape	artifacts/choice-trace-before/wire/fmt__fprintf-builder__describe-shape.json	fprintfDescribeShape	-	default;9,8,7,6,5,4,3,2,1;1,3,5,7,9,2,4,6;5,5,5,5,5,5,5,5;47062,17241,28876,43750,15194,49395,23194;45548,4010,42376,18520,53319,16971,27516
fmt/fprintf-builder/returns	artifacts/choice-trace-before/wire/fmt__fprintf-builder__returns.json	fprintfReturns	-	default;9,8,7;1,3,5;5,5,5;47062,17241,28876;45548,4010,42376
fmt/fprint-writers/builder-single	artifacts/choice-trace-before/wire/fmt__fprint-writers__builder-single.json	fprintBuilderSingle	-	default;9;1,3;5,5;47062;45548
fmt/fprint-writers/buffer-single	artifacts/choice-trace-before/wire/fmt__fprint-writers__buffer-single.json	fprintBufferSingle	-	default;default;default;default;default;default
fmt/fprint-writers/fprintf-buffer-shape	artifacts/choice-trace-before/wire/fmt__fprint-writers__fprintf-buffer-shape.json	fprintfBufferShape	-	default;9,8,7,6,5,4,3,2,1,0;1,3,5,7,9,2,4,6,8,0;5,5,5,5,5,5,5,5;47062,17241,28876,43750,15194,49395,23194,43254,9513,31674;45548,4010,42376,18520,53319,16971,27516,38438,7281,33498
fmt/fprint-writers/multi-operand	artifacts/choice-trace-before/wire/fmt__fprint-writers__multi-operand.json	fprintMultiOperand	-	default;default;default;default;default;default
fmt/fprint-writers/non-string	artifacts/choice-trace-before/wire/fmt__fprint-writers__non-string.json	fprintNonString	-	default;default;default;default;default;default
fmt/sprintf-dyn/logger-shape	artifacts/choice-trace-before/wire/fmt__sprintf-dyn__logger-shape.json	dynLoggerShape	-	default;9,8,7,6,5,4,3,2,1,0;1,3,5,7,9,2,4,6,8,0;5,5,5,5,5,5,5,5;47062,17241,28876,43750,15194,49395,23194,43254,9513,31674,16891,46322,48508,4896;45548,4010,42376,18520,53319,16971,27516,38438,7281,33498,29351,49938,42482,40450
fmt/sprintf-dyn/verb-kinds	artifacts/choice-trace-before/wire/fmt__sprintf-dyn__verb-kinds.json	dynVerbKinds	-	default;9,8,7,6,5,4,3,2,1,0;1,3,5,7,9,2,4,6,8,0;5,5,5,5,5,5,5,5;47062,17241,28876,43750,15194,49395,23194,43254,9513,31674,16891;45548,4010,42376,18520,53319,16971,27516,38438,7281,33498,29351
fmt/sprintf-dyn/stringer-error	artifacts/choice-trace-before/wire/fmt__sprintf-dyn__stringer-error.json	dynStringerError	-	default;9,8,7,6,5,4;1,3,5,7,9,2;5,5,5,5,5,5;47062,17241,28876,43750,15194,49395;45548,4010,42376,18520,53319,16971,27516
fmt/sprintf-dyn/stringer-panic	artifacts/choice-trace-before/wire/fmt__sprintf-dyn__stringer-panic.json	dynStringerPanic	-	default;default;default;default;default;default
fmt/sprintf-dyn/sprint-space-rule	artifacts/choice-trace-before/wire/fmt__sprintf-dyn__sprint-space-rule.json	dynSprintSpaceRule	-	default;9,8,7,6,5,4,3,2,1,0;1,3,5,7,9,2,4,6,8,0;5,5,5,5,5,5,5,5;47062,17241,28876,43750,15194,49395,23194,43254,9513,31674,16891,46322,48508,4896;45548,4010,42376,18520,53319,16971,27516,38438,7281,33498,29351,49938,42482,40450
fmt/sprintf-dyn/sprintln	artifacts/choice-trace-before/wire/fmt__sprintf-dyn__sprintln.json	dynSprintln	-	default;9,8,7,6;1,3,5,7;5,5,5,5;47062,17241,28876,43750;45548,4010,42376,18520
fmt/sprintf-dyn/sprint-nil	artifacts/choice-trace-before/wire/fmt__sprintf-dyn__sprint-nil.json	dynSprintNil	-	default;default;default;default;default;default
fmt/sprintf-dyn/unmodeled-kind	artifacts/choice-trace-before/wire/fmt__sprintf-dyn__unmodeled-kind.json	dynUnmodeledKind	-	default;default;default;default;default;default
fmt/sprintf-dyn/arity-mismatch	artifacts/choice-trace-before/wire/fmt__sprintf-dyn__arity-mismatch.json	dynArityMismatch	-	default;9,8;1,3;5,5;47062,17241;45548,4010
fmt/sprintf-dyn/sprint-fixed-arity	artifacts/choice-trace-before/wire/fmt__sprintf-dyn__sprint-fixed-arity.json	dynSprintFixedArity	-	default;9,8;1,3;5,5;47062,17241;45548,4010
fmt/sprintf-dyn/sprintln-fixed-arity	artifacts/choice-trace-before/wire/fmt__sprintf-dyn__sprintln-fixed-arity.json	dynSprintlnFixedArity	-	default;9,8;1,3;5,5;47062,17241;45548,4010
fmt/sprintf-dyn/slice-int	artifacts/choice-trace-before/wire/fmt__sprintf-dyn__slice-int.json	dynSliceInt	-	default;9,8,7,6,5,4,3,2;1,3,5,7,9,2,4,6;5,5,5,5,5,5,5,5;47062,17241,28876,43750,15194,49395,23194,43254;45548,4010,42376,18520,53319,16971,27516,38438
fmt/sprintf-dyn/slice-string	artifacts/choice-trace-before/wire/fmt__sprintf-dyn__slice-string.json	dynSliceString	-	default;default;default;default;default;default
fmt/sprintf-dyn/struct-bound	artifacts/choice-trace-before/wire/fmt__sprintf-dyn__struct-bound.json	dynStructBound	-	default;default;default;default;default;default
fmt/sprintf-dyn/trailing-plus	artifacts/choice-trace-before/wire/fmt__sprintf-dyn__trailing-plus.json	dynTrailingPlus	-	default;default;default;default;default;default
fmt/sprintf-verbs/d-uint	artifacts/choice-trace-before/wire/fmt__sprintf-verbs__d-uint.json	sprintfDUint	-	default;9,8,7,6,5,4;1,3,5,7,9,2;5,5,5,5,5,5;47062,17241,28876,43750,15194;45548,4010,42376,18520,53319,16971
fmt/sprintf-verbs/d-int	artifacts/choice-trace-before/wire/fmt__sprintf-verbs__d-int.json	sprintfDInt	-	default;9,8,7,6,5,4;1,3,5,7,9,2;5,5,5,5,5,5;47062,17241,28876,43750,15194;45548,4010,42376,18520,53319,16971
fmt/sprintf-verbs/d-enum	artifacts/choice-trace-before/wire/fmt__sprintf-verbs__d-enum.json	sprintfDEnum	-	default;9,8;1,3;5,5;47062,17241;45548,4010
fmt/sprintf-verbs/x-uint	artifacts/choice-trace-before/wire/fmt__sprintf-verbs__x-uint.json	sprintfXUint	-	default;9,8,7,6,5;1,3,5,7,9;5,5,5,5,5,5;47062,17241,28876,43750,15194;45548,4010,42376,18520
fmt/sprintf-verbs/s-string	artifacts/choice-trace-before/wire/fmt__sprintf-verbs__s-string.json	sprintfSString	-	default;default;default;default;default;default
fmt/sprintf-verbs/s-stringer	artifacts/choice-trace-before/wire/fmt__sprintf-verbs__s-stringer.json	sprintfSStringer	-	default;default;default;default;default;default
fmt/sprintf-verbs/s-stringer-panic	artifacts/choice-trace-before/wire/fmt__sprintf-verbs__s-stringer-panic.json	sprintfSStringerPanic	-	default;default;default;default;default;default
fmt/sprintf-verbs/v-kinds	artifacts/choice-trace-before/wire/fmt__sprintf-verbs__v-kinds.json	sprintfVKinds	-	default;9,8,7,6;1,3,5,7;5,5,5,5;47062,17241,28876,43750;45548,4010,42376,18520
fmt/sprintf-verbs/v-stringer-panic	artifacts/choice-trace-before/wire/fmt__sprintf-verbs__v-stringer-panic.json	sprintfVStringerPanic	-	default;default;default;default;default;default
fmt/sprintf-verbs/plusv-ptr-stringer	artifacts/choice-trace-before/wire/fmt__sprintf-verbs__plusv-ptr-stringer.json	sprintfPlusVPtrStringer	-	default;default;default;default;default;default
fmt/sprintf-verbs/plusv-nil-ptr	artifacts/choice-trace-before/wire/fmt__sprintf-verbs__plusv-nil-ptr.json	sprintfPlusVNilPtr	-	default;default;default;default;default;default
fmt/sprintf-verbs/q-bytes	artifacts/choice-trace-before/wire/fmt__sprintf-verbs__q-bytes.json	sprintfQBytes	-	default;9,8;1,3,5;5,5,5;47062,17241;45548,4010
fmt/sprintf-verbs/q-bytes-empty	artifacts/choice-trace-before/wire/fmt__sprintf-verbs__q-bytes-empty.json	sprintfQBytesEmpty	-	default;9,8;1,3;5,5;47062,17241;45548,4010
fmt/sprintf-verbs/percent	artifacts/choice-trace-before/wire/fmt__sprintf-verbs__percent.json	sprintfPercent	-	default;9,8;1,3;5,5;47062,17241;45548,4010
fmt/sprintf-verbs/literal-only	artifacts/choice-trace-before/wire/fmt__sprintf-verbs__literal-only.json	sprintfLiteralOnly	-	default;default;default;default;default;default
fmt/sprintf-verbs/decision-path	artifacts/choice-trace-before/wire/fmt__sprintf-verbs__decision-path.json	sprintfDecisionPath	-	default;9,8,7,6;1,3,5,7;5,5,5,5;47062,17241,28876,43750;45548,4010,42376,18520
fmt/sprintf-verbs/eval-order	artifacts/choice-trace-before/wire/fmt__sprintf-verbs__eval-order.json	sprintfEvalOrder	-	default;default;default;default;default;default
fmt/sprintf-verbs/s-error	artifacts/choice-trace-before/wire/fmt__sprintf-verbs__s-error.json	sprintfSError	-	default;default;default;default;default;default
fmt/sprintf-verbs/s-nil-error	artifacts/choice-trace-before/wire/fmt__sprintf-verbs__s-nil-error.json	sprintfSNilError	-	default;default;default;default;default;default
fmt/sprintf-verbs/v-nil-error	artifacts/choice-trace-before/wire/fmt__sprintf-verbs__v-nil-error.json	sprintfVNilError	-	default;default;default;default;default;default
fmt/sprintf-verbs/x-stringer	artifacts/choice-trace-before/wire/fmt__sprintf-verbs__x-stringer.json	sprintfXStringer	-	default;9;1,3;5;47062;45548
fmt/sprintf-verbs/x-stringer-panic	artifacts/choice-trace-before/wire/fmt__sprintf-verbs__x-stringer-panic.json	sprintfXStringerPanic	-	default;default;default;default;default;default
fmt/sprintf-verbs/q-stringer	artifacts/choice-trace-before/wire/fmt__sprintf-verbs__q-stringer.json	sprintfQStringer	-	default;9;1,3;5,5;47062,17241;45548
fmt/sprintf-verbs/q-stringer-panic	artifacts/choice-trace-before/wire/fmt__sprintf-verbs__q-stringer-panic.json	sprintfQStringerPanic	-	default;default;default;default;default;default
fmt/sprintf-verbs/x-error	artifacts/choice-trace-before/wire/fmt__sprintf-verbs__x-error.json	sprintfXError	-	default;9,8;1,3,5;5,5,5;47062,17241;45548,4010,42376
fmt/sprintf-verbs/x-nil-error	artifacts/choice-trace-before/wire/fmt__sprintf-verbs__x-nil-error.json	sprintfXNilError	-	default;default;default;default;default;default
fmt/sprintf-verbs/verb-outside-set	artifacts/choice-trace-before/wire/fmt__sprintf-verbs__verb-outside-set.json	sprintfVerbOutsideSet	-	default;default;default;default;default;default
fmt/sprintf-verbs/nonconst-format	artifacts/choice-trace-before/wire/fmt__sprintf-verbs__nonconst-format.json	sprintfNonConstFormat	1	default;default;default;default;default;default
fmt/sprintf-verbs/q-string	artifacts/choice-trace-before/wire/fmt__sprintf-verbs__q-string.json	sprintfQString	-	default;9,8;1,3,5;5,5;47062,17241,28876,43750;45548,4010
fmt/sprintf-verbs/q-string-empty	artifacts/choice-trace-before/wire/fmt__sprintf-verbs__q-string-empty.json	sprintfQStringEmpty	-	default;9;1;5;47062;45548
fmt/sprintf-verbs/t-bool	artifacts/choice-trace-before/wire/fmt__sprintf-verbs__t-bool.json	sprintfTBool	-	default;default;default;default;default;default
fmt/sprintf-verbs/d-width	artifacts/choice-trace-before/wire/fmt__sprintf-verbs__d-width.json	sprintfDWidth	-	default;9,8,7,6,5,4,3,2,1,0;1,3,5,7,9,2,4,6,8,0;5,5,5,5,5,5,5,5;47062,17241,28876,43750,15194,49395,23194,43254,9513,31674;45548,4010,42376,18520,53319,16971,27516,38438,7281,33498
fmt/sprintf-verbs/width-outside-set	artifacts/choice-trace-before/wire/fmt__sprintf-verbs__width-outside-set.json	sprintfWidthOutsideSet	-	default;default;default;default;default;default
fmt/v-composites/v-slice-uint64	artifacts/choice-trace-before/wire/fmt__v-composites__v-slice-uint64.json	vSliceUint64	-	default;9,8,7,6,5,4,3,2;1,3,5,7,9,2,4,6;5,5,5,5,5,5,5,5;47062,17241,28876,43750,15194,49395,23194,43254;45548,4010,42376,18520,53319,16971,27516,38438
fmt/v-composites/v-conf-state-shape	artifacts/choice-trace-before/wire/fmt__v-composites__v-conf-state-shape.json	vConfStateShape	-	default;9,8,7,6,5,4,3,2;1,3,5,7,9,2,4,6;5,5,5,5,5,5,5,5;47062,17241,28876,43750,15194,49395,23194,43254;45548,4010,42376,18520,53319,16971,27516,38438
fmt/v-composites/v-struct	artifacts/choice-trace-before/wire/fmt__v-composites__v-struct.json	vStruct	-	default;9,8,7,6;1,3,5,7;5,5,5,5;47062,17241,28876,43750;45548,4010,42376,18520
fmt/v-composites/plusv-struct	artifacts/choice-trace-before/wire/fmt__v-composites__plusv-struct.json	plusVStruct	-	default;9,8,7,6;1,3,5,7;5,5,5,5;47062,17241,28876,43750;45548,4010,42376,18520
fmt/v-composites/v-slice-struct-bytes	artifacts/choice-trace-before/wire/fmt__v-composites__v-slice-struct-bytes.json	vSliceStructBytes	-	default;9,8,7,6,5,4,3,2;1,3,5,7,9,2,4,6;5,5,5,5,5,5,5,5;47062,17241,28876,43750,15194,49395,23194,43254;45548,4010,42376,18520,53319,16971,27516,38438
fmt/v-composites/plusv-slice-struct	artifacts/choice-trace-before/wire/fmt__v-composites__plusv-slice-struct.json	plusVSliceStruct	-	default;9,8,7,6,5,4,3,2;1,3,5,7,9,2,4,6;5,5,5,5,5,5,5,5;47062,17241,28876,43750,15194,49395,23194,43254;45548,4010,42376,18520,53319,16971,27516,38438
fmt/v-composites/v-stringer-elems	artifacts/choice-trace-before/wire/fmt__v-composites__v-stringer-elems.json	vStringerElems	-	default;default;default;default;default;default
fmt/v-composites/v-stringer-elem-panic	artifacts/choice-trace-before/wire/fmt__v-composites__v-stringer-elem-panic.json	vStringerElemPanic	-	default;default;default;default;default;default
fmt/v-composites/plusv-stringer-field	artifacts/choice-trace-before/wire/fmt__v-composites__plusv-stringer-field.json	plusVStringerField	-	default;default;default;default;default;default
fmt/v-composites/v-named-slice	artifacts/choice-trace-before/wire/fmt__v-composites__v-named-slice.json	vNamedSlice	-	default;9,8,7,6;1,3,5,7;5,5,5,5;47062,17241,28876,43750;45548,4010,42376,18520
fmt/v-composites/v-nested-struct	artifacts/choice-trace-before/wire/fmt__v-composites__v-nested-struct.json	vNestedStruct	-	default;9,8,7,6,5,4;1,3,5,7,9,2;5,5,5,5,5,5;47062,17241,28876,43750,15194,49395;45548,4010,42376,18520,53319,16971
fmt/v-composites/v-unexported-stringer-field	artifacts/choice-trace-before/wire/fmt__v-composites__v-unexported-stringer-field.json	vUnexportedStringerField	-	default;9,8,7,6;1,3,5,7;5,5,5,5;47062,17241,28876,43750;45548,4010,42376,18520
fmt/v-composites/v-unexported-subtree-taint	artifacts/choice-trace-before/wire/fmt__v-composites__v-unexported-subtree-taint.json	vUnexportedSubtreeTaint	-	default;9,8,7,6;1,3,5,7;5,5,5,5;47062,17241,28876,43750;45548,4010,42376,18520
fmt/v-composites/v-unexported-slice-taint	artifacts/choice-trace-before/wire/fmt__v-composites__v-unexported-slice-taint.json	vUnexportedSliceTaint	-	default;9,8,7,6,5,4,3,2;1,3,5,7,9,2,4,6;5,5,5,5,5,5,5,5;47062,17241,28876,43750,15194,49395,23194,43254;45548,4010,42376,18520,53319,16971,27516,38438
fmt/v-composites/emb-stringer-field	artifacts/choice-trace-before/wire/fmt__v-composites__emb-stringer-field.json	vEmbedStringerField	-	default;default;default;default;default;default
fmt/v-composites/emb-two-level	artifacts/choice-trace-before/wire/fmt__v-composites__emb-two-level.json	vEmbedTwoLevel	-	default;default;default;default;default;default
fmt/v-composites/emb-sticky-over-embed	artifacts/choice-trace-before/wire/fmt__v-composites__emb-sticky-over-embed.json	vEmbedStickyOverEmbed	-	default;9,8;1,3;5,5;47062,17241;45548,4010
fmt/v-composites/emb-unexported-leaf	artifacts/choice-trace-before/wire/fmt__v-composites__emb-unexported-leaf.json	vEmbedUnexportedLeaf	-	default;9,8;1,3;5,5;47062,17241;45548,4010
fmt/v-composites/emb-named-slice-type	artifacts/choice-trace-before/wire/fmt__v-composites__emb-named-slice-type.json	vEmbedNamedSliceType	-	default;9,8,7,6;1,3,5,7;5,5,5,5;47062,17241,28876,43750;45548,4010,42376,18520
fmt/v-composites/emb-exported-slice	artifacts/choice-trace-before/wire/fmt__v-composites__emb-exported-slice.json	vEmbedExportedSlice	-	default;default;default;default;default;default
fmt/v-composites/emb-method-at-level	artifacts/choice-trace-before/wire/fmt__v-composites__emb-method-at-level.json	vEmbedMethodAtLevel	-	default;default;default;default;default;default
fmt/v-composites/emb-mid	artifacts/choice-trace-before/wire/fmt__v-composites__emb-mid.json	vEmbedMid	-	default;default;default;default;default;default
fmt/v-composites/emb-formatter-below	artifacts/choice-trace-before/wire/fmt__v-composites__emb-formatter-below.json	vEmbedFormatterBelow	-	default;default;default;default;default;default
fmt/v-composites/v-map-outside	artifacts/choice-trace-before/wire/fmt__v-composites__v-map-outside.json	vMapOutside	-	default;default;default;default;default;default
fmt/v-composites/v-ptr-field-outside	artifacts/choice-trace-before/wire/fmt__v-composites__v-ptr-field-outside.json	vPtrFieldOutside	-	default;default;default;default;default;default
functions/bare-call-chain/chain	artifacts/choice-trace-before/wire/functions__bare-call-chain__chain.json	bareCallChain	-	default;default;default;default;default;default
functions/bare-call-chain/helper	artifacts/choice-trace-before/wire/functions__bare-call-chain__helper.json	bareCallHelper	-	default;default;default;default;default;default
functions/bare-call-chain/func-value	artifacts/choice-trace-before/wire/functions__bare-call-chain__func-value.json	bareCallFuncValue	-	default;default;default;default;default;default
functions/bare-call-chain/multi-result	artifacts/choice-trace-before/wire/functions__bare-call-chain__multi-result.json	bareCallMultiResult	-	default;default;default;default;default;default
functions/bare-call-discard-result	artifacts/choice-trace-before/wire/functions__bare-call-discard-result.json	bareCallDiscardResult	-	default;default;default;default;default;default
functions/callchain/base	artifacts/choice-trace-before/wire/functions__callchain__base.json	ccCaller	5	default;default;default;default;default;default
functions/callchain/zero	artifacts/choice-trace-before/wire/functions__callchain__zero.json	ccCaller	0	default;default;default;default;default;default
functions/callchain/neg	artifacts/choice-trace-before/wire/functions__callchain__neg.json	ccCaller	-3	default;default;default;default;default;default
functions/closure-arg-and-capture	artifacts/choice-trace-before/wire/functions__closure-arg-and-capture.json	closureArgAndCapture	-	default;default;default;default;default;default
functions/closure-block-scope-capture	artifacts/choice-trace-before/wire/functions__closure-block-scope-capture.json	closureBlockScopeCapture	-	default;default;default;default;default;default
functions/closure-captures-named-result	artifacts/choice-trace-before/wire/functions__closure-captures-named-result.json	closureCapturesNamedResult	-	default;default;default;default;default;default
functions/closure-captures-param	artifacts/choice-trace-before/wire/functions__closure-captures-param.json	closureCapturesParam	-	default;default;default;default;default;default
functions/closure-frame-sees-mutation	artifacts/choice-trace-before/wire/functions__closure-frame-sees-mutation.json	closureFrameSeesMutation	-	default;default;default;default;default;default
functions/closure-loop-var-capture	artifacts/choice-trace-before/wire/functions__closure-loop-var-capture.json	closureLoopVarCapture	-	default;default;default;default;default;default
functions/closure-nested-recapture	artifacts/choice-trace-before/wire/functions__closure-nested-recapture.json	closureNestedRecapture	-	default;default;default;default;default;default
functions/closure-param-shadows-capture	artifacts/choice-trace-before/wire/functions__closure-param-shadows-capture.json	closureParamShadowsCapture	-	default;default;default;default;default;default
functions/closure-recursion	artifacts/choice-trace-before/wire/functions__closure-recursion.json	closureRecursion	-	default;default;default;default;default;default
functions/closure-returns-closure	artifacts/choice-trace-before/wire/functions__closure-returns-closure.json	closureReturnsClosure	-	default;default;default;default;default;default
functions/closure-return-state	artifacts/choice-trace-before/wire/functions__closure-return-state.json	closureReturnState	-	default;default;default;default;default;default
functions/closure-share	artifacts/choice-trace-before/wire/functions__closure-share.json	closureShare	-	default;default;default;default;default;default
functions/closure-two-vars-one-closure	artifacts/choice-trace-before/wire/functions__closure-two-vars-one-closure.json	closureTwoVarsOneClosure	-	default;default;default;default;default;default
functions/closure-value-reassigned	artifacts/choice-trace-before/wire/functions__closure-value-reassigned.json	closureValueReassigned	-	default;default;default;default;default;default
functions/composite-function-values/struct-call	artifacts/choice-trace-before/wire/functions__composite-function-values__struct-call.json	compositeFunctionStructCall	-	default;default;default;default;default;default
functions/composite-function-values/slice-call	artifacts/choice-trace-before/wire/functions__composite-function-values__slice-call.json	compositeFunctionSliceCall	-	default;default;default;default;default;default
functions/composite-function-values/map-call	artifacts/choice-trace-before/wire/functions__composite-function-values__map-call.json	compositeFunctionMapCall	-	default;default;default;default;default;default
functions/composite-function-values/struct-reassign	artifacts/choice-trace-before/wire/functions__composite-function-values__struct-reassign.json	compositeFunctionStructReassign	-	default;default;default;default;default;default
functions/function-in-interface	artifacts/choice-trace-before/wire/functions__function-in-interface.json	applyFunctionFromInterface	-	default;default;default;default;default;default
functions/function-interface-compare-panic	artifacts/choice-trace-before/wire/functions__function-interface-compare-panic.json	functionInterfaceComparePanic	-	default;default;default;default;default;default
functions/function-nil-compare	artifacts/choice-trace-before/wire/functions__function-nil-compare.json	functionNilCompare	-	default;default;default;default;default;default
functions/function-reassign	artifacts/choice-trace-before/wire/functions__function-reassign.json	functionReassign	-	default;default;default;default;default;default
functions/higher-order-arg	artifacts/choice-trace-before/wire/functions__higher-order-arg.json	higherOrderArg	-	default;default;default;default;default;default
functions/method-value-callback	artifacts/choice-trace-before/wire/functions__method-value-callback.json	methodValueCallback	-	default;default;default;default;default;default
functions/nil-function-call-panic	artifacts/choice-trace-before/wire/functions__nil-function-call-panic.json	nilFunctionCallPanic	-	default;default;default;default;default;default
functions/recursion	artifacts/choice-trace-before/wire/functions__recursion.json	recursion	-	default;default;default;default;default;default
functions/return-function	artifacts/choice-trace-before/wire/functions__return-function.json	returnFunction	-	default;default;default;default;default;default
functions/untyped-nil-sinks/struct-lit-field	artifacts/choice-trace-before/wire/functions__untyped-nil-sinks__struct-lit-field.json	unsStructLitField	-	default;default;default;default;default;default
functions/untyped-nil-sinks/struct-lit-append	artifacts/choice-trace-before/wire/functions__untyped-nil-sinks__struct-lit-append.json	unsStructLitAppend	-	default;9;1;5;47062;45548
functions/untyped-nil-sinks/struct-lit-map-field	artifacts/choice-trace-before/wire/functions__untyped-nil-sinks__struct-lit-map-field.json	unsStructLitMapField	-	default;default;default;default;default;default
functions/untyped-nil-sinks/slice-lit-elem	artifacts/choice-trace-before/wire/functions__untyped-nil-sinks__slice-lit-elem.json	unsSliceLitElem	-	default;default;default;default;default;default
functions/untyped-nil-sinks/array-lit-elem	artifacts/choice-trace-before/wire/functions__untyped-nil-sinks__array-lit-elem.json	unsArrayLitElem	-	default;default;default;default;default;default
functions/untyped-nil-sinks/return-nil	artifacts/choice-trace-before/wire/functions__untyped-nil-sinks__return-nil.json	unsReturn	-	default;default;default;default;default;default
functions/untyped-nil-sinks/call-arg	artifacts/choice-trace-before/wire/functions__untyped-nil-sinks__call-arg.json	unsCallArg	-	default;default;default;default;default;default
functions/untyped-nil-sinks/plain-assign	artifacts/choice-trace-before/wire/functions__untyped-nil-sinks__plain-assign.json	unsPlainAssign	-	default;default;default;default;default;default
functions/untyped-nil-sinks/variadic-spread	artifacts/choice-trace-before/wire/functions__untyped-nil-sinks__variadic-spread.json	unsVariadicSpread	-	default;default;default;default;default;default
functions/untyped-nil-sinks/nested-map-value	artifacts/choice-trace-before/wire/functions__untyped-nil-sinks__nested-map-value.json	unsNestedMapValue	-	default;default;default;default;default;default
functions/untyped-nil-sinks/ctl-map-lit-value	artifacts/choice-trace-before/wire/functions__untyped-nil-sinks__ctl-map-lit-value.json	unsCtlMapLitValue	-	default;default;default;default;default;default
functions/untyped-nil-sinks/ctl-zero-value	artifacts/choice-trace-before/wire/functions__untyped-nil-sinks__ctl-zero-value.json	unsCtlZeroValue	-	default;default;default;default;default;default
generics/anon-struct-type-argument	artifacts/choice-trace-before/wire/generics__anon-struct-type-argument.json	genericAnonStructTypeArgument	-	default;default;default;default;default;default
generics/chan-type-arg/first	artifacts/choice-trace-before/wire/generics__chan-type-arg__first.json	chanTypeArgFirst	-	default;default;default;default;default;default
generics/comparable-constraint	artifacts/choice-trace-before/wire/generics__comparable-constraint.json	genericComparableConstraint	-	default;default;default;default;default;default
generics/comparable-runtime-edge/any-equal-ints	artifacts/choice-trace-before/wire/generics__comparable-runtime-edge__any-equal-ints.json	genericComparableAnyEqualInts	-	default;default;default;default;default;default
generics/comparable-runtime-edge/any-different-dynamic-types	artifacts/choice-trace-before/wire/generics__comparable-runtime-edge__any-different-dynamic-types.json	genericComparableAnyDifferentDynamicTypes	-	default;default;default;default;default;default
generics/comparable-runtime-edge/any-slice-panic	artifacts/choice-trace-before/wire/generics__comparable-runtime-edge__any-slice-panic.json	genericComparableAnySlicePanic	-	default;default;default;default;default;default
generics/comparable-runtime-edge/any-map-panic	artifacts/choice-trace-before/wire/generics__comparable-runtime-edge__any-map-panic.json	genericComparableAnyMapPanic	-	default;default;default;default;default;default
generics/comparable-runtime-edge/any-func-panic	artifacts/choice-trace-before/wire/generics__comparable-runtime-edge__any-func-panic.json	genericComparableAnyFuncPanic	-	default;default;default;default;default;default
generics/comparable-runtime-edge/array-interface-panic	artifacts/choice-trace-before/wire/generics__comparable-runtime-edge__array-interface-panic.json	genericComparableArrayInterfacePanic	-	default;default;default;default;default;default
generics/comparable-runtime-edge/struct-interface-panic	artifacts/choice-trace-before/wire/generics__comparable-runtime-edge__struct-interface-panic.json	genericComparableStructInterfacePanic	-	default;default;default;default;default;default
generics/comparable-runtime-edge/struct-skips-interface-panic	artifacts/choice-trace-before/wire/generics__comparable-runtime-edge__struct-skips-interface-panic.json	genericComparableStructSkipsInterfacePanic	-	default;default;default;default;default;default
generics/constraint-embedding	artifacts/choice-trace-before/wire/generics__constraint-embedding.json	genericConstraintEmbedding	-	default;default;default;default;default;default
generics/defined-slice-type	artifacts/choice-trace-before/wire/generics__defined-slice-type.json	genericDefinedSliceType	-	default;default;default;default;default;default
generics/derived-instantiation	artifacts/choice-trace-before/wire/generics__derived-instantiation.json	genericDerivedInstantiation	-	default;default;default;default;default;default
generics/empty-struct-argument	artifacts/choice-trace-before/wire/generics__empty-struct-argument.json	genericEmptyStructArgument	-	default;default;default;default;default;default
generics/generic-closure	artifacts/choice-trace-before/wire/generics__generic-closure.json	genericClosure	-	default;default;default;default;default;default
generics/generic-closure/shared-capture	artifacts/choice-trace-before/wire/generics__generic-closure__shared-capture.json	genericClosureSharedCapture	-	default;default;default;default;default;default
generics/generic-interface-param/call	artifacts/choice-trace-before/wire/generics__generic-interface-param__call.json	genericInterfaceParam	-	default;default;default;default;default;default
generics/generic-interface-param/unrelated	artifacts/choice-trace-before/wire/generics__generic-interface-param__unrelated.json	gipUnrelated	-	default;default;default;default;default;default
generics/generic-interface-value	artifacts/choice-trace-before/wire/generics__generic-interface-value.json	genericInterfaceValue	-	default;default;default;default;default;default
generics/generic-map-type	artifacts/choice-trace-before/wire/generics__generic-map-type.json	genericMapType	-	default;default;default;default;default;default
generics/generic-struct	artifacts/choice-trace-before/wire/generics__generic-struct.json	genericStruct	-	default;default;default;default;default;default
generics/higher-order-inference/pass-to-generic	artifacts/choice-trace-before/wire/generics__higher-order-inference__pass-to-generic.json	higherOrderInferencePassToGeneric	-	default;default;default;default;default;default
generics/higher-order-inference/pass-to-concrete	artifacts/choice-trace-before/wire/generics__higher-order-inference__pass-to-concrete.json	higherOrderInferencePassToConcrete	-	default;default;default;default;default;default
generics/higher-order-inference/assignment-target	artifacts/choice-trace-before/wire/generics__higher-order-inference__assignment-target.json	higherOrderInferenceAssignmentTarget	-	default;default;default;default;default;default
generics/higher-order-inference/named-function-type	artifacts/choice-trace-before/wire/generics__higher-order-inference__named-function-type.json	higherOrderInferenceNamedFunctionType	-	default;default;default;default;default;default
generics/higher-order-inference/return-target	artifacts/choice-trace-before/wire/generics__higher-order-inference__return-target.json	higherOrderInferenceReturnTarget	-	default;default;default;default;default;default
generics/higher-order-inference/partial-instantiation-target	artifacts/choice-trace-before/wire/generics__higher-order-inference__partial-instantiation-target.json	higherOrderInferencePartialInstantiationTarget	-	default;default;default;default;default;default
generics/identity	artifacts/choice-trace-before/wire/generics__identity.json	genericIdentity	-	default;default;default;default;default;default
generics/imported-generic-in-signature	artifacts/choice-trace-before/wire/generics__imported-generic-in-signature.json	unrelatedToTheIterators	-	default;default;default;default;default;default
generics/imported-generic-sig-calls/sibling	artifacts/choice-trace-before/wire/generics__imported-generic-sig-calls__sibling.json	sibling	-	default;default;default;default;default;default
generics/imported-generic-sig-calls/satisfies	artifacts/choice-trace-before/wire/generics__imported-generic-sig-calls__satisfies.json	satisfies	-	default;default;default;default;default;default
generics/imported-generic-sig-calls/satisfies-embedded	artifacts/choice-trace-before/wire/generics__imported-generic-sig-calls__satisfies-embedded.json	satisfiesEmbedded	-	default;default;default;default;default;default
generics/imported-generic-sig-calls/call-method	artifacts/choice-trace-before/wire/generics__imported-generic-sig-calls__call-method.json	callMethod	-	default;default;default;default;default;default
generics/imported-generic-sig-calls/call-func	artifacts/choice-trace-before/wire/generics__imported-generic-sig-calls__call-func.json	callFunc	-	default;default;default;default;default;default
generics/imported-generic-sig-calls/call-param	artifacts/choice-trace-before/wire/generics__imported-generic-sig-calls__call-param.json	callParam	-	default;default;default;default;default;default
generics/imported-generic-sig-calls/call-promoted	artifacts/choice-trace-before/wire/generics__imported-generic-sig-calls__call-promoted.json	callPromoted	-	default;default;default;default;default;default
generics/inference	artifacts/choice-trace-before/wire/generics__inference.json	genericInference	-	default;default;default;default;default;default
generics/instantiated-function-value	artifacts/choice-trace-before/wire/generics__instantiated-function-value.json	genericInstantiatedFunctionValue	-	default;default;default;default;default;default
generics/instantiated-map-key	artifacts/choice-trace-before/wire/generics__instantiated-map-key.json	genericInstantiatedMapKey	-	default;default;default;default;default;default
generics/instantiated-method-value	artifacts/choice-trace-before/wire/generics__instantiated-method-value.json	genericInstantiatedMethodValue	-	default;default;default;default;default;default
generics/instantiated-type-assert/ok	artifacts/choice-trace-before/wire/generics__instantiated-type-assert__ok.json	genericInstantiatedTypeAssertOk	-	default;default;default;default;default;default
generics/instantiated-type-assert/comma-ok	artifacts/choice-trace-before/wire/generics__instantiated-type-assert__comma-ok.json	genericInstantiatedTypeAssertCommaOk	-	default;default;default;default;default;default
generics/instantiated-type-assert/panic	artifacts/choice-trace-before/wire/generics__instantiated-type-assert__panic.json	genericInstantiatedTypeAssertPanic	-	default;default;default;default;default;default
generics/instantiated-type-assert/name	artifacts/choice-trace-before/wire/generics__instantiated-type-assert__name.json	genericInstantiatedTypeAssertName	-	default;default;default;default;default;default
generics/local-type-argument	artifacts/choice-trace-before/wire/generics__local-type-argument.json	genericLocalTypeArgument	-	default;default;default;default;default;default
generics/local-type-in-generic/dynamic-name	artifacts/choice-trace-before/wire/generics__local-type-in-generic__dynamic-name.json	localTypeDynamicName	-	default;default;default;default;default;default
generics/local-type-in-generic/assert-panic	artifacts/choice-trace-before/wire/generics__local-type-in-generic__assert-panic.json	localTypeAssertPanic	-	default;default;default;default;default;default
generics/local-type-two-instantiations	artifacts/choice-trace-before/wire/generics__local-type-two-instantiations.json	localTypeTwoInstantiations	-	default;default;default;default;default;default
generics/map-slice	artifacts/choice-trace-before/wire/generics__map-slice.json	genericMapSlice	-	default;default;default;default;default;default
generics/method-and-type-set-constraint	artifacts/choice-trace-before/wire/generics__method-and-type-set-constraint.json	genericMethodAndTypeSetConstraint	-	default;default;default;default;default;default
generics/method-constraint-call	artifacts/choice-trace-before/wire/generics__method-constraint-call.json	genericMethodConstraintCall	-	default;default;default;default;default;default
generics/nested-instantiation	artifacts/choice-trace-before/wire/generics__nested-instantiation.json	genericNestedInstantiation	-	default;default;default;default;default;default
generics/quarantined-instantiation	artifacts/choice-trace-before/wire/generics__quarantined-instantiation.json	genericQuarantinedInstantiation	-	default;default;default;default;default;default
generics/quarantined-instantiation-interface	artifacts/choice-trace-before/wire/generics__quarantined-instantiation-interface.json	genericQuarantinedInterface	-	default;default;default;default;default;default
generics/recursive-constraints/clone	artifacts/choice-trace-before/wire/generics__recursive-constraints__clone.json	recursiveConstraintClone	-	default;default;default;default;default;default
generics/recursive-constraints/argument-method	artifacts/choice-trace-before/wire/generics__recursive-constraints__argument-method.json	recursiveConstraintArgumentMethod	-	default;default;default;default;default;default
generics/recursive-constraints/pointer-self	artifacts/choice-trace-before/wire/generics__recursive-constraints__pointer-self.json	recursiveConstraintPointerSelf	-	default;default;default;default;default;default
generics/recursive-constraints/comparable	artifacts/choice-trace-before/wire/generics__recursive-constraints__comparable.json	recursiveConstraintComparable	-	default;default;default;default;default;default
generics/recursive-generic-type	artifacts/choice-trace-before/wire/generics__recursive-generic-type.json	genericRecursiveType	-	default;default;default;default;default;default
generics/self-recursive	artifacts/choice-trace-before/wire/generics__self-recursive.json	genericSelfRecursive	-	default;default;default;default;default;default
generics/stencil-quarantine/sibling	artifacts/choice-trace-before/wire/generics__stencil-quarantine__sibling.json	stencilSibling	-	default;default;default;default;default;default
generics/stencil-quarantine/stencil-call-refuses	artifacts/choice-trace-before/wire/generics__stencil-quarantine__stencil-call-refuses.json	stencilCallRefuses	-	default;default;default;default;default;default
generics/stencil-quarantine/iface-satisfied	artifacts/choice-trace-before/wire/generics__stencil-quarantine__iface-satisfied.json	ifaceSatisfied	-	default;default;default;default;default;default
generics/stencil-quarantine/iface-dispatch	artifacts/choice-trace-before/wire/generics__stencil-quarantine__iface-dispatch.json	ifaceDispatch	-	default;default;default;default;default;default
generics/stencil-quarantine/transitive-lowers	artifacts/choice-trace-before/wire/generics__stencil-quarantine__transitive-lowers.json	transitiveLowers	-	default;default;default;default;default;default
generics/stencil-quarantine/transitive-call	artifacts/choice-trace-before/wire/generics__stencil-quarantine__transitive-call.json	transitiveCall	-	default;default;default;default;default;default
generics/stencil-quarantine/dedup-second-body	artifacts/choice-trace-before/wire/generics__stencil-quarantine__dedup-second-body.json	dedupSecondBody	-	default;default;default;default;default;default
generics/stencil-quarantine/local-type-c6	artifacts/choice-trace-before/wire/generics__stencil-quarantine__local-type-c6.json	localC6	-	default;default;default;default;default;default
generics/stencil-quarantine-iterseq/sibling	artifacts/choice-trace-before/wire/generics__stencil-quarantine-iterseq__sibling.json	sibling	-	default;default;default;default;default;default
generics/stencil-quarantine-iterseq/satisfies	artifacts/choice-trace-before/wire/generics__stencil-quarantine-iterseq__satisfies.json	satisfies	-	default;default;default;default;default;default
generics/stencil-quarantine-iterseq/call	artifacts/choice-trace-before/wire/generics__stencil-quarantine-iterseq__call.json	call	-	default;default;default;default;default;default
generics/structural-transparency	artifacts/choice-trace-before/wire/generics__structural-transparency.json	genericStructuralTransparency	-	default;default;default;default;default;default
generics/type-aliases/slice-same-type	artifacts/choice-trace-before/wire/generics__type-aliases__slice-same-type.json	genericAliasSliceSameType	-	default;default;default;default;default;default
generics/type-aliases/map-literal	artifacts/choice-trace-before/wire/generics__type-aliases__map-literal.json	genericAliasMapLiteral	-	default;default;default;default;default;default
generics/type-aliases/struct-literal	artifacts/choice-trace-before/wire/generics__type-aliases__struct-literal.json	genericAliasStructLiteral	-	default;default;default;default;default;default
generics/type-aliases/func-type	artifacts/choice-trace-before/wire/generics__type-aliases__func-type.json	genericAliasFuncType	-	default;default;default;default;default;default
generics/type-aliases/nested-map	artifacts/choice-trace-before/wire/generics__type-aliases__nested-map.json	genericAliasNestedMap	-	default;default;default;default;default;default
generics/type-method-dispatch	artifacts/choice-trace-before/wire/generics__type-method-dispatch.json	genericTypeMethodDispatch	-	default;default;default;default;default;default
generics/type-parameter-channel-ops	artifacts/choice-trace-before/wire/generics__type-parameter-channel-ops.json	genericTypeParameterChannelOps	-	default;default;default;default;default;default
generics/type-parameter-composite-literal	artifacts/choice-trace-before/wire/generics__type-parameter-composite-literal.json	genericTypeParameterCompositeLiteral	-	default;default;default;default;default;default
generics/type-parameter-conversion	artifacts/choice-trace-before/wire/generics__type-parameter-conversion.json	genericTypeParameterConversion	-	default;default;default;default;default;default
generics/type-parameter-map-ops	artifacts/choice-trace-before/wire/generics__type-parameter-map-ops.json	genericTypeParameterMapOps	-	default;default;default;default;default;default
generics/type-parameter-slice-ops	artifacts/choice-trace-before/wire/generics__type-parameter-slice-ops.json	genericTypeParameterSliceOps	-	default;default;default;default;default;default
generics/type-set-constraint	artifacts/choice-trace-before/wire/generics__type-set-constraint.json	genericTypeSetConstraint	-	default;default;default;default;default;default
generics/unused-generic-helper	artifacts/choice-trace-before/wire/generics__unused-generic-helper.json	genericUnusedHelperNeighbor	-	default;default;default;default;default;default
generics/zero-composite	artifacts/choice-trace-before/wire/generics__zero-composite.json	genericZeroComposite	-	default;default;default;default;default;default
generics/zero-values	artifacts/choice-trace-before/wire/generics__zero-values.json	genericZeroValues	-	default;default;default;default;default;default
goroutines/buffered-wake/fifo	artifacts/choice-trace-before/wire/goroutines__buffered-wake__fifo.json	bufferedWakeFIFO	-	default;9,8,7,6,5,4,3,2,1,0;1,3,5,7,9,2,4,6,8,0;5,5,5,5,5,5,5,5;47062,17241,28876,43750,15194,49395,23194,43254,9513,31674,16891,46322,48508,4896,44218,28684,13594,1567,27860,25141,14699,15757,19422,56162,37437,22448,3876,40608,9553,6048,26527,42258;45548,4010,42376,18520,53319,16971,27516,38438,7281,33498,29351,49938,42482,40450,61504,34554,5354,61997,38926,27463,6056,51174,39660,27994,12013,59686,47063,35114,16911,57411
goroutines/buffered-wake/cap-one	artifacts/choice-trace-before/wire/goroutines__buffered-wake__cap-one.json	bufferedWakeCapOne	-	default;9,8,7,6,5,4,3,2,1,0;1,3,5,7,9,2,4,6,8,0;5,5,5,5,5,5,5,5;47062,17241,28876,43750,15194,49395,23194,43254,9513,31674,16891,46322,48508,4896,44218,28684,13594,1567,27860,25141,14699;45548,4010,42376,18520,53319,16971,27516,38438,7281,33498,29351,49938,42482,40450,61504,34554,5354,61997,38926,27463,6056
goroutines/buffered-wake/len-after-join	artifacts/choice-trace-before/wire/goroutines__buffered-wake__len-after-join.json	bufferedLenAfterJoin	-	default;9,8,7,6,5,4,3,2,1;1,3,5,7,9,2,4,6;5,5,5,5,5,5,5,5;47062,17241,28876,43750;45548,4010,42376
goroutines/close-wake/receiver	artifacts/choice-trace-before/wire/goroutines__close-wake__receiver.json	closeWakesReceiver	-	default;9,8,7,6,5,4,3,2,1,0;1,3,5,7,9,2,4;5,5,5,5,5,5,5;47062,17241,28876,43750,15194,49395,23194;45548,4010,42376,18520,53319,16971,27516
goroutines/close-wake/receiver-drain-first	artifacts/choice-trace-before/wire/goroutines__close-wake__receiver-drain-first.json	closeWakesReceiverDrainFirst	-	default;9,8,7,6,5,4,3,2,1,0;1,3,5,7,9,2,4,6;5,5,5,5,5,5,5,5;47062,17241,28876,43750,15194,49395,23194;45548,4010,42376,18520,53319,16971,27516
goroutines/close-wake/sender-panics	artifacts/choice-trace-before/wire/goroutines__close-wake__sender-panics.json	closeWakesSenderPanics	-	default;9,8,7;1,3;5,5;47062,17241,28876,43750,15194;45548,4010,42376,18520
goroutines/close-wake/sender-full-buffer	artifacts/choice-trace-before/wire/goroutines__close-wake__sender-full-buffer.json	closeWakesSenderFullBuffer	-	default;9,8,7;1,3;5,5;47062,17241,28876,43750,15194;45548,4010,42376,18520
goroutines/close-wake/close-after-send-drains	artifacts/choice-trace-before/wire/goroutines__close-wake__close-after-send-drains.json	closeAfterSendDrains	-	default;9,8,7,6,5,4,3;1,3,5,7,9,2,4,6,8,0;5,5,5,5,5,5;47062,17241,28876,43750;45548,4010,42376
goroutines/close-wake/send-closed-recovered	artifacts/choice-trace-before/wire/goroutines__close-wake__send-closed-recovered.json	sendOnClosedRecovered	-	default;9,8,7,6,5,4,3,2;1,3,5,7,9,2,4;5,5,5,5,5,5;47062,17241,28876,43750,15194,49395,23194,43254;45548,4010,42376,18520,53319,16971,27516,38438
goroutines/deadlock/mutual	artifacts/choice-trace-before/wire/goroutines__deadlock__mutual.json	deadlockMutual	-	default;9,8,7;1,3;5,5;47062,17241,28876;45548,4010
goroutines/deadlock/chain	artifacts/choice-trace-before/wire/goroutines__deadlock__chain.json	deadlockChain	-	default;9,8,7,6,5,4;1,3,5,7;5,5,5,5;47062,17241,28876,43750,15194,49395,23194;45548,4010,42376,18520,53319,16971
goroutines/deadlock/after-progress	artifacts/choice-trace-before/wire/goroutines__deadlock__after-progress.json	deadlockAfterProgress	-	default;9,8,7,6,5,4;1,3,5,7;5,5,5,5;47062,17241,28876,43750,15194,49395;45548,4010,42376,18520,53319
goroutines/deadlock/with-select	artifacts/choice-trace-before/wire/goroutines__deadlock__with-select.json	deadlockWithSelect	-	default;9,8,7;1,3;5,5;47062,17241,28876;45548,4010
goroutines/fork-join/unbuffered	artifacts/choice-trace-before/wire/goroutines__fork-join__unbuffered.json	forkJoinUnbuffered	-	default;9,8,7,6,5,4;1,3,5;5,5,5;47062,17241,28876,43750;45548,4010,42376
goroutines/fork-join/buffered	artifacts/choice-trace-before/wire/goroutines__fork-join__buffered.json	forkJoinBuffered	-	default;9,8,7,6;1,3,5,7;5,5,5,5;47062,17241,28876,43750;45548,4010,42376
goroutines/fork-join/compute	artifacts/choice-trace-before/wire/goroutines__fork-join__compute.json	forkJoinCompute	-	default;9,8,7,6,5,4;1,3,5,7,9,2;5,5,5,5,5,5,5,5;47062,17241,28876,43750,15194,49395,23194;45548,4010,42376
goroutines/fork-join/two-workers-own-chans	artifacts/choice-trace-before/wire/goroutines__fork-join__two-workers-own-chans.json	forkJoinTwoWorkersOwnChans	-	default;9,8,7,6,5,4,3,2,1,0;1,3,5,7,9,2,4;5,5,5,5,5,5;47062,17241,28876,43750,15194,49395,23194,43254,9513,31674,16891,46322;45548,4010,42376,18520,53319,16971,27516,38438,7281,33498
goroutines/fork-join/args-eval-now	artifacts/choice-trace-before/wire/goroutines__fork-join__args-eval-now.json	goArgsEvalNow	-	default;9,8,7,6,5,4;1,3,5;5,5,5;47062,17241,28876,43750;45548,4010,42376
goroutines/fork-join/closure-capture	artifacts/choice-trace-before/wire/goroutines__fork-join__closure-capture.json	goClosureCapture	-	default;9,8,7,6,5,4;1,3,5;5,5,5;47062,17241,28876,43750;45548,4010,42376
goroutines/fork-join/method-callee	artifacts/choice-trace-before/wire/goroutines__fork-join__method-callee.json	goMethodCallee	-	default;9,8,7,6,5,4;1,3,5;5,5,5;47062,17241,28876,43750;45548,4010,42376
goroutines/fork-join/result-discarded	artifacts/choice-trace-before/wire/goroutines__fork-join__result-discarded.json	goResultDiscarded	-	default;9,8,7,6,5,4;1,3,5;5,5,5;47062,17241,28876,43750;45548,4010,42376
goroutines/go-builtin/close	artifacts/choice-trace-before/wire/goroutines__go-builtin__close.json	goCloseBuiltin	-	default;default;default;default;default;default
goroutines/go-builtin/delete	artifacts/choice-trace-before/wire/goroutines__go-builtin__delete.json	goDeleteBuiltin	-	default;default;default;default;default;default
goroutines/go-builtin/copy	artifacts/choice-trace-before/wire/goroutines__go-builtin__copy.json	goCopyBuiltin	-	default;default;default;default;default;default
goroutines/go-builtin/recover	artifacts/choice-trace-before/wire/goroutines__go-builtin__recover.json	goRecoverBuiltin	-	default;default;default;default;default;default
goroutines/go-builtin/panic	artifacts/choice-trace-before/wire/goroutines__go-builtin__panic.json	goPanicBuiltin	-	default;default;default;default;default;default
goroutines/goexit-marker/child	artifacts/choice-trace-before/wire/goroutines__goexit-marker__child.json	goexitChild	-	default;default;default;default;default;default
goroutines/main-exit/blocked-goroutine	artifacts/choice-trace-before/wire/goroutines__main-exit__blocked-goroutine.json	mainExitLeavesBlockedGoroutine	-	default;9,8,7;1,3;5,5;47062,17241,28876;45548,4010
goroutines/main-exit/two-leaked	artifacts/choice-trace-before/wire/goroutines__main-exit__two-leaked.json	mainExitLeavesTwo	-	default;9,8,7,6,5,4;1,3,5,7,9,2,4;5,5,5,5,5,5;47062,17241,28876,43750,15194,49395,23194;45548,4010,42376,18520,53319,16971,27516,38438,7281,33498
goroutines/ping-pong/alternate	artifacts/choice-trace-before/wire/goroutines__ping-pong__alternate.json	pingPong	-	default;9,8,7,6,5,4,3,2,1,0;1,3,5,7,9,2,4,6,8,0;5,5,5,5,5,5,5,5;47062,17241,28876,43750,15194,49395,23194,43254,9513,31674,16891,46322,48508,4896,44218,28684,13594,1567,27860,25141,14699,15757,19422;45548,4010,42376,18520,53319,16971,27516,38438,7281,33498,29351,49938,42482,40450,61504,34554,5354,61997,38926,27463,6056,51174
goroutines/ping-pong/cap-zero	artifacts/choice-trace-before/wire/goroutines__ping-pong__cap-zero.json	pingPongCapZero	-	default;9,8,7,6,5,4,3,2;1,3,5,7,9;5,5,5,5,5;47062,17241,28876,43750,15194,49395,23194,43254;45548,4010,42376,18520,53319,16971
goroutines/pipeline/two-stage	artifacts/choice-trace-before/wire/goroutines__pipeline__two-stage.json	pipelineTwoStage	-	default;9,8,7,6,5,4,3,2,1,0;1,3,5,7,9,2,4,6,8,0;5,5,5,5,5,5,5,5;47062,17241,28876,43750,15194,49395,23194,43254,9513,31674,16891,46322,48508,4896,44218,28684,13594,1567,27860,25141,14699,15757,19422,56162,37437,22448,3876,40608,9553,6048,26527,42258,56348,53445,23694,5722,49866,13674,24796,10013,1279,15844,51850,41400,7629,50454,56052,44805,28975,8866;45548,4010,42376,18520,53319,16971,27516,38438,7281,33498,29351,49938,42482,40450,61504,34554,5354,61997,38926,27463,6056,51174,39660,27994,12013,59686,47063,35114,16911,57411,51798,45524,30045,51110,24315,19449,19841,19132,42120,50900,26687,25260,10531,39583
goroutines/pipeline/buffered-stage	artifacts/choice-trace-before/wire/goroutines__pipeline__buffered-stage.json	pipelineBufferedStage	-	default;9,8,7,6,5,4,3,2,1,0;1,3,5,7,9,2,4,6,8,0;5,5,5,5,5,5,5,5;47062,17241,28876,43750,15194,49395,23194,43254,9513,31674,16891,46322,48508,4896,44218,28684,13594,1567,27860,25141,14699,15757,19422,56162,37437,22448,3876,40608,9553,6048,26527,42258,56348,53445,23694,5722;45548,4010,42376,18520,53319,16971,27516,38438,7281,33498,29351,49938,42482,40450,61504,34554,5354,61997,38926,27463,6056,51174,39660,27994,12013,59686,47063,35114,16911,57411,51798,45524
goroutines/pipeline/request-reply	artifacts/choice-trace-before/wire/goroutines__pipeline__request-reply.json	pipelineRequestReply	-	default;9,8,7,6,5,4,3,2,1,0;1,3,5,7,9,2,4,6,8,0;5,5,5,5,5,5,5,5;47062,17241,28876,43750,15194,49395,23194,43254,9513,31674,16891,46322,48508,4896,44218,28684,13594,1567,27860,25141,14699,15757,19422,56162,37437,22448,3876;45548,4010,42376,18520,53319,16971,27516,38438,7281,33498,29351,49938,42482,40450,61504,34554,5354,61997,38926,27463,6056,51174,39660,27994
goroutines/rendezvous-hb/send-hb	artifacts/choice-trace-before/wire/goroutines__rendezvous-hb__send-hb.json	rendezvousSendHB	-	default;9,8,7,6,5,4;1,3,5;5,5,5;47062,17241,28876,43750;45548,4010,42376
goroutines/rendezvous-hb/recv-hb	artifacts/choice-trace-before/wire/goroutines__rendezvous-hb__recv-hb.json	rendezvousRecvHB	-	default;9,8,7,6,5,4;1,3,5;5,5,5;47062,17241,28876,43750;45548,4010,42376
goroutines/sched-dependent/first-come	artifacts/choice-trace-before/wire/goroutines__sched-dependent__first-come.json	schedFirstCome	-	default;9,8,7,6,5,4,3,2,1,0;1,3,5,7,9,2,4,6,8,0;5,5,5,5,5,5,5,5;47062,17241,28876,43750,15194,49395,23194,43254,9513,31674,16891,46322,48508,4896,44218,28684,13594,1567;45548,4010,42376,18520,53319,16971,27516,38438,7281,33498,29351,49938,42482
goroutines/sched-dependent/select-default-handshake	artifacts/choice-trace-before/wire/goroutines__sched-dependent__select-default-handshake.json	schedSelectDefaultHandshake	-	default;9,8,7,6,5,4,3;1,3,5,7,9;5,5,5,5,5;47062,17241,28876,43750,15194,49395,23194,43254;45548,4010,42376,18520,53319,16971
goroutines/sched-dependent/len-handoff	artifacts/choice-trace-before/wire/goroutines__sched-dependent__len-handoff.json	schedLenHandoff	-	default;9,8,7,6,5,4,3,2,1,0;1,3,5,7,9,2,4,6;5,5,5,5,5,5,5;47062,17241,28876,43750,15194,49395,23194,43254,9513,31674;45548,4010,42376,18520,53319,16971,27516,38438,7281,33498
goroutines/sched-dependent/waiter-pick	artifacts/choice-trace-before/wire/goroutines__sched-dependent__waiter-pick.json	schedWaiterPick	-	default;9,8,7,6,5,4,3,2,1,0;1,3,5,7,9,2,4,6,8;5,5,5,5,5,5,5;47062,17241,28876,43750,15194,49395,23194,43254,9513,31674,16891,46322;45548,4010,42376,18520,53319,16971,27516,38438,7281,33498,29351,49938
goroutines/select-arrival-multi	artifacts/choice-trace-before/wire/goroutines__select-arrival-multi.json	selectArrivalMulti	-	default;9,8,7,6,5,4,3,2;1,3,5,7,9,2,4;5,5,5,5,5,5;47062,17241,28876,43750,15194,49395,23194,43254,9513,31674,16891,46322;45548,4010,42376,18520,53319,16971,27516,38438,7281,33498
goroutines/select-closed-arrival/send	artifacts/choice-trace-before/wire/goroutines__select-closed-arrival__send.json	selectSendClosedArrival	-	default;9,8,7,6,5,4;1,3,5,7,9;5,5,5,5,5;47062,17241,28876,43750,15194;45548,4010,42376,18520
goroutines/select-closed-arrival/recv-parked-sender	artifacts/choice-trace-before/wire/goroutines__select-closed-arrival__recv-parked-sender.json	selectRecvClosedArrival	-	default;9,8,7;1,3;5,5;47062,17241,28876,43750,15194,49395;45548,4010,42376,18520,53319,16971
goroutines/select-closed-arrival/recv-closed-drains-hb	artifacts/choice-trace-before/wire/goroutines__select-closed-arrival__recv-closed-drains-hb.json	selectRecvClosedDrains	-	default;9,8,7,6,5,4,3;1,3,5,7,9,2,4,6,8,0;5,5,5,5,5,5;47062,17241,28876,43750;45548,4010,42376
goroutines/select-closed-arrival/send-close-race	artifacts/choice-trace-before/wire/goroutines__select-closed-arrival__send-close-race.json	selectSendCloseRace	-	default;9,8,7;1,3;5,5;47062,17241,28876,43750,15194;45548,4010,42376,18520
goroutines/select-closed-arrival/send-paired-then-close	artifacts/choice-trace-before/wire/goroutines__select-closed-arrival__send-paired-then-close.json	selectSendPairedThenClose	-	default;9,8,7,6,5;1,3,5;5,5,5;47062,17241,28876,43750;45548,4010,42376
goroutines/select-wake/recv	artifacts/choice-trace-before/wire/goroutines__select-wake__recv.json	selectWakeRecv	-	default;9,8,7,6,5,4;1,3,5;5,5,5;47062,17241,28876,43750;45548,4010,42376
goroutines/select-wake/send	artifacts/choice-trace-before/wire/goroutines__select-wake__send.json	selectWakeSend	-	default;9,8,7,6,5,4,3,2;1,3,5,7,9;5,5,5,5,5;47062,17241,28876,43750,15194,49395,23194,43254;45548,4010,42376,18520,53319,16971
goroutines/select-wake/closed	artifacts/choice-trace-before/wire/goroutines__select-wake__closed.json	selectWakeClosed	-	default;9,8,7,6,5,4,3,2,1,0;1,3,5,7,9,2,4;5,5,5,5,5,5,5;47062,17241,28876,43750,15194,49395,23194;45548,4010,42376,18520,53319,16971,27516
goroutines/select-wake/buffered-data	artifacts/choice-trace-before/wire/goroutines__select-wake__buffered-data.json	selectWakeBufferedData	-	default;9,8,7,6,5,4,3,2;1,3,5,7,9;5,5,5,5,5;47062,17241,28876,43750,15194,49395,23194;45548,4010,42376,18520,53319,16971,27516
goroutines/select-wake-close-selsel	artifacts/choice-trace-before/wire/goroutines__select-wake-close-selsel.json	selectWakeCloseSelsel	-	default;9,8,7,6,5,4,3;1,3,5,7,9,2,4,6;5,5,5,5,5,5,5;47062,17241,28876,43750,15194,49395,23194,43254;45548,4010,42376,18520,53319,16971
goroutines/select-wake-multi	artifacts/choice-trace-before/wire/goroutines__select-wake-multi.json	selectWakeMulti	-	default;9,8,7,6,5,4,3,2,1;1,3,5,7,9,2,4,6,8,0;5,5,5,5,5,5,5,5;47062,17241,28876,43750,15194,49395,23194,43254,9513,31674,16891,46322;45548,4010,42376,18520,53319,16971,27516,38438
goroutines/spawn-edge/nil-func-fatal	artifacts/choice-trace-before/wire/goroutines__spawn-edge__nil-func-fatal.json	spawnNilFuncFatal	-	default;default;default;default;default;default
goroutines/spawn-edge/child-panic-aborts	artifacts/choice-trace-before/wire/goroutines__spawn-edge__child-panic-aborts.json	spawnChildPanicAborts	-	default;9;1;5;47062,17241;45548,4010
goroutines/spawn-edge/child-recovers	artifacts/choice-trace-before/wire/goroutines__spawn-edge__child-recovers.json	spawnChildRecovers	-	default;9,8,7,6,5,4;1,3,5;5,5,5;47062,17241,28876,43750;45548,4010,42376
goroutines/spawn-edge/nil-interface-recovered	artifacts/choice-trace-before/wire/goroutines__spawn-edge__nil-interface-recovered.json	spawnNilInterfaceRecovered	-	default;default;default;default;default;default
goroutines/spawn-edge/ptr-box-child-aborts	artifacts/choice-trace-before/wire/goroutines__spawn-edge__ptr-box-child-aborts.json	spawnPtrBoxChildAborts	-	default;9;1;5;47062,17241;45548,4010
goroutines/spawn-in-init/in-init	artifacts/choice-trace-before/wire/goroutines__spawn-in-init__in-init.json	spawnInInit	-	default;default;default;default;default;default
goroutines/wake-then-abort	artifacts/choice-trace-before/wire/goroutines__wake-then-abort.json	wakeThenAbort	-	default;9,8,7,6;1,3,5,7;5,5,5,5;47062,17241,28876,43750;45548,4010,42376
goroutines/wake-window/buffered-send	artifacts/choice-trace-before/wire/goroutines__wake-window__buffered-send.json	bufSendWakeThenExit	-	default;9,8,7,6,5,4,3,2;1,3,5,7,9;5,5,5,5,5;47062,17241,28876,43750,15194,49395,23194,43254;45548,4010,42376,18520,53319,16971
goroutines/wake-window/close-recv	artifacts/choice-trace-before/wire/goroutines__wake-window__close-recv.json	closeWakeReceiverThenExit	-	default;9,8,7,6,5,4,3,2;1,3,5,7,9,2;5,5,5,5,5,5,5,5;47062,17241,28876,43750,15194,49395,23194,43254;45548,4010,42376,18520,53319,16971,27516
goroutines/worker-pool/sum	artifacts/choice-trace-before/wire/goroutines__worker-pool__sum.json	workerPoolSum	-	default;9,8,7,6,5,4,3,2,1,0;1,3,5,7,9,2,4,6,8,0;5,5,5,5,5,5,5,5;47062,17241,28876,43750,15194,49395,23194,43254,9513,31674,16891,46322,48508,4896,44218,28684,13594,1567,27860,25141,14699,15757,19422,56162,37437,22448,3876,40608,9553,6048,26527,42258,56348,53445,23694;45548,4010,42376,18520,53319,16971,27516,38438,7281,33498,29351,49938,42482,40450,61504,34554,5354,61997,38926,27463,6056,51174,39660,27994,12013,59686,47063,35114,16911,57411
goroutines/worker-pool/shared-feed	artifacts/choice-trace-before/wire/goroutines__worker-pool__shared-feed.json	workerPoolSharedFeed	-	default;9,8,7,6,5,4,3,2,1,0;1,3,5,7,9,2,4,6,8,0;5,5,5,5,5,5,5,5;47062,17241,28876,43750,15194,49395,23194,43254,9513,31674,16891,46322,48508,4896,44218,28684,13594,1567,27860,25141,14699,15757,19422,56162,37437,22448,3876,40608,9553,6048,26527,42258,56348,53445,23694;45548,4010,42376,18520,53319,16971,27516,38438,7281,33498,29351,49938,42482,40450,61504,34554,5354,61997,38926,27463,6056,51174,39660,27994,12013,59686,47063,35114,16911,57411,51798,45524,30045,51110
if/condition-evaluated-once	artifacts/choice-trace-before/wire/if__condition-evaluated-once.json	ifConditionEvaluatedOnce	-	default;default;default;default;default;default
if/else-if-first-match	artifacts/choice-trace-before/wire/if__else-if-first-match.json	ifElseIfFirstMatch	-	default;default;default;default;default;default
if/if-init-scope	artifacts/choice-trace-before/wire/if__if-init-scope.json	ifInitScope	-	default;default;default;default;default;default
if/init-before-condition	artifacts/choice-trace-before/wire/if__init-before-condition.json	ifInitBeforeCondition	-	default;default;default;default;default;default
imported-goose/channel/actris-example	artifacts/choice-trace-before/wire/imported-goose__channel__actris-example.json	goleanDSPExample	-	default;9,8,7,6,5,4,3,2;1,3,5,7,9;5,5,5,5,5;47062,17241,28876,43750,15194,49395,23194,43254;45548,4010,42376,18520,53319,16971
imported-goose/channel/google-search	artifacts/choice-trace-before/wire/imported-goose__channel__google-search.json	goleanGoogle	-	default;9,8,7,6,5,4,3,2,1,0;1,3,5,7,9,2,4,6,8,0;5,5,5,5,5,5,5,5;47062,17241,28876,43750,15194,49395,23194,43254,9513,31674,16891,46322,48508,4896,44218,28684,13594,1567,27860;45548,4010,42376,18520,53319,16971,27516,38438,7281,33498,29351,49938,42482,40450,61504,34554,5354,61997
imported-goose/channel/muxer/async	artifacts/choice-trace-before/wire/imported-goose__channel__muxer__async.json	goleanAsync	-	default;9,8,7,6;1,3,5,7;5,5,5,5;47062,17241,28876,43750;45548,4010,42376
imported-goose/channel/muxer/client	artifacts/choice-trace-before/wire/imported-goose__channel__muxer__client.json	goleanClient	-	default;9,8,7,6,5,4,3,2;1,3,5,7,9,2,4,6;5,5,5,5,5,5,5,5;47062,17241,28876,43750,15194,49395,23194,43254;45548,4010,42376,18520,53319,16971,27516,38438,7281
imported-goose/channel/muxer-unverified/drained	artifacts/choice-trace-before/wire/imported-goose__channel__muxer-unverified__drained.json	goleanCancellableMuxerDrained	-	default;default;default;default;default;default
imported-goose/channel/muxer-unverified/done	artifacts/choice-trace-before/wire/imported-goose__channel__muxer-unverified__done.json	goleanCancellableMuxerDone	-	default;default;default;default;default;default
imported-goose/channel/parallel-search-replace/search-replace	artifacts/choice-trace-before/wire/imported-goose__channel__parallel-search-replace__search-replace.json	goleanSearchReplace	-	default;9,8,7,6,5,4,3,2,1,0;1,3,5,7,9,2,4,6,8,0;5,5,5,5,5,5,5,5;47062,17241,28876,43750,15194,49395,23194,43254,9513,31674,16891,46322,48508,4896,44218,28684,13594,1567,27860,25141,14699,15757,19422,56162,37437,22448,3876,40608,9553,6048,26527,42258,56348,53445,23694,5722,49866,13674,24796,10013,1279,15844,51850,41400,7629,50454,56052,44805;45548,4010,42376,18520,53319,16971,27516,38438,7281,33498,29351,49938,42482,40450,61504,34554,5354,61997,38926,27463,6056,51174,39660,27994,12013,59686,47063,35114,16911,57411,51798,45524,30045,51110,24315,19449,19841,19132,42120,50900,26687,25260,10531,39583,52700
imported-goose/channel/select-tricky-examples/nb-not-ready	artifacts/choice-trace-before/wire/imported-goose__channel__select-tricky-examples__nb-not-ready.json	goleanSelectNbNotReady	-	default;9,8,7;1,3;5,5;47062,17241,28876,43750;45548,4010,42376
imported-goose/channel/select-tricky-examples/nb-guaranteed-ready	artifacts/choice-trace-before/wire/imported-goose__channel__select-tricky-examples__nb-guaranteed-ready.json	goleanSelectNbGuaranteedReady	-	default;default;default;default;default;default
imported-goose/channel/select-tricky-examples/nb-full-buffer-not-ready	artifacts/choice-trace-before/wire/imported-goose__channel__select-tricky-examples__nb-full-buffer-not-ready.json	goleanSelectNbFullBufferNotReady	-	default;default;default;default;default;default
imported-goose/generics/constraints	artifacts/choice-trace-before/wire/imported-goose__generics__constraints.json	goleanConstraints	-	default;9,8;1,3;5,5;47062,17241;45548,4010
imported-goose/generics/generic-conversion	artifacts/choice-trace-before/wire/imported-goose__generics__generic-conversion.json	goleanGenericConversions	-	default;default;default;default;default;default
imported-goose/generics/helpers	artifacts/choice-trace-before/wire/imported-goose__generics__helpers.json	goleanAnyPointer	-	default;default;default;default;default;default
imported-goose/semantics/allocator/allocate-distinct	artifacts/choice-trace-before/wire/imported-goose__semantics__allocator__allocate-distinct.json	goleanTestAllocateDistinct	-	default;9,8,7,5,4;1,3,5,9,2;5,5,5,5,5;47062,17241,28876,15194,49395;45548,4010,42376,53319,16971
imported-goose/semantics/allocator/allocate-full	artifacts/choice-trace-before/wire/imported-goose__semantics__allocator__allocate-full.json	goleanTestAllocateFull	-	default;9;1;5;47062;45548
imported-goose/semantics/block/explicit-block-stmt	artifacts/choice-trace-before/wire/imported-goose__semantics__block__explicit-block-stmt.json	goleanTestExplicitBlockStmt	-	default;default;default;default;default;default
imported-goose/semantics/builtin/min-uint64	artifacts/choice-trace-before/wire/imported-goose__semantics__builtin__min-uint64.json	goleanTestMinUint64	-	default;default;default;default;default;default
imported-goose/semantics/builtin/max-uint64	artifacts/choice-trace-before/wire/imported-goose__semantics__builtin__max-uint64.json	goleanTestMaxUint64	-	default;default;default;default;default;default
imported-goose/semantics/closures/closure-basic	artifacts/choice-trace-before/wire/imported-goose__semantics__closures__closure-basic.json	goleanTestClosureBasic	-	default;default;default;default;default;default
imported-goose/semantics/comparisons/compare-all	artifacts/choice-trace-before/wire/imported-goose__semantics__comparisons__compare-all.json	goleanTestCompareAll	-	default;default;default;default;default;default
imported-goose/semantics/comparisons/compare-g-t	artifacts/choice-trace-before/wire/imported-goose__semantics__comparisons__compare-g-t.json	goleanTestCompareGT	-	default;default;default;default;default;default
imported-goose/semantics/comparisons/compare-g-e	artifacts/choice-trace-before/wire/imported-goose__semantics__comparisons__compare-g-e.json	goleanTestCompareGE	-	default;default;default;default;default;default
imported-goose/semantics/comparisons/compare-l-t	artifacts/choice-trace-before/wire/imported-goose__semantics__comparisons__compare-l-t.json	goleanTestCompareLT	-	default;default;default;default;default;default
imported-goose/semantics/comparisons/compare-l-e	artifacts/choice-trace-before/wire/imported-goose__semantics__comparisons__compare-l-e.json	goleanTestCompareLE	-	default;default;default;default;default;default
imported-goose/semantics/conversions/byte-slice-to-string	artifacts/choice-trace-before/wire/imported-goose__semantics__conversions__byte-slice-to-string.json	goleanTestByteSliceToString	-	default;default;default;default;default;default
imported-goose/semantics/copy/copy-simple	artifacts/choice-trace-before/wire/imported-goose__semantics__copy__copy-simple.json	goleanTestCopySimple	-	default;default;default;default;default;default
imported-goose/semantics/copy/copy-shorter-dst	artifacts/choice-trace-before/wire/imported-goose__semantics__copy__copy-shorter-dst.json	goleanTestCopyShorterDst	-	default;default;default;default;default;default
imported-goose/semantics/copy/copy-shorter-src	artifacts/choice-trace-before/wire/imported-goose__semantics__copy__copy-shorter-src.json	goleanTestCopyShorterSrc	-	default;default;default;default;default;default
imported-goose/semantics/defer/defer	artifacts/choice-trace-before/wire/imported-goose__semantics__defer__defer.json	goleanTestDefer	-	default;default;default;default;default;default
imported-goose/semantics/defer/defer-func-lit	artifacts/choice-trace-before/wire/imported-goose__semantics__defer__defer-func-lit.json	goleanTestDeferFuncLit	-	default;default;default;default;default;default
imported-goose/semantics/first-class-function/first-class-function	artifacts/choice-trace-before/wire/imported-goose__semantics__first-class-function__first-class-function.json	goleanTestFirstClassFunction	-	default;default;default;default;default;default
imported-goose/semantics/function-ordering/failing-function-ordering	artifacts/choice-trace-before/wire/imported-goose__semantics__function-ordering__failing-function-ordering.json	goleanFailing_testFunctionOrdering	-	default;default;default;default;default;default
imported-goose/semantics/function-ordering/failing-argument-order	artifacts/choice-trace-before/wire/imported-goose__semantics__function-ordering__failing-argument-order.json	goleanFailing_testArgumentOrder	-	default;default;default;default;default;default
imported-goose/semantics/int-conversions/u64-to-u32	artifacts/choice-trace-before/wire/imported-goose__semantics__int-conversions__u64-to-u32.json	goleanTestU64ToU32	-	default;default;default;default;default;default
imported-goose/semantics/int-conversions/u32-to-u64	artifacts/choice-trace-before/wire/imported-goose__semantics__int-conversions__u32-to-u64.json	goleanTestU32ToU64	-	default;default;default;default;default;default
imported-goose/semantics/int-conversions/u32-len	artifacts/choice-trace-before/wire/imported-goose__semantics__int-conversions__u32-len.json	goleanTestU32Len	-	default;default;default;default;default;default
imported-goose/semantics/int-conversions/u32-newtype-len	artifacts/choice-trace-before/wire/imported-goose__semantics__int-conversions__u32-newtype-len.json	goleanTestU32NewtypeLen	-	default;default;default;default;default;default
imported-goose/semantics/int-conversions/uint32-untyped	artifacts/choice-trace-before/wire/imported-goose__semantics__int-conversions__uint32-untyped.json	goleanTestUint32Untyped	-	default;default;default;default;default;default
imported-goose/semantics/interfaces/basic-interface	artifacts/choice-trace-before/wire/imported-goose__semantics__interfaces__basic-interface.json	goleanTestBasicInterface	-	default;default;default;default;default;default
imported-goose/semantics/interfaces/assign-interface	artifacts/choice-trace-before/wire/imported-goose__semantics__interfaces__assign-interface.json	goleanTestAssignInterface	-	default;default;default;default;default;default
imported-goose/semantics/interfaces/multiple-interface	artifacts/choice-trace-before/wire/imported-goose__semantics__interfaces__multiple-interface.json	goleanTestMultipleInterface	-	default;default;default;default;default;default
imported-goose/semantics/interfaces/binary-expr-interface	artifacts/choice-trace-before/wire/imported-goose__semantics__interfaces__binary-expr-interface.json	goleanTestBinaryExprInterface	-	default;default;default;default;default;default
imported-goose/semantics/interfaces/if-stmt-interface	artifacts/choice-trace-before/wire/imported-goose__semantics__interfaces__if-stmt-interface.json	goleanTestIfStmtInterface	-	default;default;default;default;default;default
imported-goose/semantics/interfaces-complex/params-interface	artifacts/choice-trace-before/wire/imported-goose__semantics__interfaces-complex__params-interface.json	goleanTestParamsInterface	-	default;default;default;default;default;default
imported-goose/semantics/interfaces-complex/empty-interface	artifacts/choice-trace-before/wire/imported-goose__semantics__interfaces-complex__empty-interface.json	goleanTestEmptyInterface	-	default;default;default;default;default;default
imported-goose/semantics/interfaces-complex/string-interface	artifacts/choice-trace-before/wire/imported-goose__semantics__interfaces-complex__string-interface.json	goleanTestStringInterface	-	default;default;default;default;default;default
imported-goose/semantics/interfaces-complex/type-assertion-interface	artifacts/choice-trace-before/wire/imported-goose__semantics__interfaces-complex__type-assertion-interface.json	goleanTestTypeAssertionInterface	-	default;default;default;default;default;default
imported-goose/semantics/interfaces-complex/double-pointer-interface	artifacts/choice-trace-before/wire/imported-goose__semantics__interfaces-complex__double-pointer-interface.json	goleanTestDoublePointerInterface	-	default;default;default;default;default;default
imported-goose/semantics/interfaces-complex/multiple-fields-interface	artifacts/choice-trace-before/wire/imported-goose__semantics__interfaces-complex__multiple-fields-interface.json	goleanTestMultipleFieldsInterface	-	default;default;default;default;default;default
imported-goose/semantics/interfaces-complex/shared-functions-interface	artifacts/choice-trace-before/wire/imported-goose__semantics__interfaces-complex__shared-functions-interface.json	goleanTestSharedFunctionsInterface	-	default;default;default;default;default;default
imported-goose/semantics/interfaces-complex/accept-address-interface	artifacts/choice-trace-before/wire/imported-goose__semantics__interfaces-complex__accept-address-interface.json	goleanTestAcceptAddressInterface	-	default;default;default;default;default;default
imported-goose/semantics/interfaces-complex/polymorphism-interface	artifacts/choice-trace-before/wire/imported-goose__semantics__interfaces-complex__polymorphism-interface.json	goleanTestPolymorphismInterface	-	default;default;default;default;default;default
imported-goose/semantics/interfaces-complex/embedding-interface	artifacts/choice-trace-before/wire/imported-goose__semantics__interfaces-complex__embedding-interface.json	goleanTestEmbeddingInterface	-	default;default;default;default;default;default
imported-goose/semantics/interfaces-complex/downcast-interface	artifacts/choice-trace-before/wire/imported-goose__semantics__interfaces-complex__downcast-interface.json	goleanTestDowncastInterface	-	default;default;default;default;default;default
imported-goose/semantics/lock/s-use-locks	artifacts/choice-trace-before/wire/imported-goose__semantics__lock__s-use-locks.json	goleanTestsUseLocks	-	default;default;default;default;default;default
imported-goose/semantics/loops/standard-for-loop	artifacts/choice-trace-before/wire/imported-goose__semantics__loops__standard-for-loop.json	goleanTestStandardForLoop	-	default;default;default;default;default;default
imported-goose/semantics/loops/for-loop-wait	artifacts/choice-trace-before/wire/imported-goose__semantics__loops__for-loop-wait.json	goleanTestForLoopWait	-	default;default;default;default;default;default
imported-goose/semantics/loops/break-from-loop-with-continue	artifacts/choice-trace-before/wire/imported-goose__semantics__loops__break-from-loop-with-continue.json	goleanTestBreakFromLoopWithContinue	-	default;default;default;default;default;default
imported-goose/semantics/loops/break-from-loop-no-continue	artifacts/choice-trace-before/wire/imported-goose__semantics__loops__break-from-loop-no-continue.json	goleanTestBreakFromLoopNoContinue	-	default;default;default;default;default;default
imported-goose/semantics/loops/break-from-loop-no-continue-double	artifacts/choice-trace-before/wire/imported-goose__semantics__loops__break-from-loop-no-continue-double.json	goleanTestBreakFromLoopNoContinueDouble	-	default;default;default;default;default;default
imported-goose/semantics/loops/break-from-loop-for-only	artifacts/choice-trace-before/wire/imported-goose__semantics__loops__break-from-loop-for-only.json	goleanTestBreakFromLoopForOnly	-	default;default;default;default;default;default
imported-goose/semantics/loops/break-from-loop-assign-and-continue	artifacts/choice-trace-before/wire/imported-goose__semantics__loops__break-from-loop-assign-and-continue.json	goleanTestBreakFromLoopAssignAndContinue	-	default;default;default;default;default;default
imported-goose/semantics/loops/nested-loops	artifacts/choice-trace-before/wire/imported-goose__semantics__loops__nested-loops.json	goleanTestNestedLoops	-	default;default;default;default;default;default
imported-goose/semantics/loops/nested-go-style-loops	artifacts/choice-trace-before/wire/imported-goose__semantics__loops__nested-go-style-loops.json	goleanTestNestedGoStyleLoops	-	default;default;default;default;default;default
imported-goose/semantics/loops/nested-go-style-loops-no-comparison	artifacts/choice-trace-before/wire/imported-goose__semantics__loops__nested-go-style-loops-no-comparison.json	goleanTestNestedGoStyleLoopsNoComparison	-	default;default;default;default;default;default
imported-goose/semantics/maps/iterate-map	artifacts/choice-trace-before/wire/imported-goose__semantics__maps__iterate-map.json	goleanTestIterateMap	-	default;9,8,6,5;1,3,7,9;5,5,5,5;47062,17241,43750,15194;45548,4010,18520,53319
imported-goose/semantics/maps/map-size	artifacts/choice-trace-before/wire/imported-goose__semantics__maps__map-size.json	goleanTestMapSize	-	default;default;default;default;default;default
imported-goose/semantics/multiple-assign/assign-two	artifacts/choice-trace-before/wire/imported-goose__semantics__multiple-assign__assign-two.json	goleanTestAssignTwo	-	default;default;default;default;default;default
imported-goose/semantics/multiple-assign/assign-three	artifacts/choice-trace-before/wire/imported-goose__semantics__multiple-assign__assign-three.json	goleanTestAssignThree	-	default;default;default;default;default;default
imported-goose/semantics/multiple-assign/multiple-assign-to-map	artifacts/choice-trace-before/wire/imported-goose__semantics__multiple-assign__multiple-assign-to-map.json	goleanTestMultipleAssignToMap	-	default;default;default;default;default;default
imported-goose/semantics/multiple-return/return-two	artifacts/choice-trace-before/wire/imported-goose__semantics__multiple-return__return-two.json	goleanTestReturnTwo	-	default;default;default;default;default;default
imported-goose/semantics/multiple-return/anonymous-binding	artifacts/choice-trace-before/wire/imported-goose__semantics__multiple-return__anonymous-binding.json	goleanTestAnonymousBinding	-	default;default;default;default;default;default
imported-goose/semantics/multiple-return/return-three	artifacts/choice-trace-before/wire/imported-goose__semantics__multiple-return__return-three.json	goleanTestReturnThree	-	default;default;default;default;default;default
imported-goose/semantics/multiple-return/return-four	artifacts/choice-trace-before/wire/imported-goose__semantics__multiple-return__return-four.json	goleanTestReturnFour	-	default;default;default;default;default;default
imported-goose/semantics/new/nil-default	artifacts/choice-trace-before/wire/imported-goose__semantics__new__nil-default.json	goleanTestNilDefault	-	default;default;default;default;default;default
imported-goose/semantics/new/nil-val	artifacts/choice-trace-before/wire/imported-goose__semantics__new__nil-val.json	goleanTestNilVal	-	default;default;default;default;default;default
imported-goose/semantics/nil/compare-slice-to-nil	artifacts/choice-trace-before/wire/imported-goose__semantics__nil__compare-slice-to-nil.json	goleanTestCompareSliceToNil	-	default;default;default;default;default;default
imported-goose/semantics/nil/compare-pointer-to-nil	artifacts/choice-trace-before/wire/imported-goose__semantics__nil__compare-pointer-to-nil.json	goleanTestComparePointerToNil	-	default;default;default;default;default;default
imported-goose/semantics/nil/compare-nil-to-nil	artifacts/choice-trace-before/wire/imported-goose__semantics__nil__compare-nil-to-nil.json	goleanTestCompareNilToNil	-	default;default;default;default;default;default
imported-goose/semantics/nil/compare-pointer-wrapped-to-nil	artifacts/choice-trace-before/wire/imported-goose__semantics__nil__compare-pointer-wrapped-to-nil.json	goleanTestComparePointerWrappedToNil	-	default;default;default;default;default;default
imported-goose/semantics/nil/compare-pointer-wrapped-default-to-nil	artifacts/choice-trace-before/wire/imported-goose__semantics__nil__compare-pointer-wrapped-default-to-nil.json	goleanTestComparePointerWrappedDefaultToNil	-	default;default;default;default;default;default
imported-goose/semantics/nil/interface-nil-with-type	artifacts/choice-trace-before/wire/imported-goose__semantics__nil__interface-nil-with-type.json	goleanTestInterfaceNilWithType	-	default;default;default;default;default;default
imported-goose/semantics/operations/reverse-assign-ops64	artifacts/choice-trace-before/wire/imported-goose__semantics__operations__reverse-assign-ops64.json	goleanTestReverseAssignOps64	-	default;default;default;default;default;default
imported-goose/semantics/operations/failing-reverse-assign-ops32	artifacts/choice-trace-before/wire/imported-goose__semantics__operations__failing-reverse-assign-ops32.json	goleanFailing_testReverseAssignOps32	-	default;default;default;default;default;default
imported-goose/semantics/operations/add64-equals	artifacts/choice-trace-before/wire/imported-goose__semantics__operations__add64-equals.json	goleanTestAdd64Equals	-	default;default;default;default;default;default
imported-goose/semantics/operations/sub64-equals	artifacts/choice-trace-before/wire/imported-goose__semantics__operations__sub64-equals.json	goleanTestSub64Equals	-	default;default;default;default;default;default
imported-goose/semantics/operations/division-precedence	artifacts/choice-trace-before/wire/imported-goose__semantics__operations__division-precedence.json	goleanTestDivisionPrecedence	-	default;default;default;default;default;default
imported-goose/semantics/operations/mod-precedence	artifacts/choice-trace-before/wire/imported-goose__semantics__operations__mod-precedence.json	goleanTestModPrecedence	-	default;default;default;default;default;default
imported-goose/semantics/operations/bitwise-ops-precedence	artifacts/choice-trace-before/wire/imported-goose__semantics__operations__bitwise-ops-precedence.json	goleanTestBitwiseOpsPrecedence	-	default;default;default;default;default;default
imported-goose/semantics/operations/arithmetic-shifts	artifacts/choice-trace-before/wire/imported-goose__semantics__operations__arithmetic-shifts.json	goleanTestArithmeticShifts	-	default;default;default;default;default;default
imported-goose/semantics/operations/bit-add-and	artifacts/choice-trace-before/wire/imported-goose__semantics__operations__bit-add-and.json	goleanTestBitAddAnd	-	default;default;default;default;default;default
imported-goose/semantics/operations/many-parentheses	artifacts/choice-trace-before/wire/imported-goose__semantics__operations__many-parentheses.json	goleanTestManyParentheses	-	default;default;default;default;default;default
imported-goose/semantics/operations/plus-times	artifacts/choice-trace-before/wire/imported-goose__semantics__operations__plus-times.json	goleanTestPlusTimes	-	default;default;default;default;default;default
imported-goose/semantics/panic	artifacts/choice-trace-before/wire/imported-goose__semantics__panic.json	goleanShouldPanic	-	default;default;default;default;default;default
imported-goose/semantics/precedence/or-compare-simple	artifacts/choice-trace-before/wire/imported-goose__semantics__precedence__or-compare-simple.json	goleanTestOrCompareSimple	-	default;default;default;default;default;default
imported-goose/semantics/precedence/or-compare	artifacts/choice-trace-before/wire/imported-goose__semantics__precedence__or-compare.json	goleanTestOrCompare	-	default;default;default;default;default;default
imported-goose/semantics/precedence/and-compare	artifacts/choice-trace-before/wire/imported-goose__semantics__precedence__and-compare.json	goleanTestAndCompare	-	default;default;default;default;default;default
imported-goose/semantics/precedence/shift-mod	artifacts/choice-trace-before/wire/imported-goose__semantics__precedence__shift-mod.json	goleanTestShiftMod	-	default;default;default;default;default;default
imported-goose/semantics/shortcircuiting/shortcircuit-and-t-f	artifacts/choice-trace-before/wire/imported-goose__semantics__shortcircuiting__shortcircuit-and-t-f.json	goleanTestShortcircuitAndTF	-	default;default;default;default;default;default
imported-goose/semantics/shortcircuiting/shortcircuit-and-f-t	artifacts/choice-trace-before/wire/imported-goose__semantics__shortcircuiting__shortcircuit-and-f-t.json	goleanTestShortcircuitAndFT	-	default;default;default;default;default;default
imported-goose/semantics/shortcircuiting/shortcircuit-or-t-f	artifacts/choice-trace-before/wire/imported-goose__semantics__shortcircuiting__shortcircuit-or-t-f.json	goleanTestShortcircuitOrTF	-	default;default;default;default;default;default
imported-goose/semantics/shortcircuiting/shortcircuit-or-f-t	artifacts/choice-trace-before/wire/imported-goose__semantics__shortcircuiting__shortcircuit-or-f-t.json	goleanTestShortcircuitOrFT	-	default;default;default;default;default;default
imported-goose/semantics/slices/slice-ops	artifacts/choice-trace-before/wire/imported-goose__semantics__slices__slice-ops.json	goleanTestSliceOps	-	default;default;default;default;default;default
imported-goose/semantics/slices/slice-capacity-ops	artifacts/choice-trace-before/wire/imported-goose__semantics__slices__slice-capacity-ops.json	goleanTestSliceCapacityOps	-	default;default;default;default;default;default
imported-goose/semantics/slices/overwrite-array	artifacts/choice-trace-before/wire/imported-goose__semantics__slices__overwrite-array.json	goleanTestOverwriteArray	-	default;default;default;default;default;default
imported-goose/semantics/slices/slice-literal	artifacts/choice-trace-before/wire/imported-goose__semantics__slices__slice-literal.json	goleanTestSliceLiteral	-	default;default;default;default;default;default
imported-goose/semantics/slices/slice-append	artifacts/choice-trace-before/wire/imported-goose__semantics__slices__slice-append.json	goleanTestSliceAppend	-	default;9;1;5;47062;45548
imported-goose/semantics/slices/slice-ref	artifacts/choice-trace-before/wire/imported-goose__semantics__slices__slice-ref.json	goleanTestSliceRef	-	default;default;default;default;default;default
imported-goose/semantics/struct-pointers/foo-bar-mutation	artifacts/choice-trace-before/wire/imported-goose__semantics__struct-pointers__foo-bar-mutation.json	goleanTestFooBarMutation	-	default;default;default;default;default;default
imported-goose/semantics/structs/struct-updates	artifacts/choice-trace-before/wire/imported-goose__semantics__structs__struct-updates.json	goleanTestStructUpdates	-	default;default;default;default;default;default
imported-goose/semantics/structs/nested-struct-updates	artifacts/choice-trace-before/wire/imported-goose__semantics__structs__nested-struct-updates.json	goleanTestNestedStructUpdates	-	default;default;default;default;default;default
imported-goose/semantics/structs/struct-constructions	artifacts/choice-trace-before/wire/imported-goose__semantics__structs__struct-constructions.json	goleanTestStructConstructions	-	default;default;default;default;default;default
imported-goose/semantics/structs/incomplete-struct	artifacts/choice-trace-before/wire/imported-goose__semantics__structs__incomplete-struct.json	goleanTestIncompleteStruct	-	default;default;default;default;default;default
imported-goose/semantics/structs/store-in-struct-var	artifacts/choice-trace-before/wire/imported-goose__semantics__structs__store-in-struct-var.json	goleanTestStoreInStructVar	-	default;default;default;default;default;default
imported-goose/semantics/structs/store-in-struct-pointer-var	artifacts/choice-trace-before/wire/imported-goose__semantics__structs__store-in-struct-pointer-var.json	goleanTestStoreInStructPointerVar	-	default;default;default;default;default;default
imported-goose/semantics/structs/store-composite	artifacts/choice-trace-before/wire/imported-goose__semantics__structs__store-composite.json	goleanTestStoreComposite	-	default;default;default;default;default;default
imported-goose/semantics/structs/store-slice	artifacts/choice-trace-before/wire/imported-goose__semantics__structs__store-slice.json	goleanTestStoreSlice	-	default;default;default;default;default;default
imported-goose/semantics/structs/struct-field-func	artifacts/choice-trace-before/wire/imported-goose__semantics__structs__struct-field-func.json	goleanTestStructFieldFunc	-	default;default;default;default;default;default
imported-goose/semantics/switch/switch-val	artifacts/choice-trace-before/wire/imported-goose__semantics__switch__switch-val.json	goleanTestSwitchVal	-	default;default;default;default;default;default
imported-goose/semantics/switch/switch-multiple	artifacts/choice-trace-before/wire/imported-goose__semantics__switch__switch-multiple.json	goleanTestSwitchMultiple	-	default;default;default;default;default;default
imported-goose/semantics/switch/switch-default-true	artifacts/choice-trace-before/wire/imported-goose__semantics__switch__switch-default-true.json	goleanTestSwitchDefaultTrue	-	default;default;default;default;default;default
imported-goose/semantics/switch/switch-conversion	artifacts/choice-trace-before/wire/imported-goose__semantics__switch__switch-conversion.json	goleanTestSwitchConversion	-	default;default;default;default;default;default
imported-goose/semantics/type-equality/primitive-types-equal	artifacts/choice-trace-before/wire/imported-goose__semantics__type-equality__primitive-types-equal.json	goleanTestPrimitiveTypesEqual	-	default;default;default;default;default;default
imported-goose/semantics/type-equality/defined-str-types-equal	artifacts/choice-trace-before/wire/imported-goose__semantics__type-equality__defined-str-types-equal.json	goleanTestDefinedStrTypesEqual	-	default;default;default;default;default;default
imported-goose/semantics/type-equality/list-types-equal	artifacts/choice-trace-before/wire/imported-goose__semantics__type-equality__list-types-equal.json	goleanTestListTypesEqual	-	default;default;default;default;default;default
imported-goose/semantics/vars/pointer-assignment	artifacts/choice-trace-before/wire/imported-goose__semantics__vars__pointer-assignment.json	goleanTestPointerAssignment	-	default;default;default;default;default;default
imported-goose/semantics/vars/address-of-local	artifacts/choice-trace-before/wire/imported-goose__semantics__vars__address-of-local.json	goleanTestAddressOfLocal	-	default;default;default;default;default;default
imported-goose/semantics/vars/anonymous-assign	artifacts/choice-trace-before/wire/imported-goose__semantics__vars__anonymous-assign.json	goleanTestAnonymousAssign	-	default;default;default;default;default;default
imported-goose/storage/comments	artifacts/choice-trace-before/wire/imported-goose__storage__comments.json	goleanComments	-	default;default;default;default;default;default
imported-goose/storage/interfacerecursion	artifacts/choice-trace-before/wire/imported-goose__storage__interfacerecursion.json	goleanInterfaceRecursion	-	default;default;default;default;default;default
imported-goose/storage/mapliteral	artifacts/choice-trace-before/wire/imported-goose__storage__mapliteral.json	goleanMapLiteral	-	default;default;default;default;default;default
imported-goose/storage/mutualrec	artifacts/choice-trace-before/wire/imported-goose__storage__mutualrec.json	goleanMutualRec	-	default;default;default;default;default;default
imported-goose/unittest/array	artifacts/choice-trace-before/wire/imported-goose__unittest__array.json	goleanArray	-	default;default;default;default;default;default
imported-goose/unittest/comments	artifacts/choice-trace-before/wire/imported-goose__unittest__comments.json	goleanComments	-	default;default;default;default;default;default
imported-goose/unittest/const	artifacts/choice-trace-before/wire/imported-goose__unittest__const.json	goleanConst	-	default;default;default;default;default;default
imported-goose/unittest/control-flow	artifacts/choice-trace-before/wire/imported-goose__unittest__control-flow.json	goleanControlFlow	-	default;default;default;default;default;default
imported-goose/unittest/conversions/u32-newtype-len	artifacts/choice-trace-before/wire/imported-goose__unittest__conversions__u32-newtype-len.json	goleanTestU32NewtypeLen	-	default;default;default;default;default;default
imported-goose/unittest/conversions/conversion-literal	artifacts/choice-trace-before/wire/imported-goose__unittest__conversions__conversion-literal.json	goleanTestConversionLiteral	-	default;default;default;default;default;default
imported-goose/unittest/conversions/wrapper	artifacts/choice-trace-before/wire/imported-goose__unittest__conversions__wrapper.json	goleanConversions	-	default;default;default;default;default;default
imported-goose/unittest/copy/copy-simple	artifacts/choice-trace-before/wire/imported-goose__unittest__copy__copy-simple.json	goleanTestCopySimple	-	default;default;default;default;default;default
imported-goose/unittest/copy/copy-different-lengths	artifacts/choice-trace-before/wire/imported-goose__unittest__copy__copy-different-lengths.json	goleanTestCopyDifferentLengths	-	default;default;default;default;default;default
imported-goose/unittest/embedded/live	artifacts/choice-trace-before/wire/imported-goose__unittest__embedded__live.json	goleanEmbedded	-	default;default;default;default;default;default
imported-goose/unittest/embedded/field-nil-promote	artifacts/choice-trace-before/wire/imported-goose__unittest__embedded__field-nil-promote.json	goleanEmbeddedField	-	default;default;default;default;default;default
imported-goose/unittest/embedded/nil-promote	artifacts/choice-trace-before/wire/imported-goose__unittest__embedded__nil-promote.json	goleanEmbeddedValField	-	default;default;default;default;default;default
imported-goose/unittest/empty-functions	artifacts/choice-trace-before/wire/imported-goose__unittest__empty-functions.json	goleanEmptyFunctions	-	default;default;default;default;default;default
imported-goose/unittest/enum	artifacts/choice-trace-before/wire/imported-goose__unittest__enum.json	goleanEnum	-	default;default;default;default;default;default
imported-goose/unittest/float	artifacts/choice-trace-before/wire/imported-goose__unittest__float.json	goleanFloat	-	default;default;default;default;default;default
imported-goose/unittest/globals	artifacts/choice-trace-before/wire/imported-goose__unittest__globals.json	goleanGlobals	-	default;default;default;default;default;default
imported-goose/unittest/higher-order	artifacts/choice-trace-before/wire/imported-goose__unittest__higher-order.json	goleanHigherOrder	-	default;default;default;default;default;default
imported-goose/unittest/interfaces	artifacts/choice-trace-before/wire/imported-goose__unittest__interfaces.json	goleanInterfaces	-	default;default;default;default;default;default
imported-goose/unittest/ints	artifacts/choice-trace-before/wire/imported-goose__unittest__ints.json	goleanInts	-	default;default;default;default;default;default
imported-goose/unittest/literals	artifacts/choice-trace-before/wire/imported-goose__unittest__literals.json	goleanLiterals	-	default;default;default;default;default;default
imported-goose/unittest/loops	artifacts/choice-trace-before/wire/imported-goose__unittest__loops.json	goleanLoops	-	default;default;default;default;default;default
imported-goose/unittest/multiple	artifacts/choice-trace-before/wire/imported-goose__unittest__multiple.json	goleanMultiple	-	default;default;default;default;default;default
imported-goose/unittest/nil	artifacts/choice-trace-before/wire/imported-goose__unittest__nil.json	goleanNil	-	default;default;default;default;default;default
imported-goose/unittest/operators	artifacts/choice-trace-before/wire/imported-goose__unittest__operators.json	goleanOperators	-	default;default;default;default;default;default
imported-goose/unittest/panic	artifacts/choice-trace-before/wire/imported-goose__unittest__panic.json	goleanPanicAtTheDisco	-	default;default;default;default;default;default
imported-goose/unittest/reassign	artifacts/choice-trace-before/wire/imported-goose__unittest__reassign.json	goleanReassignVars	-	default;default;default;default;default;default
imported-goose/unittest/recursive	artifacts/choice-trace-before/wire/imported-goose__unittest__recursive.json	goleanRecursive	-	default;default;default;default;default;default
imported-goose/unittest/repeat-vars	artifacts/choice-trace-before/wire/imported-goose__unittest__repeat-vars.json	goleanRepeatVars	-	default;9,8;1,3;5,5;47062,17241;45548,4010
imported-goose/unittest/replicated-disk	artifacts/choice-trace-before/wire/imported-goose__unittest__replicated-disk.json	goleanReplicatedDisk	-	default;default;default;default;default;default
imported-goose/unittest/returns	artifacts/choice-trace-before/wire/imported-goose__unittest__returns.json	goleanReturns	-	default;default;default;default;default;default
imported-goose/unittest/rune	artifacts/choice-trace-before/wire/imported-goose__unittest__rune.json	goleanRuneOps	-	default;default;default;default;default;default
imported-goose/unittest/slices	artifacts/choice-trace-before/wire/imported-goose__unittest__slices.json	goleanSlices	-	default;default;default;default;default;default
imported-goose/unittest/spawn/simple-spawn	artifacts/choice-trace-before/wire/imported-goose__unittest__spawn__simple-spawn.json	goleanSimpleSpawn	-	default;9,8,7,6,5,4;1,3,5,7,9,2;5,5,5,5,5,5,5;47062,17241,28876,43750,15194,49395,23194,43254,9513,31674;45548,4010,42376,18520,53319,16971,27516,38438,7281,33498
imported-goose/unittest/strings	artifacts/choice-trace-before/wire/imported-goose__unittest__strings.json	goleanStrings	-	default;default;default;default;default;default
imported-goose/unittest/struct-method	artifacts/choice-trace-before/wire/imported-goose__unittest__struct-method.json	goleanStructMethod	-	default;default;default;default;default;default
imported-goose/unittest/struct-pointers	artifacts/choice-trace-before/wire/imported-goose__unittest__struct-pointers.json	goleanStructPointers	-	default;default;default;default;default;default
imported-goose/unittest/switch	artifacts/choice-trace-before/wire/imported-goose__unittest__switch.json	goleanSwitch	-	default;default;default;default;default;default
imported-goose/unittest/synchronization/make-lock	artifacts/choice-trace-before/wire/imported-goose__unittest__synchronization__make-lock.json	goleanMakeLock	-	default;default;default;default;default;default
imported-goose/unittest/topsort	artifacts/choice-trace-before/wire/imported-goose__unittest__topsort.json	goleanTopsort	-	default;default;default;default;default;default
imported-goose/unittest/trailing-call	artifacts/choice-trace-before/wire/imported-goose__unittest__trailing-call.json	goleanTrailingCall	-	default;default;default;default;default;default
imported-goose/unittest/type-alias	artifacts/choice-trace-before/wire/imported-goose__unittest__type-alias.json	goleanTypeAlias	-	default;default;default;default;default;default
imported-goose/unittest/type-switch	artifacts/choice-trace-before/wire/imported-goose__unittest__type-switch.json	goleanTypeSwitch	-	default;default;default;default;default;default
imported-goose/unittest/varargs	artifacts/choice-trace-before/wire/imported-goose__unittest__varargs.json	goleanVarargs	-	default;default;default;default;default;default
imported-goose/unittest/vars	artifacts/choice-trace-before/wire/imported-goose__unittest__vars.json	goleanVars	-	default;default;default;default;default;default
init/bare-call-in-init	artifacts/choice-trace-before/wire/init__bare-call-in-init.json	bareCallInInit	-	default;default;default;default;default;default
init/blank-var-init	artifacts/choice-trace-before/wire/init__blank-var-init.json	blankVarInit	-	default;default;default;default;default;default
init/global-addr-taken	artifacts/choice-trace-before/wire/init__global-addr-taken.json	globalAddrTaken	-	default;default;default;default;default;default
init/global-composite	artifacts/choice-trace-before/wire/init__global-composite.json	globalComposite	-	default;default;default;default;default;default
init/global-in-closure	artifacts/choice-trace-before/wire/init__global-in-closure.json	globalInClosure	-	default;default;default;default;default;default
init/global-shared-mutation	artifacts/choice-trace-before/wire/init__global-shared-mutation.json	sharedGlobalMutation	-	default;default;default;default;default;default
init/global-zero-before-init	artifacts/choice-trace-before/wire/init__global-zero-before-init.json	globalZeroBeforeInit	-	default;default;default;default;default;default
init/hidden-dep-order	artifacts/choice-trace-before/wire/init__hidden-dep-order.json	hiddenDepOrder	-	default;default;default;default;default;default
init/init-defer-recover	artifacts/choice-trace-before/wire/init__init-defer-recover.json	initDeferRecover	-	default;default;default;default;default;default
init/init-panic	artifacts/choice-trace-before/wire/init__init-panic.json	initPanic	-	default;default;default;default;default;default
init/init-sees-var-values	artifacts/choice-trace-before/wire/init__init-sees-var-values.json	initSeesVarValues	-	default;default;default;default;default;default
init/library-var-type-poisoned/sibling	artifacts/choice-trace-before/wire/init__library-var-type-poisoned__sibling.json	sibling	-	default;default;default;default;default;default
init/library-var-type-poisoned/write-int	artifacts/choice-trace-before/wire/init__library-var-type-poisoned__write-int.json	writeInt	-	default;default;default;default;default;default
init/library-var-type-poisoned/write-struct	artifacts/choice-trace-before/wire/init__library-var-type-poisoned__write-struct.json	writeStruct	-	default;default;default;default;default;default
init/library-var-type-poisoned/size-int	artifacts/choice-trace-before/wire/init__library-var-type-poisoned__size-int.json	sizeInt	-	default;default;default;default;default;default
init/library-var-type-unlowerable	artifacts/choice-trace-before/wire/init__library-var-type-unlowerable.json	unrelatedToTheLibraryVar	-	default;default;default;default;default;default
init/multi-file-order	artifacts/choice-trace-before/wire/init__multi-file-order.json	multiFileOrder	-	default;default;default;default;default;default
init/multiple-init-order	artifacts/choice-trace-before/wire/init__multiple-init-order.json	multipleInitOrder	-	default;default;default;default;default;default
init/multi-value-var-init	artifacts/choice-trace-before/wire/init__multi-value-var-init.json	multiValueVarInit	-	default;default;default;default;default;default
init/package-init-order	artifacts/choice-trace-before/wire/init__package-init-order.json	packageInitOrder	-	default;default;default;default;default;default
init/quarantined-init-dep	artifacts/choice-trace-before/wire/init__quarantined-init-dep.json	quarantinedInitDep	-	default;default;default;default;default;default
init/quarantined-init-iface	artifacts/choice-trace-before/wire/init__quarantined-init-iface.json	quarantinedInitIface	-	default;default;default;default;default;default
init/quarantined-var/siblings	artifacts/choice-trace-before/wire/init__quarantined-var__siblings.json	quarVarSiblings	-	default;default;default;default;default;default
init/quarantined-var/read	artifacts/choice-trace-before/wire/init__quarantined-var__read.json	quarVarRead	-	default;default;default;default;default;default
init/quarantined-var/cascade	artifacts/choice-trace-before/wire/init__quarantined-var__cascade.json	quarVarCascade	-	default;default;default;default;default;default
init/quarantined-var/write	artifacts/choice-trace-before/wire/init__quarantined-var__write.json	quarVarWrite	-	default;default;default;default;default;default
init/quarantined-var/addr	artifacts/choice-trace-before/wire/init__quarantined-var__addr.json	quarVarAddr	-	default;default;default;default;default;default
init/quarantined-var/multi	artifacts/choice-trace-before/wire/init__quarantined-var__multi.json	quarVarMulti	-	default;default;default;default;default;default
init/spec-dependency-example	artifacts/choice-trace-before/wire/init__spec-dependency-example.json	specDependencyExample	-	default;default;default;default;default;default
init/stdlib-initializer-call	artifacts/choice-trace-before/wire/init__stdlib-initializer-call.json	unrelatedToTheInitializer	-	default;default;default;default;default;default
init/stdlib-initializer-poison/sibling	artifacts/choice-trace-before/wire/init__stdlib-initializer-poison__sibling.json	sibling	-	default;9;1;5;47062;45548
init/stdlib-initializer-poison/order-kept	artifacts/choice-trace-before/wire/init__stdlib-initializer-poison__order-kept.json	orderKept	-	default;9;1;5;47062;45548
init/stdlib-initializer-poison/read	artifacts/choice-trace-before/wire/init__stdlib-initializer-poison__read.json	readPoisoned	-	default;9;1;5;47062;45548
init/stdlib-initializer-poison/cascade	artifacts/choice-trace-before/wire/init__stdlib-initializer-poison__cascade.json	readCascade	-	default;9;1;5;47062;45548
init/stdlib-initializer-source-through	artifacts/choice-trace-before/wire/init__stdlib-initializer-source-through.json	readBanner	-	default;9;1;5;47062;45548
init/user-var-type-unlowerable/unused	artifacts/choice-trace-before/wire/init__user-var-type-unlowerable__unused.json	unused	-	default;9;1;5;47062;45548
init/user-var-type-unlowerable/order-kept	artifacts/choice-trace-before/wire/init__user-var-type-unlowerable__order-kept.json	orderKept	-	default;9;1;5;47062;45548
init/user-var-type-unlowerable/used	artifacts/choice-trace-before/wire/init__user-var-type-unlowerable__used.json	used	-	default;9;1;5;47062;45548
init/user-var-type-unlowerable/addr-of	artifacts/choice-trace-before/wire/init__user-var-type-unlowerable__addr-of.json	addrOf	-	default;9;1;5;47062;45548
init/var-init-sequence	artifacts/choice-trace-before/wire/init__var-init-sequence.json	varInitSequence	-	default;default;default;default;default;default
interfaces/acked-indexer/hit	artifacts/choice-trace-before/wire/interfaces__acked-indexer__hit.json	ackedIndexerHit	-	default;default;default;default;default;default
interfaces/acked-indexer/miss	artifacts/choice-trace-before/wire/interfaces__acked-indexer__miss.json	ackedIndexerMiss	-	default;default;default;default;default;default
interfaces/anonymous-alias-dispatch	artifacts/choice-trace-before/wire/interfaces__anonymous-alias-dispatch.json	anonymousAliasDispatch	-	default;default;default;default;default;default
interfaces/assert-error-satisfaction/no-call	artifacts/choice-trace-before/wire/interfaces__assert-error-satisfaction__no-call.json	assertErrorNoCall	-	default;default;default;default;default;default
interfaces/assert-error-satisfaction/declared-not-called	artifacts/choice-trace-before/wire/interfaces__assert-error-satisfaction__declared-not-called.json	assertErrorDeclaredNotCalled	-	default;default;default;default;default;default
interfaces/assert-error-satisfaction/positive	artifacts/choice-trace-before/wire/interfaces__assert-error-satisfaction__positive.json	assertErrorPositive	-	default;default;default;default;default;default
interfaces/assert-error-satisfaction/classify	artifacts/choice-trace-before/wire/interfaces__assert-error-satisfaction__classify.json	assertErrorClassify	-	default;default;default;default;default;default
interfaces/assert-func-variadic/mismatch-variadic-at-slice	artifacts/choice-trace-before/wire/interfaces__assert-func-variadic__mismatch-variadic-at-slice.json	mismatchVariadicAtSlice	-	default;default;default;default;default;default
interfaces/assert-func-variadic/mismatch-slice-at-variadic	artifacts/choice-trace-before/wire/interfaces__assert-func-variadic__mismatch-slice-at-variadic.json	mismatchSliceAtVariadic	-	default;default;default;default;default;default
interfaces/assert-func-variadic/match-right-types	artifacts/choice-trace-before/wire/interfaces__assert-func-variadic__match-right-types.json	matchRightTypes	-	default;default;default;default;default;default
interfaces/assert-func-variadic/assert-variadic-at-slice-panic	artifacts/choice-trace-before/wire/interfaces__assert-func-variadic__assert-variadic-at-slice-panic.json	assertVariadicAtSlicePanic	-	default;default;default;default;default;default
interfaces/assert-imported-interface/negative	artifacts/choice-trace-before/wire/interfaces__assert-imported-interface__negative.json	assertStringerNegative	-	default;default;default;default;default;default
interfaces/assert-imported-interface/positive	artifacts/choice-trace-before/wire/interfaces__assert-imported-interface__positive.json	assertStringerPositive	-	default;default;default;default;default;default
interfaces/assert-imported-method-set/comma-ok	artifacts/choice-trace-before/wire/interfaces__assert-imported-method-set__comma-ok.json	assertImportedMethodSetCommaOk	-	default;default;default;default;default;default
interfaces/assert-imported-method-set/panic-form	artifacts/choice-trace-before/wire/interfaces__assert-imported-method-set__panic-form.json	assertImportedMethodSetPanicForm	-	default;default;default;default;default;default
interfaces/call-assign-boxing/assign-any	artifacts/choice-trace-before/wire/interfaces__call-assign-boxing__assign-any.json	callAssignAny	-	default;default;default;default;default;default
interfaces/call-assign-boxing/assign-error	artifacts/choice-trace-before/wire/interfaces__call-assign-boxing__assign-error.json	callAssignError	-	default;default;default;default;default;default
interfaces/call-assign-boxing/named-result	artifacts/choice-trace-before/wire/interfaces__call-assign-boxing__named-result.json	callAssignNamedResult	-	default;default;default;default;default;default
interfaces/call-assign-boxing-controls/var-init	artifacts/choice-trace-before/wire/interfaces__call-assign-boxing-controls__var-init.json	callAssignVarInitControl	-	default;default;default;default;default;default
interfaces/call-assign-boxing-controls/concrete	artifacts/choice-trace-before/wire/interfaces__call-assign-boxing-controls__concrete.json	callAssignConcreteControl	-	default;default;default;default;default;default
interfaces/call-assign-boxing-controls/per-pair	artifacts/choice-trace-before/wire/interfaces__call-assign-boxing-controls__per-pair.json	callAssignPerPairControl	-	default;default;default;default;default;default
interfaces/deep-incomparable-dynamic-eq	artifacts/choice-trace-before/wire/interfaces__deep-incomparable-dynamic-eq.json	deepIncomparableDynamicEq	-	default;default;default;default;default;default
interfaces/embedded-interface-assertion	artifacts/choice-trace-before/wire/interfaces__embedded-interface-assertion.json	embeddedInterfaceAssertion	-	default;default;default;default;default;default
interfaces/embedded-interface	artifacts/choice-trace-before/wire/interfaces__embedded-interface.json	embeddedInterface	-	default;default;default;default;default;default
interfaces/embedded-interface-duplicate-method	artifacts/choice-trace-before/wire/interfaces__embedded-interface-duplicate-method.json	embeddedInterfaceDuplicateMethod	-	default;default;default;default;default;default
interfaces/embedded-interface-shadowing/interface-field-dispatch	artifacts/choice-trace-before/wire/interfaces__embedded-interface-shadowing__interface-field-dispatch.json	embeddedInterfaceFieldDispatch	-	default;default;default;default;default;default
interfaces/embedded-interface-shadowing/interface-field-nil-panic	artifacts/choice-trace-before/wire/interfaces__embedded-interface-shadowing__interface-field-nil-panic.json	embeddedInterfaceFieldNilPanic	-	default;default;default;default;default;default
interfaces/embedded-interface-shadowing/interface-field-shadowed	artifacts/choice-trace-before/wire/interfaces__embedded-interface-shadowing__interface-field-shadowed.json	embeddedInterfaceFieldShadowed	-	default;default;default;default;default;default
interfaces/embedded-interface-shadowing/pointer-method-promoted	artifacts/choice-trace-before/wire/interfaces__embedded-interface-shadowing__pointer-method-promoted.json	embeddedPointerMethodPromotedToInterface	-	default;default;default;default;default;default
interfaces/embedded-interface-shadowing/nil-pointer-method-promoted	artifacts/choice-trace-before/wire/interfaces__embedded-interface-shadowing__nil-pointer-method-promoted.json	embeddedNilPointerMethodPromoted	-	default;default;default;default;default;default
interfaces/embedded-interface-shadowing/explicit-duplicate	artifacts/choice-trace-before/wire/interfaces__embedded-interface-shadowing__explicit-duplicate.json	embeddedInterfaceExplicitDuplicate	-	default;default;default;default;default;default
interfaces/error-idioms/nil-error	artifacts/choice-trace-before/wire/interfaces__error-idioms__nil-error.json	nilErrorReturnIsNil	-	default;default;default;default;default;default
interfaces/error-idioms/value-equality	artifacts/choice-trace-before/wire/interfaces__error-idioms__value-equality.json	errorValueEquality	-	default;default;default;default;default;default
interfaces/error-idioms/pointer-identity	artifacts/choice-trace-before/wire/interfaces__error-idioms__pointer-identity.json	errorPointerIdentity	-	default;default;default;default;default;default
interfaces/error-idioms/uncomparable-panic	artifacts/choice-trace-before/wire/interfaces__error-idioms__uncomparable-panic.json	errorUncomparableComparePanic	-	default;default;default;default;default;default
interfaces/error-idioms/extra-interface-assertion	artifacts/choice-trace-before/wire/interfaces__error-idioms__extra-interface-assertion.json	errorExtraInterfaceAssertion	-	default;default;default;default;default;default
interfaces/error-idioms/promoted-method	artifacts/choice-trace-before/wire/interfaces__error-idioms__promoted-method.json	errorPromotedMethod	-	default;default;default;default;default;default
interfaces/error-idioms/nil-pointer-method	artifacts/choice-trace-before/wire/interfaces__error-idioms__nil-pointer-method.json	nilPointerErrorMethodCall	-	default;default;default;default;default;default
interfaces/error-idioms/any-round-trip	artifacts/choice-trace-before/wire/interfaces__error-idioms__any-round-trip.json	errorInAnyRoundTrip	-	default;default;default;default;default;default
interfaces/error-interface	artifacts/choice-trace-before/wire/interfaces__error-interface.json	errorInterface	-	default;default;default;default;default;default
interfaces/imported-package-name-collision	artifacts/choice-trace-before/wire/interfaces__imported-package-name-collision.json	importedPackageNameCollision	-	default;default;default;default;default;default
interfaces/interface-array-compare-panic	artifacts/choice-trace-before/wire/interfaces__interface-array-compare-panic.json	interfaceArrayComparePanic	-	default;default;default;default;default;default
interfaces/interface-compare	artifacts/choice-trace-before/wire/interfaces__interface-compare.json	interfaceCompare	-	default;default;default;default;default;default
interfaces/interface-compare-panic	artifacts/choice-trace-before/wire/interfaces__interface-compare-panic.json	interfaceComparePanic	-	default;default;default;default;default;default
interfaces/interface-defined-type-identity	artifacts/choice-trace-before/wire/interfaces__interface-defined-type-identity.json	interfaceDefinedTypeIdentity	-	default;default;default;default;default;default
interfaces/interface-method-expression	artifacts/choice-trace-before/wire/interfaces__interface-method-expression.json	interfaceMethodExpression	-	default;default;default;default;default;default
interfaces/interface-method-value	artifacts/choice-trace-before/wire/interfaces__interface-method-value.json	interfaceMethodValue	-	default;default;default;default;default;default
interfaces/interface-method-value-nil	artifacts/choice-trace-before/wire/interfaces__interface-method-value-nil.json	interfaceMethodValueNil	-	default;default;default;default;default;default
interfaces/interface-nested-struct-compare-panic	artifacts/choice-trace-before/wire/interfaces__interface-nested-struct-compare-panic.json	interfaceNestedStructComparePanic	-	default;default;default;default;default;default
interfaces/interface-storage-copy/value	artifacts/choice-trace-before/wire/interfaces__interface-storage-copy__value.json	interfaceStoresValueCopy	-	default;default;default;default;default;default
interfaces/interface-storage-copy/pointer	artifacts/choice-trace-before/wire/interfaces__interface-storage-copy__pointer.json	interfaceStoresPointerValue	-	default;default;default;default;default;default
interfaces/interface-valued-observation/defined	artifacts/choice-trace-before/wire/interfaces__interface-valued-observation__defined.json	interfaceObservationDefined	-	default;default;default;default;default;default
interfaces/interface-valued-observation/int	artifacts/choice-trace-before/wire/interfaces__interface-valued-observation__int.json	interfaceObservationInt	-	default;default;default;default;default;default
interfaces/interface-valued-observation/bool	artifacts/choice-trace-before/wire/interfaces__interface-valued-observation__bool.json	interfaceObservationBool	-	default;default;default;default;default;default
interfaces/interface-valued-observation/string	artifacts/choice-trace-before/wire/interfaces__interface-valued-observation__string.json	interfaceObservationString	-	default;default;default;default;default;default
interfaces/interface-valued-observation/struct	artifacts/choice-trace-before/wire/interfaces__interface-valued-observation__struct.json	interfaceObservationStruct	-	default;default;default;default;default;default
interfaces/interface-valued-observation/nil	artifacts/choice-trace-before/wire/interfaces__interface-valued-observation__nil.json	interfaceObservationNil	-	default;default;default;default;default;default
interfaces/interface-valued-observation/named-iface	artifacts/choice-trace-before/wire/interfaces__interface-valued-observation__named-iface.json	interfaceObservationNamedIface	-	default;default;default;default;default;default
interfaces/method-set-pointer-to-pointer/pointer-to-pointer	artifacts/choice-trace-before/wire/interfaces__method-set-pointer-to-pointer__pointer-to-pointer.json	pointerToPointerNoMethodSet	-	default;default;default;default;default;default
interfaces/method-set-pointer-to-pointer/single-pointer	artifacts/choice-trace-before/wire/interfaces__method-set-pointer-to-pointer__single-pointer.json	singlePointerMethodSet	-	default;default;default;default;default;default
interfaces/method-set-signature-mismatch/arity	artifacts/choice-trace-before/wire/interfaces__method-set-signature-mismatch__arity.json	signatureArityMismatch	-	default;default;default;default;default;default
interfaces/method-set-signature-mismatch/param-type	artifacts/choice-trace-before/wire/interfaces__method-set-signature-mismatch__param-type.json	signatureParamMismatch	-	default;default;default;default;default;default
interfaces/method-set-signature-mismatch/result-type	artifacts/choice-trace-before/wire/interfaces__method-set-signature-mismatch__result-type.json	signatureResultMismatch	-	default;default;default;default;default;default
interfaces/method-set-signature-mismatch/exact	artifacts/choice-trace-before/wire/interfaces__method-set-signature-mismatch__exact.json	signatureExactMatch	-	default;default;default;default;default;default
interfaces/method-set-variadic-mismatch/req-variadic-impl-slice	artifacts/choice-trace-before/wire/interfaces__method-set-variadic-mismatch__req-variadic-impl-slice.json	variadicReqSliceImpl	-	default;default;default;default;default;default
interfaces/method-set-variadic-mismatch/req-variadic-impl-slice-panic	artifacts/choice-trace-before/wire/interfaces__method-set-variadic-mismatch__req-variadic-impl-slice-panic.json	variadicReqSliceImplPanic	-	default;default;default;default;default;default
interfaces/method-set-variadic-mismatch/req-slice-impl-variadic	artifacts/choice-trace-before/wire/interfaces__method-set-variadic-mismatch__req-slice-impl-variadic.json	sliceReqVariadicImpl	-	default;default;default;default;default;default
interfaces/method-set-variadic-mismatch/req-variadic-impl-variadic	artifacts/choice-trace-before/wire/interfaces__method-set-variadic-mismatch__req-variadic-impl-variadic.json	variadicReqVariadicImpl	-	default;default;default;default;default;default
interfaces/method-set-variadic-mismatch/variadic-elem-mismatch	artifacts/choice-trace-before/wire/interfaces__method-set-variadic-mismatch__variadic-elem-mismatch.json	variadicElemMismatch	-	default;default;default;default;default;default
interfaces/mixed-compare/eq-int-lit	artifacts/choice-trace-before/wire/interfaces__mixed-compare__eq-int-lit.json	mixedEqIntLit	-	default;default;default;default;default;default
interfaces/mixed-compare/eq-int-lit-reversed	artifacts/choice-trace-before/wire/interfaces__mixed-compare__eq-int-lit-reversed.json	mixedEqIntLitReversed	-	default;default;default;default;default;default
interfaces/mixed-compare/neq-miss	artifacts/choice-trace-before/wire/interfaces__mixed-compare__neq-miss.json	mixedNeqMiss	-	default;default;default;default;default;default
interfaces/mixed-compare/switch-case	artifacts/choice-trace-before/wire/interfaces__mixed-compare__switch-case.json	mixedSwitchCase	-	default;default;default;default;default;default
interfaces/mixed-compare/sentinel-error	artifacts/choice-trace-before/wire/interfaces__mixed-compare__sentinel-error.json	mixedSentinelError	-	default;default;default;default;default;default
interfaces/mixed-compare/sentinel-error-reversed	artifacts/choice-trace-before/wire/interfaces__mixed-compare__sentinel-error-reversed.json	mixedSentinelErrorReversed	-	default;default;default;default;default;default
interfaces/mixed-compare/struct-both-orders	artifacts/choice-trace-before/wire/interfaces__mixed-compare__struct-both-orders.json	mixedStructBothOrders	-	default;default;default;default;default;default
interfaces/mixed-compare/ctl-iface-iface	artifacts/choice-trace-before/wire/interfaces__mixed-compare__ctl-iface-iface.json	mixedCtlIfaceIface	-	default;default;default;default;default;default
interfaces/nil-conversion/error-nil	artifacts/choice-trace-before/wire/interfaces__nil-conversion__error-nil.json	convErrorNilIsNil	-	default;default;default;default;default;default
interfaces/nil-conversion/any-nil	artifacts/choice-trace-before/wire/interfaces__nil-conversion__any-nil.json	convAnyNilIsNil	-	default;default;default;default;default;default
interfaces/nil-conversion/typed-nil-vs-error-nil	artifacts/choice-trace-before/wire/interfaces__nil-conversion__typed-nil-vs-error-nil.json	convTypedNilVsErrorNil	-	default;default;default;default;default;default
interfaces/nil-conversion/func-nil	artifacts/choice-trace-before/wire/interfaces__nil-conversion__func-nil.json	convFuncNilIsNil	-	default;default;default;default;default;default
interfaces/nil-interface	artifacts/choice-trace-before/wire/interfaces__nil-interface.json	nilInterface	-	default;default;default;default;default;default
interfaces/promoted-method-assert-ok	artifacts/choice-trace-before/wire/interfaces__promoted-method-assert-ok.json	promotedMethodAssertOk	-	default;default;default;default;default;default
interfaces/quarantined-anonymous-interface	artifacts/choice-trace-before/wire/interfaces__quarantined-anonymous-interface.json	quarantinedAnonymousInterface	-	default;default;default;default;default;default
interfaces/quarantined-dispatch-teeth/installed	artifacts/choice-trace-before/wire/interfaces__quarantined-dispatch-teeth__installed.json	teethInstalled	-	default;default;default;default;default;default
interfaces/quarantined-dispatch-teeth/uninstalled	artifacts/choice-trace-before/wire/interfaces__quarantined-dispatch-teeth__uninstalled.json	teethUninstalled	-	default;default;default;default;default;default
interfaces/recover-nil-dispatch/nil-interface	artifacts/choice-trace-before/wire/interfaces__recover-nil-dispatch__nil-interface.json	recoverNilInterfaceDispatch	-	default;default;default;default;default;default
interfaces/recover-nil-dispatch/nil-pointer-box	artifacts/choice-trace-before/wire/interfaces__recover-nil-dispatch__nil-pointer-box.json	recoverNilPointerBoxDispatch	-	default;9;1;5;47062;45548
interfaces/recover-promoted-wrapper/silent-value-embed	artifacts/choice-trace-before/wire/interfaces__recover-promoted-wrapper__silent-value-embed.json	rwSilentValueEmbed	-	default;default;default;default;default;default
interfaces/recover-promoted-wrapper/status-value-embed	artifacts/choice-trace-before/wire/interfaces__recover-promoted-wrapper__status-value-embed.json	rwStatusValueEmbed	-	default;default;default;default;default;default
interfaces/recover-promoted-wrapper/silent-pointer-embed	artifacts/choice-trace-before/wire/interfaces__recover-promoted-wrapper__silent-pointer-embed.json	rwSilentPointerEmbed	-	default;default;default;default;default;default
interfaces/recover-promoted-wrapper/silent-iface-embed	artifacts/choice-trace-before/wire/interfaces__recover-promoted-wrapper__silent-iface-embed.json	rwSilentIfaceEmbed	-	default;default;default;default;default;default
interfaces/recover-promoted-wrapper/ctl-direct-iface	artifacts/choice-trace-before/wire/interfaces__recover-promoted-wrapper__ctl-direct-iface.json	rwCtlDirectIface	-	default;default;default;default;default;default
interfaces/recover-promoted-wrapper/ctl-concrete-promoted	artifacts/choice-trace-before/wire/interfaces__recover-promoted-wrapper__ctl-concrete-promoted.json	rwCtlConcretePromoted	-	default;default;default;default;default;default
interfaces/recover-promoted-wrapper/ctl-method-value	artifacts/choice-trace-before/wire/interfaces__recover-promoted-wrapper__ctl-method-value.json	rwCtlMethodValue	-	default;default;default;default;default;default
interfaces/recover-promoted-wrapper/ctl-chain-join	artifacts/choice-trace-before/wire/interfaces__recover-promoted-wrapper__ctl-chain-join.json	rwCtlChainJoin	-	default;default;default;default;default;default
interfaces/tuple-forward-boxing/fixed-any	artifacts/choice-trace-before/wire/interfaces__tuple-forward-boxing__fixed-any.json	tupleForwardFixedAny	-	default;default;default;default;default;default
interfaces/tuple-forward-boxing/variadic-any	artifacts/choice-trace-before/wire/interfaces__tuple-forward-boxing__variadic-any.json	tupleForwardVariadicAny	-	default;default;default;default;default;default
interfaces/tuple-forward-boxing/mixed-second-any	artifacts/choice-trace-before/wire/interfaces__tuple-forward-boxing__mixed-second-any.json	tupleForwardMixed	-	default;default;default;default;default;default
interfaces/tuple-forward-boxing/fixed-plus-variadic	artifacts/choice-trace-before/wire/interfaces__tuple-forward-boxing__fixed-plus-variadic.json	tupleForwardFixedPlusVariadic	-	default;default;default;default;default;default
interfaces/tuple-forward-boxing/concrete-control	artifacts/choice-trace-before/wire/interfaces__tuple-forward-boxing__concrete-control.json	tupleForwardConcreteControl	-	default;default;default;default;default;default
interfaces/tuple-forward-boxing/interface-source-control	artifacts/choice-trace-before/wire/interfaces__tuple-forward-boxing__interface-source-control.json	tupleForwardInterfaceSourceControl	-	default;default;default;default;default;default
interfaces/type-assert-from-named-interface-panic/to-pointer	artifacts/choice-trace-before/wire/interfaces__type-assert-from-named-interface-panic__to-pointer.json	assertFromNamedInterfaceToPointer	-	default;default;default;default;default;default
interfaces/type-assert-from-named-interface-panic/nil-operand	artifacts/choice-trace-before/wire/interfaces__type-assert-from-named-interface-panic__nil-operand.json	assertFromNamedInterfaceNil	-	default;default;default;default;default;default
interfaces/type-assert-interface	artifacts/choice-trace-before/wire/interfaces__type-assert-interface.json	typeAssertInterface	-	default;default;default;default;default;default
interfaces/type-assert-interface-panic/missing-all	artifacts/choice-trace-before/wire/interfaces__type-assert-interface-panic__missing-all.json	assertInterfaceMissingAll	-	default;default;default;default;default;default
interfaces/type-assert-interface-panic/missing-one	artifacts/choice-trace-before/wire/interfaces__type-assert-interface-panic__missing-one.json	assertInterfaceMissingOne	-	default;default;default;default;default;default
interfaces/type-assert-interface-panic/nil	artifacts/choice-trace-before/wire/interfaces__type-assert-interface-panic__nil.json	assertInterfaceNil	-	default;default;default;default;default;default
interfaces/type-assert-interface-panic/error-target	artifacts/choice-trace-before/wire/interfaces__type-assert-interface-panic__error-target.json	assertErrorMissingMethod	-	default;default;default;default;default;default
interfaces/type-assertions/comma-ok	artifacts/choice-trace-before/wire/interfaces__type-assertions__comma-ok.json	typeAssertOk	-	default;default;default;default;default;default
interfaces/type-assertions/panic	artifacts/choice-trace-before/wire/interfaces__type-assertions__panic.json	typeAssertPanic	-	default;default;default;default;default;default
interfaces/typed-nil-channel	artifacts/choice-trace-before/wire/interfaces__typed-nil-channel.json	typedNilChannelInterface	-	default;default;default;default;default;default
interfaces/typed-nil-composite	artifacts/choice-trace-before/wire/interfaces__typed-nil-composite.json	typedNilCompositeInterface	-	default;default;default;default;default;default
interfaces/typed-nil-func	artifacts/choice-trace-before/wire/interfaces__typed-nil-func.json	typedNilFuncInterface	-	default;default;default;default;default;default
interfaces/typed-nil-map	artifacts/choice-trace-before/wire/interfaces__typed-nil-map.json	typedNilMapInterface	-	default;default;default;default;default;default
interfaces/typed-nil-pointer-compare	artifacts/choice-trace-before/wire/interfaces__typed-nil-pointer-compare.json	typedNilPointerCompare	-	default;default;default;default;default;default
interfaces/typed-nil-slice	artifacts/choice-trace-before/wire/interfaces__typed-nil-slice.json	typedNilSliceInterface	-	default;default;default;default;default;default
interfaces/type-switch-default-binding	artifacts/choice-trace-before/wire/interfaces__type-switch-default-binding.json	typeSwitchDefaultBindingSubject	-	default;default;default;default;default;default
interfaces/type-switch-default-binding-type	artifacts/choice-trace-before/wire/interfaces__type-switch-default-binding-type.json	typeSwitchDefaultBindingType	-	default;default;default;default;default;default
interfaces/type-switch-dynamic	artifacts/choice-trace-before/wire/interfaces__type-switch-dynamic.json	typeSwitchDynamic	-	default;default;default;default;default;default
interfaces/type-switch-eval-once	artifacts/choice-trace-before/wire/interfaces__type-switch-eval-once.json	typeSwitchEvalOnce	-	default;default;default;default;default;default
interfaces/type-switch-first-match	artifacts/choice-trace-before/wire/interfaces__type-switch-first-match.json	typeSwitchFirstMatch	-	default;default;default;default;default;default
interfaces/type-switch-init-stmt	artifacts/choice-trace-before/wire/interfaces__type-switch-init-stmt.json	typeSwitchInitStmt	-	default;default;default;default;default;default
interfaces/type-switch-interface-binding	artifacts/choice-trace-before/wire/interfaces__type-switch-interface-binding.json	typeSwitchInterfaceBinding	-	default;default;default;default;default;default
interfaces/type-switch-interface-case	artifacts/choice-trace-before/wire/interfaces__type-switch-interface-case.json	typeSwitchInterfaceCase	-	default;default;default;default;default;default
interfaces/type-switch-labeled-break/loop	artifacts/choice-trace-before/wire/interfaces__type-switch-labeled-break__loop.json	typeSwitchBreakOutOfLoop	-	default;default;default;default;default;default
interfaces/type-switch-labeled-break/self	artifacts/choice-trace-before/wire/interfaces__type-switch-labeled-break__self.json	typeSwitchLabeledSelf	-	default;default;default;default;default;default
interfaces/type-switch-multi-binding	artifacts/choice-trace-before/wire/interfaces__type-switch-multi-binding.json	typeSwitchMultiBinding	-	default;default;default;default;default;default
interfaces/type-switch-multi-case	artifacts/choice-trace-before/wire/interfaces__type-switch-multi-case.json	typeSwitchMultiCaseSubject	-	default;default;default;default;default;default
interfaces/type-switch-nil-binding	artifacts/choice-trace-before/wire/interfaces__type-switch-nil-binding.json	typeSwitchNilBinding	-	default;default;default;default;default;default
interfaces/type-switch-nil	artifacts/choice-trace-before/wire/interfaces__type-switch-nil.json	typeSwitchNil	-	default;default;default;default;default;default
interfaces/type-switch-nil-multi-case	artifacts/choice-trace-before/wire/interfaces__type-switch-nil-multi-case.json	typeSwitchNilMultiCase	-	default;default;default;default;default;default
interfaces/type-switch-single-binding	artifacts/choice-trace-before/wire/interfaces__type-switch-single-binding.json	typeSwitchSingleBinding	-	default;default;default;default;default;default
interfaces/type-switch-typed-nil-binding	artifacts/choice-trace-before/wire/interfaces__type-switch-typed-nil-binding.json	typeSwitchTypedNilBinding	-	default;default;default;default;default;default
interfaces/type-switch-typed-nil	artifacts/choice-trace-before/wire/interfaces__type-switch-typed-nil.json	typeSwitchTypedNil	-	default;default;default;default;default;default
ints/bitwise	artifacts/choice-trace-before/wire/ints__bitwise.json	bitwise	-	default;default;default;default;default;default
ints/break-continue	artifacts/choice-trace-before/wire/ints__break-continue.json	breakContinue	-	default;default;default;default;default;default
ints/byte-conversion	artifacts/choice-trace-before/wire/ints__byte-conversion.json	byteConversion	-	default;default;default;default;default;default
ints/compound-assign-wrap	artifacts/choice-trace-before/wire/ints__compound-assign-wrap.json	intCompoundAssignWrap	-	default;default;default;default;default;default
ints/conversion-width-matrix	artifacts/choice-trace-before/wire/ints__conversion-width-matrix.json	intConversionWidthMatrix	-	default;default;default;default;default;default
ints/defined-incdec/inc-signed	artifacts/choice-trace-before/wire/ints__defined-incdec__inc-signed.json	definedIncSigned	-	default;default;default;default;default;default
ints/defined-incdec/dec-signed	artifacts/choice-trace-before/wire/ints__defined-incdec__dec-signed.json	definedDecSigned	-	default;default;default;default;default;default
ints/defined-incdec/inc-unsigned	artifacts/choice-trace-before/wire/ints__defined-incdec__inc-unsigned.json	definedIncUnsigned	-	default;default;default;default;default;default
ints/defined-incdec/dec-unsigned	artifacts/choice-trace-before/wire/ints__defined-incdec__dec-unsigned.json	definedDecUnsigned	-	default;default;default;default;default;default
ints/defined-incdec/inc-signed-wrap	artifacts/choice-trace-before/wire/ints__defined-incdec__inc-signed-wrap.json	definedIncSignedWrap	-	default;default;default;default;default;default
ints/defined-incdec/dec-signed-wrap	artifacts/choice-trace-before/wire/ints__defined-incdec__dec-signed-wrap.json	definedDecSignedWrap	-	default;default;default;default;default;default
ints/defined-incdec/inc-unsigned-wrap	artifacts/choice-trace-before/wire/ints__defined-incdec__inc-unsigned-wrap.json	definedIncUnsignedWrap	-	default;default;default;default;default;default
ints/defined-incdec/dec-unsigned-wrap	artifacts/choice-trace-before/wire/ints__defined-incdec__dec-unsigned-wrap.json	definedDecUnsignedWrap	-	default;default;default;default;default;default
ints/defined-incdec/unnamed-control	artifacts/choice-trace-before/wire/ints__defined-incdec__unnamed-control.json	unnamedControl	-	default;default;default;default;default;default
ints/defined-int-conversion	artifacts/choice-trace-before/wire/ints__defined-int-conversion.json	definedIntConversion	-	default;default;default;default;default;default
ints/defined-type-ops	artifacts/choice-trace-before/wire/ints__defined-type-ops.json	intDefinedTypeOps	-	default;default;default;default;default;default
ints/defined-underlying-conversion	artifacts/choice-trace-before/wire/ints__defined-underlying-conversion.json	definedUnderlyingConversion	-	default;default;default;default;default;default
ints/divide-by-zero	artifacts/choice-trace-before/wire/ints__divide-by-zero.json	divideByZero	-	default;default;default;default;default;default
ints/division-overflow	artifacts/choice-trace-before/wire/ints__division-overflow.json	intDivisionOverflow	-	default;default;default;default;default;default
ints/div-mod-signs	artifacts/choice-trace-before/wire/ints__div-mod-signs.json	divModSigns	-	default;default;default;default;default;default
ints/if-return	artifacts/choice-trace-before/wire/ints__if-return.json	ifReturn	7	default;default;default;default;default;default
ints/int8-wrap	artifacts/choice-trace-before/wire/ints__int8-wrap.json	int8Wrap	-	default;default;default;default;default;default
ints/multi-assign	artifacts/choice-trace-before/wire/ints__multi-assign.json	foo	-	default;default;default;default;default;default
ints/negative-shift	artifacts/choice-trace-before/wire/ints__negative-shift.json	negativeShift	-	default;default;default;default;default;default
ints/observation-kind/uint8-incr	artifacts/choice-trace-before/wire/ints__observation-kind__uint8-incr.json	obsKindUint8	-	default;default;default;default;default;default
ints/observation-kind/int8-negative	artifacts/choice-trace-before/wire/ints__observation-kind__int8-negative.json	obsKindInt8Negative	-	default;default;default;default;default;default
ints/observation-kind/defined-uint8	artifacts/choice-trace-before/wire/ints__observation-kind__defined-uint8.json	obsKindDefinedUint8	-	default;default;default;default;default;default
ints/observation-kind/uint64-max	artifacts/choice-trace-before/wire/ints__observation-kind__uint64-max.json	obsKindUint64Max	-	default;default;default;default;default;default
ints/observation-kind/struct-fields	artifacts/choice-trace-before/wire/ints__observation-kind__struct-fields.json	obsKindStructFields	-	default;default;default;default;default;default
ints/observation-kind/boxed-uint16	artifacts/choice-trace-before/wire/ints__observation-kind__boxed-uint16.json	obsKindBoxed	-	default;default;default;default;default;default
ints/scalars	artifacts/choice-trace-before/wire/ints__scalars.json	scalars	-	default;default;default;default;default;default
ints/shifts	artifacts/choice-trace-before/wire/ints__shifts.json	shifts	-	default;default;default;default;default;default
ints/shift-width-boundaries	artifacts/choice-trace-before/wire/ints__shift-width-boundaries.json	intShiftWidthBoundaries	-	default;default;default;default;default;default
ints/signed-unsigned-conversion	artifacts/choice-trace-before/wire/ints__signed-unsigned-conversion.json	signedUnsignedConversion	-	default;default;default;default;default;default
ints/signed-width-wrap	artifacts/choice-trace-before/wire/ints__signed-width-wrap.json	signedWidthWrap	-	default;default;default;default;default;default
ints/truncate-conversion	artifacts/choice-trace-before/wire/ints__truncate-conversion.json	truncateConversion	-	default;default;default;default;default;default
ints/uint-decrement-wrap	artifacts/choice-trace-before/wire/ints__uint-decrement-wrap.json	uintDecrementWrap	-	default;default;default;default;default;default
ints/uint-wrap	artifacts/choice-trace-before/wire/ints__uint-wrap.json	uintWrap	-	default;default;default;default;default;default
ints/unsigned-right-shift	artifacts/choice-trace-before/wire/ints__unsigned-right-shift.json	unsignedRightShift	-	default;default;default;default;default;default
ints/while1	artifacts/choice-trace-before/wire/ints__while1.json	test	6,7	default;default;default;default;default;default
ints/wrap-width-boundaries	artifacts/choice-trace-before/wire/ints__wrap-width-boundaries.json	intWrapWidthBoundaries	-	default;default;default;default;default;default
maps/added-entries-bound	artifacts/choice-trace-before/wire/maps__added-entries-bound.json	mapAddedEntriesBound	-	default;8;3;5;17241;4010
maps/added-entry-count	artifacts/choice-trace-before/wire/maps__added-entry-count.json	mapAddedEntryCount	-	default;8;3;5;17241;4010
maps/array-key	artifacts/choice-trace-before/wire/maps__array-key.json	mapArrayKey	-	default;default;default;default;default;default
maps/array-key-interface-elem-unhashable/assign	artifacts/choice-trace-before/wire/maps__array-key-interface-elem-unhashable__assign.json	arrayKeyAssign	-	default;default;default;default;default;default
maps/array-key-interface-elem-unhashable/access-empty	artifacts/choice-trace-before/wire/maps__array-key-interface-elem-unhashable__access-empty.json	arrayKeyAccessEmpty	-	default;default;default;default;default;default
maps/array-value-copy	artifacts/choice-trace-before/wire/maps__array-value-copy.json	mapArrayValueCopy	-	default;default;default;default;default;default
maps/channel-key	artifacts/choice-trace-before/wire/maps__channel-key.json	mapChannelKey	-	default;default;default;default;default;default
maps/clear-during-range	artifacts/choice-trace-before/wire/maps__clear-during-range.json	mapClearDuringRange	-	default;9;1;5;47062;45548
maps/compound-assign-eval-once	artifacts/choice-trace-before/wire/maps__compound-assign-eval-once.json	mapCompoundAssignEvalOnce	-	default;default;default;default;default;default
maps/cross-goroutine-delete-noreadd/delete	artifacts/choice-trace-before/wire/maps__cross-goroutine-delete-noreadd__delete.json	crossGoroutineDeleteNoReAdd	-	default;9,8,7,6,5,4,3,2,1,0;1,3,5,7,9,2,4,6,8;5,5,5,5,5,5,5;47062,17241,28876,43750,15194,49395,23194,43254,9513;45548,4010,42376,18520,53319,16971,27516,38438,7281
maps/cross-goroutine-delete-noreadd/clear	artifacts/choice-trace-before/wire/maps__cross-goroutine-delete-noreadd__clear.json	crossGoroutineClearMidRange	-	default;9,8,7,6,5,4,3,2,1;1,3,5,7,9,2,4,6;5,5,5,5,5,5;47062,17241,28876,43750,15194,49395,23194,43254;45548,4010,42376,18520,53319,16971,27516,38438
maps/cross-goroutine-delete-noreadd/other-map	artifacts/choice-trace-before/wire/maps__cross-goroutine-delete-noreadd__other-map.json	crossGoroutineDeleteOtherMap	-	default;9,8,7,6,5,4,3,2,1,0;1,3,5,7,9,2,4,6,8;5,5,5,5,5,5,5;47062,17241,28876,43750,15194,49395,23194,43254,9513;45548,4010,42376,18520,53319,16971,27516,38438,7281
maps/cross-goroutine-delete-readd/drf	artifacts/choice-trace-before/wire/maps__cross-goroutine-delete-readd__drf.json	crossGoroutineDeleteReAdd	-	default;9,8,7,6,5,4,3,2,1,0;1,3,5,7,9,2,4,6,8,0;5,5,5,5,5,5,5,5;47062,17241,28876,43750,15194,49395,23194,43254,9513,31674,16891;45548,4010,42376,18520,53319,16971,27516,38438,7281,33498,29351
maps/cross-goroutine-delete-readd/insert	artifacts/choice-trace-before/wire/maps__cross-goroutine-delete-readd__insert.json	crossGoroutineDeleteReAddInsert	-	default;9,8,7,6,5,4,3,2,1,0;1,3,5,7,9,2,4,6,8,0;5,5,5,5,5,5,5,5;47062,17241,28876,43750,15194,49395,23194,43254,9513,31674,16891,46322;45548,4010,42376,18520,53319,16971,27516,38438,7281,33498,29351
maps/cross-goroutine-delete-readd/racy	artifacts/choice-trace-before/wire/maps__cross-goroutine-delete-readd__racy.json	crossGoroutineDeleteReAddRacy	-	default;9,8;1,3;5,5;47062,17241;45548,4010,42376,18520,53319,16971
maps/deep-incomparable-insert	artifacts/choice-trace-before/wire/maps__deep-incomparable-insert.json	deepIncomparableInsert	-	default;default;default;default;default;default
maps/defined-map-value	artifacts/choice-trace-before/wire/maps__defined-map-value.json	definedMapValue	-	default;default;default;default;default;default
maps/delete-alias-visible	artifacts/choice-trace-before/wire/maps__delete-alias-visible.json	deleteAliasVisible	-	default;default;default;default;default;default
maps/delete-during-range	artifacts/choice-trace-before/wire/maps__delete-during-range.json	mapDeleteDuringRange	-	default;9;1;5;47062;45548
maps/delete-eval-order	artifacts/choice-trace-before/wire/maps__delete-eval-order.json	mapDeleteEvalOrder	-	default;default;default;default;default;default
maps/delete-existing	artifacts/choice-trace-before/wire/maps__delete-existing.json	mapDeleteExisting	-	default;default;default;default;default;default
maps/delete-insert-readd-during-range	artifacts/choice-trace-before/wire/maps__delete-insert-readd-during-range.json	mapDeleteInsertReAddDuringRange	-	default;9,8,7,6,5;1,3,5,7;5,5,5,5;47062,17241,28876,43750,15194;45548,4010,42376,18520,53319
maps/delete-interface-dynamic-key	artifacts/choice-trace-before/wire/maps__delete-interface-dynamic-key.json	deleteInterfaceDynamicKey	-	default;default;default;default;default;default
maps/delete-interface-key-panic	artifacts/choice-trace-before/wire/maps__delete-interface-key-panic.json	deleteInterfaceKeyPanic	-	default;default;default;default;default;default
maps/delete-missing	artifacts/choice-trace-before/wire/maps__delete-missing.json	mapDeleteMissing	-	default;default;default;default;default;default
maps/delete-nil-interface-key-panic	artifacts/choice-trace-before/wire/maps__delete-nil-interface-key-panic.json	deleteNilInterfaceKeyPanic	-	default;default;default;default;default;default
maps/delete-nil-key-types	artifacts/choice-trace-before/wire/maps__delete-nil-key-types.json	deleteNilMapKeyTypes	-	default;default;default;default;default;default
maps/delete-nil-map	artifacts/choice-trace-before/wire/maps__delete-nil-map.json	deleteNilMap	-	default;default;default;default;default;default
maps/delete-nil-value-types	artifacts/choice-trace-before/wire/maps__delete-nil-value-types.json	deleteNilMapValueTypes	-	default;default;default;default;default;default
maps/delete-readd-during-range	artifacts/choice-trace-before/wire/maps__delete-readd-during-range.json	mapDeleteReAddDuringRange	-	default;9,8,7,6,5;1,3,5,7,9;5,5,5,5,5;47062,17241,28876,43750,15194;45548,4010,42376,18520,53319
maps/delete-unreached-during-range	artifacts/choice-trace-before/wire/maps__delete-unreached-during-range.json	mapDeleteUnreachedDuringRange	-	default;9;1;5;47062;45548
maps/imported-named-key-unhashable	artifacts/choice-trace-before/wire/maps__imported-named-key-unhashable.json	importedNamedKeyAssign	-	default;default;default;default;default;default
maps/incdec-value-kinds/uint8	artifacts/choice-trace-before/wire/maps__incdec-value-kinds__uint8.json	mapUint8IncDec	-	default;default;default;default;default;default
maps/incdec-value-kinds/defined	artifacts/choice-trace-before/wire/maps__incdec-value-kinds__defined.json	mapDefinedIncDec	-	default;default;default;default;default;default
maps/index-assign-eval-order	artifacts/choice-trace-before/wire/maps__index-assign-eval-order.json	mapIndexAssignEvalOrder	-	default;default;default;default;default;default
maps/interface-dynamic-type-key	artifacts/choice-trace-before/wire/maps__interface-dynamic-type-key.json	mapInterfaceDynamicTypeKey	-	default;default;default;default;default;default
maps/interface-key	artifacts/choice-trace-before/wire/maps__interface-key.json	mapInterfaceKey	-	default;default;default;default;default;default
maps/interface-key-hash-phrasing/access-empty	artifacts/choice-trace-before/wire/maps__interface-key-hash-phrasing__access-empty.json	accessEmpty	-	default;default;default;default;default;default
maps/interface-key-hash-phrasing/access-nonempty	artifacts/choice-trace-before/wire/maps__interface-key-hash-phrasing__access-nonempty.json	accessNonEmpty	-	default;default;default;default;default;default
maps/interface-key-hash-phrasing/access-emptied	artifacts/choice-trace-before/wire/maps__interface-key-hash-phrasing__access-emptied.json	accessEmptied	-	default;default;default;default;default;default
maps/interface-key-hash-phrasing/delete-empty	artifacts/choice-trace-before/wire/maps__interface-key-hash-phrasing__delete-empty.json	deleteEmpty	-	default;default;default;default;default;default
maps/interface-key-hash-phrasing/delete-nonempty	artifacts/choice-trace-before/wire/maps__interface-key-hash-phrasing__delete-nonempty.json	deleteNonEmpty	-	default;default;default;default;default;default
maps/interface-key-hash-phrasing/assign-nonempty	artifacts/choice-trace-before/wire/maps__interface-key-hash-phrasing__assign-nonempty.json	assignNonEmpty	-	default;default;default;default;default;default
maps/interface-key-hash-phrasing/nil-map-access	artifacts/choice-trace-before/wire/maps__interface-key-hash-phrasing__nil-map-access.json	nilMapAccess	-	default;default;default;default;default;default
maps/interface-key-hash-phrasing/nil-map-delete	artifacts/choice-trace-before/wire/maps__interface-key-hash-phrasing__nil-map-delete.json	nilMapDelete	-	default;default;default;default;default;default
maps/interface-key-nested-unhashable/assign	artifacts/choice-trace-before/wire/maps__interface-key-nested-unhashable__assign.json	nestedBoxAssign	-	default;default;default;default;default;default
maps/interface-key-nested-unhashable/access-empty	artifacts/choice-trace-before/wire/maps__interface-key-nested-unhashable__access-empty.json	nestedBoxAccessEmpty	-	default;default;default;default;default;default
maps/interface-key-nested-unhashable/array-access-nonempty	artifacts/choice-trace-before/wire/maps__interface-key-nested-unhashable__array-access-nonempty.json	nestedArrayBoxAccessNonEmpty	-	default;default;default;default;default;default
maps/interface-slice-key-panic	artifacts/choice-trace-before/wire/maps__interface-slice-key-panic.json	mapInterfaceSliceKeyPanic	-	default;default;default;default;default;default
maps/jitter-draw	artifacts/choice-trace-before/wire/maps__jitter-draw.json	jitterDraw	-	default;9;1;5;47062;45548
maps/literal-eval-order	artifacts/choice-trace-before/wire/maps__literal-eval-order.json	mapLiteralEvalOrder	-	default;default;default;default;default;default
maps/map-alias	artifacts/choice-trace-before/wire/maps__map-alias.json	mapAlias	-	default;default;default;default;default;default
maps/map-basic	artifacts/choice-trace-before/wire/maps__map-basic.json	mapBasic	-	default;default;default;default;default;default
maps/map-bool-keys	artifacts/choice-trace-before/wire/maps__map-bool-keys.json	mapBoolKeys	-	default;default;default;default;default;default
maps/map-bool-values	artifacts/choice-trace-before/wire/maps__map-bool-values.json	mapBoolValues	-	default;default;default;default;default;default
maps/map-comma-ok	artifacts/choice-trace-before/wire/maps__map-comma-ok.json	mapCommaOk	-	default;default;default;default;default;default
maps/map-copy-write	artifacts/choice-trace-before/wire/maps__map-copy-write.json	mapCopyWrite	-	default;default;default;default;default;default
maps/map-expr-assign-eval-order	artifacts/choice-trace-before/wire/maps__map-expr-assign-eval-order.json	mapExprAssignEvalOrder	-	default;default;default;default;default;default
maps/map-incdec	artifacts/choice-trace-before/wire/maps__map-incdec.json	mapIncDec	-	default;default;default;default;default;default
maps/map-literal-basic	artifacts/choice-trace-before/wire/maps__map-literal-basic.json	mapLiteralBasic	-	default;default;default;default;default;default
maps/map-literal-bool	artifacts/choice-trace-before/wire/maps__map-literal-bool.json	mapLiteralBool	-	default;default;default;default;default;default
maps/map-literal-duplicate-eval-order	artifacts/choice-trace-before/wire/maps__map-literal-duplicate-eval-order.json	mapLiteralDuplicateEvalOrder	-	default;default;default;default;default;default
maps/map-literal-duplicate-runtime-key	artifacts/choice-trace-before/wire/maps__map-literal-duplicate-runtime-key.json	mapLiteralDuplicateRuntimeKey	-	default;default;default;default;default;default
maps/map-literal-empty	artifacts/choice-trace-before/wire/maps__map-literal-empty.json	mapLiteralEmpty	-	default;default;default;default;default;default
maps/map-literal-interface-distinct-dynamic-type	artifacts/choice-trace-before/wire/maps__map-literal-interface-distinct-dynamic-type.json	mapLiteralInterfaceDistinctDynamicType	-	default;default;default;default;default;default
maps/map-literal-interface-duplicate-key	artifacts/choice-trace-before/wire/maps__map-literal-interface-duplicate-key.json	mapLiteralInterfaceDuplicateKey	-	default;default;default;default;default;default
maps/map-literal-interface-key-panic	artifacts/choice-trace-before/wire/maps__map-literal-interface-key-panic.json	mapLiteralInterfaceKeyPanic	-	default;default;default;default;default;default
maps/map-literal-nan-keys	artifacts/choice-trace-before/wire/maps__map-literal-nan-keys.json	mapLiteralNaNKeys	-	default;default;default;default;default;default
maps/map-nil-assign	artifacts/choice-trace-before/wire/maps__map-nil-assign.json	mapNilAssign	-	default;default;default;default;default;default
maps/map-nil-eq	artifacts/choice-trace-before/wire/maps__map-nil-eq.json	mapNilEq	-	default;default;default;default;default;default
maps/map-value-inner-write	artifacts/choice-trace-before/wire/maps__map-value-inner-write.json	mapValueInnerWrite	-	default;default;default;default;default;default
maps/named-nil-flows/return	artifacts/choice-trace-before/wire/maps__named-nil-flows__return.json	namedNilReturn	-	default;default;default;default;default;default
maps/named-nil-flows/composite	artifacts/choice-trace-before/wire/maps__named-nil-flows__composite.json	namedNilComposite	-	default;default;default;default;default;default
maps/named-nil-flows/literal-elem	artifacts/choice-trace-before/wire/maps__named-nil-flows__literal-elem.json	namedNilLiteralElem	-	default;default;default;default;default;default
maps/named-nil-flows/arg	artifacts/choice-trace-before/wire/maps__named-nil-flows__arg.json	namedNilArg	-	default;default;default;default;default;default
maps/named-nil-flows/slice	artifacts/choice-trace-before/wire/maps__named-nil-flows__slice.json	namedNilSlice	-	default;default;default;default;default;default
maps/nan-key-clear	artifacts/choice-trace-before/wire/maps__nan-key-clear.json	nanKeyClear	-	default;default;default;default;default;default
maps/nan-key-range-aggregate/array	artifacts/choice-trace-before/wire/maps__nan-key-range-aggregate__array.json	nanArrayKeyRange	-	default;9;1;5;47062;45548
maps/nan-key-range-aggregate/struct	artifacts/choice-trace-before/wire/maps__nan-key-range-aggregate__struct.json	nanStructKeyRange	-	default;9,8;1,3;5,5;47062,17241;45548,4010
maps/nan-key-range-aggregate/interface	artifacts/choice-trace-before/wire/maps__nan-key-range-aggregate__interface.json	nanInterfaceKeyRange	-	default;9;1;5;47062;45548
maps/nan-key-range	artifacts/choice-trace-before/wire/maps__nan-key-range.json	nanKeyRange	-	default;9;1;5;47062;45548
maps/nil-assign-eval-before-panic	artifacts/choice-trace-before/wire/maps__nil-assign-eval-before-panic.json	mapNilAssignEvalBeforePanic	-	default;default;default;default;default;default
maps/nil-channel-key	artifacts/choice-trace-before/wire/maps__nil-channel-key.json	mapNilChannelKey	-	default;default;default;default;default;default
maps/nil-literal-values/func-element	artifacts/choice-trace-before/wire/maps__nil-literal-values__func-element.json	mapNilFuncElement	-	default;default;default;default;default;default
maps/nil-literal-values/defined-pointer-element	artifacts/choice-trace-before/wire/maps__nil-literal-values__defined-pointer-element.json	mapNilDefinedPointerElement	-	default;default;default;default;default;default
maps/nil-literal-values/defined-func-element	artifacts/choice-trace-before/wire/maps__nil-literal-values__defined-func-element.json	mapNilDefinedFuncElement	-	default;default;default;default;default;default
maps/nil-literal-values/pointer-element	artifacts/choice-trace-before/wire/maps__nil-literal-values__pointer-element.json	mapNilPointerElement	-	default;default;default;default;default;default
maps/nil-literal-values/map-element	artifacts/choice-trace-before/wire/maps__nil-literal-values__map-element.json	mapNilMapElement	-	default;default;default;default;default;default
maps/nil-literal-values/slice-element	artifacts/choice-trace-before/wire/maps__nil-literal-values__slice-element.json	mapNilSliceElement	-	default;default;default;default;default;default
maps/nil-literal-values/defined-slice-element	artifacts/choice-trace-before/wire/maps__nil-literal-values__defined-slice-element.json	mapNilDefinedSliceElement	-	default;default;default;default;default;default
maps/nil-literal-values/defined-map-element	artifacts/choice-trace-before/wire/maps__nil-literal-values__defined-map-element.json	mapNilDefinedMapElement	-	default;default;default;default;default;default
maps/nil-read-key-types	artifacts/choice-trace-before/wire/maps__nil-read-key-types.json	mapNilReadKeyTypes	-	default;default;default;default;default;default
maps/nil-read-value-types	artifacts/choice-trace-before/wire/maps__nil-read-value-types.json	mapNilReadValueTypes	-	default;default;default;default;default;default
maps/nil-value-comma-ok	artifacts/choice-trace-before/wire/maps__nil-value-comma-ok.json	nilValueCommaOk	-	default;default;default;default;default;default
maps/overwrite	artifacts/choice-trace-before/wire/maps__overwrite.json	mapOverwrite	-	default;default;default;default;default;default
maps/pointer-key	artifacts/choice-trace-before/wire/maps__pointer-key.json	mapPointerKey	-	default;default;default;default;default;default
maps/range-first-key	artifacts/choice-trace-before/wire/maps__range-first-key.json	rangeFirstKey	-	default;9,8;1,3;5,5;47062,17241;45548,4010
maps/set-membership	artifacts/choice-trace-before/wire/maps__set-membership.json	setMembership	-	default;default;default;default;default;default
maps/signed-zero-replace-delete	artifacts/choice-trace-before/wire/maps__signed-zero-replace-delete.json	signedZeroReplaceDelete	-	default;default;default;default;default;default
maps/slice-value-element-write	artifacts/choice-trace-before/wire/maps__slice-value-element-write.json	mapSliceValueElementWrite	-	default;default;default;default;default;default
maps/struct-key	artifacts/choice-trace-before/wire/maps__struct-key.json	mapStructKeyLookup	-	default;default;default;default;default;default
maps/struct-key-interface-field-unhashable/assign	artifacts/choice-trace-before/wire/maps__struct-key-interface-field-unhashable__assign.json	structKeyAssign	-	default;default;default;default;default;default
maps/struct-key-interface-field-unhashable/access-empty	artifacts/choice-trace-before/wire/maps__struct-key-interface-field-unhashable__access-empty.json	structKeyAccessEmpty	-	default;default;default;default;default;default
maps/struct-key-interface-field-unhashable/access-nonempty	artifacts/choice-trace-before/wire/maps__struct-key-interface-field-unhashable__access-nonempty.json	structKeyAccessNonEmpty	-	default;default;default;default;default;default
maps/struct-key-interface-field-unhashable/delete-nonempty	artifacts/choice-trace-before/wire/maps__struct-key-interface-field-unhashable__delete-nonempty.json	structKeyDeleteNonEmpty	-	default;default;default;default;default;default
maps/tuple-assign-key-eval	artifacts/choice-trace-before/wire/maps__tuple-assign-key-eval.json	mapTupleAssignKeyEval	-	default;default;default;default;default;default
maps/tuple-map-expr-targets	artifacts/choice-trace-before/wire/maps__tuple-map-expr-targets.json	mapTupleMapExprTargets	-	default;default;default;default;default;default
maps/tuple-rhs-before-target-write	artifacts/choice-trace-before/wire/maps__tuple-rhs-before-target-write.json	mapTupleRhsBeforeTargetWrite	-	default;default;default;default;default;default
maps/tuple-swap-values	artifacts/choice-trace-before/wire/maps__tuple-swap-values.json	mapTupleSwapValues	-	default;default;default;default;default;default
maps/update-during-range	artifacts/choice-trace-before/wire/maps__update-during-range.json	mapUpdateDuringRange	-	default;9;1;5;47062;45548
methods/alias-promoted-method-expression/promoted	artifacts/choice-trace-before/wire/methods__alias-promoted-method-expression__promoted.json	aliasPromotedMethodExpression	-	default;default;default;default;default;default
methods/alias-promoted-method-expression/direct	artifacts/choice-trace-before/wire/methods__alias-promoted-method-expression__direct.json	aliasDirectMethodExpression	-	default;default;default;default;default;default
methods/defined-int-receiver	artifacts/choice-trace-before/wire/methods__defined-int-receiver.json	definedIntReceiver	-	default;default;default;default;default;default
methods/defined-map-receiver	artifacts/choice-trace-before/wire/methods__defined-map-receiver.json	definedMapReceiver	-	default;9,8;1,3;5,5;47062,17241;45548,4010
methods/embedded-interface-satisfaction	artifacts/choice-trace-before/wire/methods__embedded-interface-satisfaction.json	embeddedInterfaceSatisfaction	-	default;default;default;default;default;default
methods/interface-dispatch	artifacts/choice-trace-before/wire/methods__interface-dispatch.json	methodInterfaceDispatch	-	default;default;default;default;default;default
methods/method-expr-call-position/value-receiver	artifacts/choice-trace-before/wire/methods__method-expr-call-position__value-receiver.json	mecValueCall	-	default;default;default;default;default;default
methods/method-expr-call-position/pointer-receiver	artifacts/choice-trace-before/wire/methods__method-expr-call-position__pointer-receiver.json	mecPointerCall	-	default;default;default;default;default;default
methods/method-expr-call-position/interface-receiver	artifacts/choice-trace-before/wire/methods__method-expr-call-position__interface-receiver.json	mecIfaceCall	-	default;default;default;default;default;default
methods/method-expr-call-position/promoted	artifacts/choice-trace-before/wire/methods__method-expr-call-position__promoted.json	mecPromotedCall	-	default;default;default;default;default;default
methods/method-expr-call-position/call-order	artifacts/choice-trace-before/wire/methods__method-expr-call-position__call-order.json	mecCallOrder	-	default;default;default;default;default;default
methods/method-expression	artifacts/choice-trace-before/wire/methods__method-expression.json	methodExpression	-	default;default;default;default;default;default
methods/method-value-capture-vs-pointer	artifacts/choice-trace-before/wire/methods__method-value-capture-vs-pointer.json	methodValueCaptureVsPointer	-	default;default;default;default;default;default
methods/method-value-copy	artifacts/choice-trace-before/wire/methods__method-value-copy.json	methodValueCopy	-	default;default;default;default;default;default
methods/method-value-read	artifacts/choice-trace-before/wire/methods__method-value-read.json	methodValueRead	-	default;default;default;default;default;default
methods/multi-return-method	artifacts/choice-trace-before/wire/methods__multi-return-method.json	multiReturnMethod	-	default;default;default;default;default;default
methods/nil-pointer-method-value	artifacts/choice-trace-before/wire/methods__nil-pointer-method-value.json	nilPointerMethodValue	-	default;default;default;default;default;default
methods/nil-receiver	artifacts/choice-trace-before/wire/methods__nil-receiver.json	nilReceiver	-	default;default;default;default;default;default
methods/nil-receiver-interface-dispatch	artifacts/choice-trace-before/wire/methods__nil-receiver-interface-dispatch.json	nilReceiverInterfaceDispatch	-	default;default;default;default;default;default
methods/nil-value-receiver-method-value	artifacts/choice-trace-before/wire/methods__nil-value-receiver-method-value.json	nilValueReceiverMethodValue	-	default;default;default;default;default;default
methods/pointer-auto-address	artifacts/choice-trace-before/wire/methods__pointer-auto-address.json	pointerReceiverAutoAddress	-	default;default;default;default;default;default
methods/pointer-method-expression	artifacts/choice-trace-before/wire/methods__pointer-method-expression.json	pointerMethodExpression	-	default;default;default;default;default;default
methods/pointer-method-value	artifacts/choice-trace-before/wire/methods__pointer-method-value.json	pointerMethodValue	-	default;default;default;default;default;default
methods/pointer-method-value-live	artifacts/choice-trace-before/wire/methods__pointer-method-value-live.json	pointerMethodValueLive	-	default;default;default;default;default;default
methods/pointer-method-value-read	artifacts/choice-trace-before/wire/methods__pointer-method-value-read.json	pointerMethodValueRead	-	default;default;default;default;default;default
methods/pointer-receiver-array-element	artifacts/choice-trace-before/wire/methods__pointer-receiver-array-element.json	pointerReceiverArrayElement	-	default;default;default;default;default;default
methods/pointer-receiver-method-set	artifacts/choice-trace-before/wire/methods__pointer-receiver-method-set.json	pointerReceiverMethodSet	-	default;default;default;default;default;default
methods/pointer-receiver-slice-element	artifacts/choice-trace-before/wire/methods__pointer-receiver-slice-element.json	pointerReceiverSliceElement	-	default;default;default;default;default;default
methods/quarantine-embedded/promoted-good	artifacts/choice-trace-before/wire/methods__quarantine-embedded__promoted-good.json	quarantinePromotedGood	-	default;default;default;default;default;default
methods/quarantine-embedded/promoted-satisfies	artifacts/choice-trace-before/wire/methods__quarantine-embedded__promoted-satisfies.json	quarantinePromotedSatisfies	-	default;default;default;default;default;default
methods/quarantine-embedded/promoted-call	artifacts/choice-trace-before/wire/methods__quarantine-embedded__promoted-call.json	quarantinePromotedCall	-	default;default;default;default;default;default
methods/quarantine-imported-type-residue/unrelated	artifacts/choice-trace-before/wire/methods__quarantine-imported-type-residue__unrelated.json	unrelated	-	default;default;default;default;default;default
methods/quarantine-imported-type-residue/uses-reflect	artifacts/choice-trace-before/wire/methods__quarantine-imported-type-residue__uses-reflect.json	usesReflect	-	default;default;default;default;default;default
methods/quarantine-interface/satisfies	artifacts/choice-trace-before/wire/methods__quarantine-interface__satisfies.json	quarantineIfaceSatisfies	-	default;default;default;default;default;default
methods/quarantine-interface/dispatch-good	artifacts/choice-trace-before/wire/methods__quarantine-interface__dispatch-good.json	quarantineIfaceDispatchGood	-	default;default;default;default;default;default
methods/quarantine-interface/dispatch-quarantined	artifacts/choice-trace-before/wire/methods__quarantine-interface__dispatch-quarantined.json	quarantineIfaceDispatchBad	-	default;default;default;default;default;default
methods/quarantine-pointer-receiver/value-not-satisfies	artifacts/choice-trace-before/wire/methods__quarantine-pointer-receiver__value-not-satisfies.json	quarantinePtrValueNotSatisfies	-	default;default;default;default;default;default
methods/quarantine-pointer-receiver/pointer-satisfies	artifacts/choice-trace-before/wire/methods__quarantine-pointer-receiver__pointer-satisfies.json	quarantinePtrSatisfies	-	default;default;default;default;default;default
methods/quarantine-pointer-receiver/pointer-call	artifacts/choice-trace-before/wire/methods__quarantine-pointer-receiver__pointer-call.json	quarantinePtrCall	-	default;default;default;default;default;default
methods/quarantine-sibling/good-method	artifacts/choice-trace-before/wire/methods__quarantine-sibling__good-method.json	quarantineSiblingMethod	-	default;default;default;default;default;default
methods/quarantine-sibling/plain-func	artifacts/choice-trace-before/wire/methods__quarantine-sibling__plain-func.json	quarantineSiblingPlain	-	default;default;default;default;default;default
methods/quarantine-sibling/quarantined-call	artifacts/choice-trace-before/wire/methods__quarantine-sibling__quarantined-call.json	quarantineSiblingCall	-	default;default;default;default;default;default
methods/recursive-method	artifacts/choice-trace-before/wire/methods__recursive-method.json	recursiveMethod	-	default;default;default;default;default;default
methods/recv-implicit-addr-deref/explicit-call-nil	artifacts/choice-trace-before/wire/methods__recv-implicit-addr-deref__explicit-call-nil.json	explicitCallNil	-	default;default;default;default;default;default
methods/recv-implicit-addr-deref/method-value-nil	artifacts/choice-trace-before/wire/methods__recv-implicit-addr-deref__method-value-nil.json	methodValueNil	-	default;default;default;default;default;default
methods/recv-implicit-addr-deref/non-nil-control	artifacts/choice-trace-before/wire/methods__recv-implicit-addr-deref__non-nil-control.json	nonNilControl	-	default;default;default;default;default;default
methods/recv-implicit-addr-deref/sync-recv-nil	artifacts/choice-trace-before/wire/methods__recv-implicit-addr-deref__sync-recv-nil.json	syncRecvNil	-	default;default;default;default;default;default
methods/same-name-method-closures	artifacts/choice-trace-before/wire/methods__same-name-method-closures.json	sameNameMethodClosures	-	default;default;default;default;default;default
methods/signature-basic-unlowerable/iface-uncalled	artifacts/choice-trace-before/wire/methods__signature-basic-unlowerable__iface-uncalled.json	ifaceUncalled	-	default;default;default;default;default;default
methods/signature-basic-unlowerable/iface-called	artifacts/choice-trace-before/wire/methods__signature-basic-unlowerable__iface-called.json	ifaceCalled	-	default;default;default;default;default;default
methods/signature-basic-unlowerable/func-uncalled	artifacts/choice-trace-before/wire/methods__signature-basic-unlowerable__func-uncalled.json	funcUncalled	-	default;default;default;default;default;default
methods/signature-basic-unlowerable/func-called	artifacts/choice-trace-before/wire/methods__signature-basic-unlowerable__func-called.json	funcCalled	-	default;default;default;default;default;default
methods/signature-basic-unlowerable/method-uncalled	artifacts/choice-trace-before/wire/methods__signature-basic-unlowerable__method-uncalled.json	methodUncalled	-	default;default;default;default;default;default
methods/signature-basic-unlowerable/method-called	artifacts/choice-trace-before/wire/methods__signature-basic-unlowerable__method-called.json	methodCalled	-	default;default;default;default;default;default
methods/value-auto-deref	artifacts/choice-trace-before/wire/methods__value-auto-deref.json	valueReceiverAutoDeref	-	default;default;default;default;default;default
methods/value-receiver-via-pointer-var/addr-of-var	artifacts/choice-trace-before/wire/methods__value-receiver-via-pointer-var__addr-of-var.json	valueRecvViaPointerVar	-	default;default;default;default;default;default
methods/value-receiver-via-pointer-var/addr-of-literal	artifacts/choice-trace-before/wire/methods__value-receiver-via-pointer-var__addr-of-literal.json	valueRecvViaPointerLiteral	-	default;default;default;default;default;default
multi-assign/blank-dep-index	artifacts/choice-trace-before/wire/multi-assign__blank-dep-index.json	blankDepIndex	-	default;default;default;default;default;default
multi-assign/blank-discard-nonint	artifacts/choice-trace-before/wire/multi-assign__blank-discard-nonint.json	blankDiscardNonint	-	default;default;default;default;default;default
multi-assign/call-return-assignment	artifacts/choice-trace-before/wire/multi-assign__call-return-assignment.json	callReturnAssignment	-	default;default;default;default;default;default
multi-assign/call-write-back/effects-suppressed	artifacts/choice-trace-before/wire/multi-assign__call-write-back__effects-suppressed.json	callTargetSuppressesEffects	-	default;default;default;default;default;default
multi-assign/call-write-back/panic-identity	artifacts/choice-trace-before/wire/multi-assign__call-write-back__panic-identity.json	callPanicIdentity	-	default;default;default;default;default;default
multi-assign/call-write-back/nil-field-store	artifacts/choice-trace-before/wire/multi-assign__call-write-back__nil-field-store.json	callNilFieldStore	-	default;default;default;default;default;default
multi-assign/call-write-back-order/index-missed-panic	artifacts/choice-trace-before/wire/multi-assign__call-write-back-order__index-missed-panic.json	indexMissedPanic	-	default;default;default;default;default;default
multi-assign/call-write-back-order/index-spurious-panic	artifacts/choice-trace-before/wire/multi-assign__call-write-back-order__index-spurious-panic.json	indexSpuriousPanic	-	default;default;default;default;default;default
multi-assign/call-write-back-order/global-index	artifacts/choice-trace-before/wire/multi-assign__call-write-back-order__global-index.json	globalIndex	-	default;default;default;default;default;default
multi-assign/call-write-back-order/deref-target	artifacts/choice-trace-before/wire/multi-assign__call-write-back-order__deref-target.json	derefTarget	-	default;default;default;default;default;default
multi-assign/call-write-back-order/slice-header-base	artifacts/choice-trace-before/wire/multi-assign__call-write-back-order__slice-header-base.json	sliceHeaderBase	-	default;default;default;default;default;default
multi-assign/call-write-back-order/hoisted-control	artifacts/choice-trace-before/wire/multi-assign__call-write-back-order__hoisted-control.json	hoistedControl	-	default;default;default;default;default;default
multi-assign/call-write-back-order-value/index-target	artifacts/choice-trace-before/wire/multi-assign__call-write-back-order-value__index-target.json	valueCallIndexTarget	-	default;default;default;default;default;default
multi-assign/call-write-back-order-value/deref-target	artifacts/choice-trace-before/wire/multi-assign__call-write-back-order-value__deref-target.json	valueCallDerefTarget	-	default;default;default;default;default;default
multi-assign/chain-field-over-index	artifacts/choice-trace-before/wire/multi-assign__chain-field-over-index.json	chainFieldOverIndex	-	default;default;default;default;default;default
multi-assign/chain-field-over-index/nil-slice-field	artifacts/choice-trace-before/wire/multi-assign__chain-field-over-index__nil-slice-field.json	chainNilSliceField	-	default;default;default;default;default;default
multi-assign/chain-field-over-index/array-field	artifacts/choice-trace-before/wire/multi-assign__chain-field-over-index__array-field.json	chainArrayField	-	default;default;default;default;default;default
multi-assign/chain-field-over-index/array-nested	artifacts/choice-trace-before/wire/multi-assign__chain-field-over-index__array-nested.json	chainArrayNested	-	default;default;default;default;default;default
multi-assign/chain-field-over-index/inner-value-guard	artifacts/choice-trace-before/wire/multi-assign__chain-field-over-index__inner-value-guard.json	chainInnerValueGuard	-	default;default;default;default;default;default
multi-assign/comma-ok-forms/map-oob	artifacts/choice-trace-before/wire/multi-assign__comma-ok-forms__map-oob.json	commaOkMapOob	-	default;default;default;default;default;default
multi-assign/comma-ok-forms/assert-nil-field	artifacts/choice-trace-before/wire/multi-assign__comma-ok-forms__assert-nil-field.json	commaOkAssertNilField	-	default;default;default;default;default;default
multi-assign/comma-ok-forms/dep-index	artifacts/choice-trace-before/wire/multi-assign__comma-ok-forms__dep-index.json	commaOkDepIndex	-	default;default;default;default;default;default
multi-assign/deref-target-before-rhs	artifacts/choice-trace-before/wire/multi-assign__deref-target-before-rhs.json	derefTargetBeforeRHS	-	default;default;default;default;default;default
multi-assign/field-nil-store-time	artifacts/choice-trace-before/wire/multi-assign__field-nil-store-time.json	plainFieldNilStoreTime	-	default;default;default;default;default;default
multi-assign/index-target-rhs-call-order	artifacts/choice-trace-before/wire/multi-assign__index-target-rhs-call-order.json	indexTargetRhsCallOrder	-	default;default;default;default;default;default
multi-assign/lhs-index-eval-order	artifacts/choice-trace-before/wire/multi-assign__lhs-index-eval-order.json	multiAssignLhsIndexEvalOrder	-	default;default;default;default;default;default
multi-assign/repeated-index-write	artifacts/choice-trace-before/wire/multi-assign__repeated-index-write.json	repeatedIndexWrite	-	default;default;default;default;default;default
multi-assign/repeated-variable-write	artifacts/choice-trace-before/wire/multi-assign__repeated-variable-write.json	repeatedVariableWrite	-	default;default;default;default;default;default
multi-assign/rhs-before-writes	artifacts/choice-trace-before/wire/multi-assign__rhs-before-writes.json	multiAssignRhsBeforeWrites	-	default;default;default;default;default;default
multi-assign/selector-target-before-rhs	artifacts/choice-trace-before/wire/multi-assign__selector-target-before-rhs.json	selectorTargetBeforeRHS	-	default;default;default;default;default;default
multi-assign/store-order-plain	artifacts/choice-trace-before/wire/multi-assign__store-order-plain.json	plainSecondTargetPanicStoresFirst	-	default;default;default;default;default;default
multi-assign/target-eval-before-call	artifacts/choice-trace-before/wire/multi-assign__target-eval-before-call.json	multiAssignTargetEvalBeforeCall	-	default;default;default;default;default;default
multi-assign/tuple-assign-order	artifacts/choice-trace-before/wire/multi-assign__tuple-assign-order.json	tupleAssignOrder	-	default;default;default;default;default;default
multipkg/cross-const	artifacts/choice-trace-before/wire/multipkg__cross-const.json	crossConst	-	default;default;default;default;default;default
multipkg/cross-func-call	artifacts/choice-trace-before/wire/multipkg__cross-func-call.json	crossFuncCall	-	default;default;default;default;default;default
multipkg/cross-type-method	artifacts/choice-trace-before/wire/multipkg__cross-type-method.json	crossTypeMethod	-	default;default;default;default;default;default
multipkg/cross-var	artifacts/choice-trace-before/wire/multipkg__cross-var.json	crossVarStore	-	default;default;default;default;default;default
multipkg/diamond-import	artifacts/choice-trace-before/wire/multipkg__diamond-import.json	diamondImport	-	default;default;default;default;default;default
multipkg/errors-new/identity-across	artifacts/choice-trace-before/wire/multipkg__errors-new__identity-across.json	mpErrIdentityAcross	-	default;default;default;default;default;default
multipkg/errors-new/distinct-across	artifacts/choice-trace-before/wire/multipkg__errors-new__distinct-across.json	mpErrDistinctAcross	-	default;default;default;default;default;default
multipkg/errors-new/text-across	artifacts/choice-trace-before/wire/multipkg__errors-new__text-across.json	mpErrTextAcross	-	default;default;default;default;default;default
multipkg/init-order	artifacts/choice-trace-before/wire/multipkg__init-order.json	initOrder	-	default;default;default;default;default;default
multipkg/init-order-pruned/static	artifacts/choice-trace-before/wire/multipkg__init-order-pruned__static.json	prunedStaticSeq	-	default;default;default;default;default;default
multipkg/init-order-pruned/dynamic	artifacts/choice-trace-before/wire/multipkg__init-order-pruned__dynamic.json	prunedDynamicSeq	-	default;default;default;default;default;default
multipkg/init-order-pruned-stdlib/seq	artifacts/choice-trace-before/wire/multipkg__init-order-pruned-stdlib__seq.json	prunedStdlibSeq	-	default;default;default;default;default;default
multipkg/init-order-staticinit/seq	artifacts/choice-trace-before/wire/multipkg__init-order-staticinit__seq.json	staticinitSeq	-	default;default;default;default;default;default
multipkg/init-order-stdlib/seq	artifacts/choice-trace-before/wire/multipkg__init-order-stdlib__seq.json	initStdlibSeq	-	default;default;default;default;default;default
multipkg/init-order-stdlib/marks	artifacts/choice-trace-before/wire/multipkg__init-order-stdlib__marks.json	initStdlibMarks	-	default;default;default;default;default;default
multipkg/init-order-tiebreak/seq	artifacts/choice-trace-before/wire/multipkg__init-order-tiebreak__seq.json	tiebreakSeq	-	default;default;default;default;default;default
multipkg/inittask-escape	artifacts/choice-trace-before/wire/multipkg__inittask-escape.json	inittaskEscape	-	default;default;default;default;default;default
multipkg/inittask-escape-closure	artifacts/choice-trace-before/wire/multipkg__inittask-escape-closure.json	inittaskEscapeClosure	-	default;default;default;default;default;default
multipkg/inittask-escape-single	artifacts/choice-trace-before/wire/multipkg__inittask-escape-single.json	inittaskEscapeSingle	-	default;default;default;default;default;default
multipkg/mini-raft-twin/elect-propose-commit	artifacts/choice-trace-before/wire/multipkg__mini-raft-twin__elect-propose-commit.json	twinElectProposeCommit	-	default;9,8,7,6,5,4,3,2,1,0;1,3,5,7,9,2,4,6,8,0;5,5,5,5,5,5,5,5;47062,17241,28876,43750,15194,49395,23194,43254,9513,31674,16891,46322,48508,4896,44218,28684,13594,1567,27860,25141,14699,15757,19422,56162,37437,22448,3876,40608;45548,4010,42376,18520,53319,16971,27516,38438,7281,33498,29351,49938,42482,40450,61504,34554,5354,61997,38926,27463,6056,51174,39660,27994,12013,59686,47063
multipkg/mini-raft-twin/perturb-rev	artifacts/choice-trace-before/wire/multipkg__mini-raft-twin__perturb-rev.json	twinPerturbRev	-	default;9,8,7,6,5,4,3,2,1,0;1,3,5,7,9,2,4,6,8,0;5,5,5,5,5,5,5,5;47062,17241,28876,43750,15194,49395,23194,43254,9513,31674,16891,46322,48508,4896,44218,28684,13594,1567,27860,25141;45548,4010,42376,18520,53319,16971,27516,38438,7281,33498,29351,49938,42482,40450,61504,34554,5354,61997,38926
multipkg/mini-raft-twin/perturb-picks	artifacts/choice-trace-before/wire/multipkg__mini-raft-twin__perturb-picks.json	twinPerturbPicks	-	default;9,8,7,6,5,4,3,2,1,0;1,3,5,7,9,2,4,6,8,0;5,5,5,5,5,5,5,5;47062,17241,28876,43750,15194,49395,23194,43254,9513,31674,16891,46322,48508,4896;45548,4010,42376,18520,53319,16971,27516,38438,7281,33498,29351,49938,42482,40450
multipkg/mini-raft-twin/starve-node	artifacts/choice-trace-before/wire/multipkg__mini-raft-twin__starve-node.json	twinStarveNode	-	default;9,8,7,6,5,4,3,2,1,0;1,3,5,7,9,2,4,6,8,0;5,5,5,5,5,5,5,5;47062,17241,28876,43750,15194,49395,23194,43254,9513,31674,16891,46322,48508,4896,44218,28684,13594,1567,27860,25141;45548,4010,42376,18520,53319,16971,27516,38438,7281,33498,29351,49938,42482,40450,61504,34554,5354,61997,38926,27463
multipkg/mini-raft-twin/duel	artifacts/choice-trace-before/wire/multipkg__mini-raft-twin__duel.json	twinDuel	-	default;9,8,7,6,5,4,3,2,1;1,3,5,7,9,2,4,6,8;5,5,5,5,5,5,5,5;47062,17241,28876,43750,15194,49395,23194,43254,9513;45548,4010,42376,18520,53319,16971,27516,38438,7281
multipkg/mini-raft-twin/choice-order	artifacts/choice-trace-before/wire/multipkg__mini-raft-twin__choice-order.json	twinChoiceOrder	-	default;9,8,7;1,3,5;5,5,5;47062,17241,28876;45548,4010,42376
multipkg/nil-value-method-text	artifacts/choice-trace-before/wire/multipkg__nil-value-method-text.json	crossPkgValueMethodNilPtr	-	default;9;1;5;47062;45548
multipkg/same-name-identity/type-identity	artifacts/choice-trace-before/wire/multipkg__same-name-identity__type-identity.json	sameNameTypeIdentity	-	default;default;default;default;default;default
multipkg/same-name-identity/func-identity	artifacts/choice-trace-before/wire/multipkg__same-name-identity__func-identity.json	sameNameFuncIdentity	-	default;default;default;default;default;default
multipkg/same-name-identity-panic	artifacts/choice-trace-before/wire/multipkg__same-name-identity-panic.json	sameNameIdentityPanic	-	default;default;default;default;default;default
multipkg/same-name-identity-panic/forced-half	artifacts/choice-trace-before/wire/multipkg__same-name-identity-panic__forced-half.json	sameNameForcedHalf	-	default;default;default;default;default;default
multipkg/wire-codec/roundtrip	artifacts/choice-trace-before/wire/multipkg__wire-codec__roundtrip.json	codecRoundTrip	-	default;9;1,3;5,5;47062;45548
multipkg/wire-codec/size	artifacts/choice-trace-before/wire/multipkg__wire-codec__size.json	codecSize	-	default;9,8,7;1,3,5,7;5,5,5;47062,17241;45548,4010,42376
multipkg/wire-codec/golden	artifacts/choice-trace-before/wire/multipkg__wire-codec__golden.json	codecGolden	-	default;9;1;5;47062;45548
multipkg/wire-codec/unknown-skip	artifacts/choice-trace-before/wire/multipkg__wire-codec__unknown-skip.json	codecUnknownSkip	-	default;default;default;default;default;default
multipkg/wire-codec/malformed	artifacts/choice-trace-before/wire/multipkg__wire-codec__malformed.json	codecMalformed	-	default;default;default;default;default;default
native-smoke/arith	artifacts/choice-trace-before/wire/native-smoke__arith.json	smoke	-	default;default;default;default;default;default
native-smoke/maprange	artifacts/choice-trace-before/wire/native-smoke__maprange.json	mapRangeSmoke	-	default;9,8,6,5;1,3,7,9;5,5,5,5;47062,17241,43750,15194;45548,4010,18520,53319
native-smoke/method	artifacts/choice-trace-before/wire/native-smoke__method.json	methodSmoke	-	default;default;default;default;default;default
new/new-basic	artifacts/choice-trace-before/wire/new__new-basic.json	newBasic	-	default;default;default;default;default;default
new/new-distinct-allocations	artifacts/choice-trace-before/wire/new__new-distinct-allocations.json	newDistinctAllocations	-	default;default;default;default;default;default
new/new-expr/typed-value	artifacts/choice-trace-before/wire/new__new-expr__typed-value.json	newExprTypedValue	-	default;default;default;default;default;default
new/new-expr/untyped-defaults	artifacts/choice-trace-before/wire/new__new-expr__untyped-defaults.json	newExprUntypedDefaults	-	default;default;default;default;default;default
new/new-expr/eval-once	artifacts/choice-trace-before/wire/new__new-expr__eval-once.json	newExprEvalOnce	-	default;default;default;default;default;default
new/new-expr/composite-operand	artifacts/choice-trace-before/wire/new__new-expr__composite-operand.json	newExprCompositeOperand	-	default;default;default;default;default;default
new/new-expr/generic-operand	artifacts/choice-trace-before/wire/new__new-expr__generic-operand.json	newExprGeneric	-	default;default;default;default;default;default
new/new-expr/distinct-pointers	artifacts/choice-trace-before/wire/new__new-expr__distinct-pointers.json	newExprDistinctPointers	-	default;default;default;default;default;default
new/new-map-vs-make	artifacts/choice-trace-before/wire/new__new-map-vs-make.json	newMapVsMake	-	default;default;default;default;default;default
new/new-nil-values	artifacts/choice-trace-before/wire/new__new-nil-values.json	newNilValues	-	default;default;default;default;default;default
new/new-slice-pointer	artifacts/choice-trace-before/wire/new__new-slice-pointer.json	newSlicePointer	-	default;9;1;5;47062;45548
new/new-struct	artifacts/choice-trace-before/wire/new__new-struct.json	newStruct	-	default;default;default;default;default;default
noodler/arith/minint-div-neg-one	artifacts/choice-trace-before/wire/noodler__arith__minint-div-neg-one.json	minIntDivNegOne	-	default;default;default;default;default;default
noodler/arith/truncated-division	artifacts/choice-trace-before/wire/noodler__arith__truncated-division.json	truncatedDivisionSigns	-	default;default;default;default;default;default
noodler/arith/arith-shift-negative	artifacts/choice-trace-before/wire/noodler__arith__arith-shift-negative.json	arithmeticShiftNegative	-	default;default;default;default;default;default
noodler/arith/shift-past-width	artifacts/choice-trace-before/wire/noodler__arith__shift-past-width.json	shiftPastWidth	-	default;default;default;default;default;default
noodler/arith/untyped-one-shift	artifacts/choice-trace-before/wire/noodler__arith__untyped-one-shift.json	untypedOneShiftContext	-	default;default;default;default;default;default
noodler/arith/signed-shift-count	artifacts/choice-trace-before/wire/noodler__arith__signed-shift-count.json	signedShiftCount	-	default;default;default;default;default;default
noodler/arith/incdec-wraps	artifacts/choice-trace-before/wire/noodler__arith__incdec-wraps.json	incDecWraps	-	default;default;default;default;default;default
noodler/arith/mul-overflow	artifacts/choice-trace-before/wire/noodler__arith__mul-overflow.json	mulOverflowWrap	-	default;default;default;default;default;default
noodler/arith/unary-unsigned	artifacts/choice-trace-before/wire/noodler__arith__unary-unsigned.json	unaryOnUnsigned	-	default;default;default;default;default;default
noodler/arith/bit-clear	artifacts/choice-trace-before/wire/noodler__arith__bit-clear.json	bitClearOps	-	default;default;default;default;default;default
noodler/arith/masked-shift	artifacts/choice-trace-before/wire/noodler__arith__masked-shift.json	maskedShiftCount	-	default;default;default;default;default;default
noodler/arith/compound-index-order	artifacts/choice-trace-before/wire/noodler__arith__compound-index-order.json	compoundIndexAssignOrder	-	default;9;1;5;47062;45548
noodler/arith/modulo-by-zero	artifacts/choice-trace-before/wire/noodler__arith__modulo-by-zero.json	moduloByZero	3	default;default;default;default;default;default
noodler/arith/minint16-div	artifacts/choice-trace-before/wire/noodler__arith__minint16-div.json	minInt16DivNegOne	-	default;default;default;default;default;default
noodler/arith/overflow-then-divide	artifacts/choice-trace-before/wire/noodler__arith__overflow-then-divide.json	overflowThenDivide	-	default;default;default;default;default;default
noodler/arith/signed-unsigned-compare	artifacts/choice-trace-before/wire/noodler__arith__signed-unsigned-compare.json	signedUnsignedCompare	-	default;default;default;default;default;default
noodler/arith/unsigned-sub-wrap	artifacts/choice-trace-before/wire/noodler__arith__unsigned-sub-wrap.json	unsignedSubWrap	-	default;default;default;default;default;default
noodler/arith/shift-negative-left	artifacts/choice-trace-before/wire/noodler__arith__shift-negative-left.json	shiftNegativeLeft	-	default;default;default;default;default;default
noodler/arith/int8-counter-wrap	artifacts/choice-trace-before/wire/noodler__arith__int8-counter-wrap.json	int8CounterWrapTerminates	-	default;default;default;default;default;default
noodler/bounds/slice-high-past-cap	artifacts/choice-trace-before/wire/noodler__bounds__slice-high-past-cap.json	sliceHighPastCap	4	default;default;default;default;default;default
noodler/bounds/slice-low-past-high	artifacts/choice-trace-before/wire/noodler__bounds__slice-low-past-high.json	sliceLowPastHigh	3	default;default;default;default;default;default
noodler/bounds/slice-low-past-len	artifacts/choice-trace-before/wire/noodler__bounds__slice-low-past-len.json	sliceLowPastLen	4	default;default;default;default;default;default
noodler/bounds/three-index-max-past-cap	artifacts/choice-trace-before/wire/noodler__bounds__three-index-max-past-cap.json	threeIndexMaxPastCap	5	default;default;default;default;default;default
noodler/bounds/three-index-high-past-max	artifacts/choice-trace-before/wire/noodler__bounds__three-index-high-past-max.json	threeIndexHighPastMax	4	default;default;default;default;default;default
noodler/bounds/three-index-low-past-high	artifacts/choice-trace-before/wire/noodler__bounds__three-index-low-past-high.json	threeIndexLowPastHigh	3	default;default;default;default;default;default
noodler/bounds/string-slice-high-past-len	artifacts/choice-trace-before/wire/noodler__bounds__string-slice-high-past-len.json	stringSliceHighPastLen	5	default;default;default;default;default;default
noodler/bounds/string-slice-low-past-high	artifacts/choice-trace-before/wire/noodler__bounds__string-slice-low-past-high.json	stringSliceLowPastHigh	4	default;default;default;default;default;default
noodler/bounds/string-index-past-len	artifacts/choice-trace-before/wire/noodler__bounds__string-index-past-len.json	stringIndexPastLen	3	default;default;default;default;default;default
noodler/bounds/array-slice-high-past-len	artifacts/choice-trace-before/wire/noodler__bounds__array-slice-high-past-len.json	arraySliceHighPastLen	4	default;default;default;default;default;default
noodler/bounds/array-pointer-slice-high	artifacts/choice-trace-before/wire/noodler__bounds__array-pointer-slice-high.json	arrayPointerSliceHigh	4	default;default;default;default;default;default
noodler/bounds/array-pointer-index	artifacts/choice-trace-before/wire/noodler__bounds__array-pointer-index.json	arrayPointerIndex	3	default;default;default;default;default;default
noodler/bounds/index-negative	artifacts/choice-trace-before/wire/noodler__bounds__index-negative.json	indexNegativeViaVar	-1	default;default;default;default;default;default
noodler/bounds/slice-within-cap	artifacts/choice-trace-before/wire/noodler__bounds__slice-within-cap.json	sliceWithinCap	-	default;default;default;default;default;default
noodler/bounds/index-after-reslice	artifacts/choice-trace-before/wire/noodler__bounds__index-after-reslice.json	indexAfterReslice	-	default;default;default;default;default;default
noodler/bounds/nil-slice-slicing	artifacts/choice-trace-before/wire/noodler__bounds__nil-slice-slicing.json	nilSliceSlicing	-	default;default;default;default;default;default
noodler/bounds/nested-index-panic	artifacts/choice-trace-before/wire/noodler__bounds__nested-index-panic.json	nestedIndexPanic	2	default;default;default;default;default;default
noodler/bounds/string-index-uint-kind	artifacts/choice-trace-before/wire/noodler__bounds__string-index-uint-kind.json	stringIndexUintKind	200	default;default;default;default;default;default
noodler/bounds/make-negative-len	artifacts/choice-trace-before/wire/noodler__bounds__make-negative-len.json	makeNegativeLen	-1	default;default;default;default;default;default
noodler/bounds/slice-at-end	artifacts/choice-trace-before/wire/noodler__bounds__slice-at-end.json	sliceAtEnd	-	default;default;default;default;default;default
noodler/budget/recursion-1k	artifacts/choice-trace-before/wire/noodler__budget__recursion-1k.json	recursionDepth	1000	default;default;default;default;default;default
noodler/budget/recursion-5k	artifacts/choice-trace-before/wire/noodler__budget__recursion-5k.json	recursionDepth	5000	default;default;default;default;default;default
noodler/budget/loop-100k	artifacts/choice-trace-before/wire/noodler__budget__loop-100k.json	loopIterations	100000	default;default;default;default;default;default
noodler/budget/slice-1k	artifacts/choice-trace-before/wire/noodler__budget__slice-1k.json	bigSliceSum	1000	default;default;default;default;default;default
noodler/budget/map-20k	artifacts/choice-trace-before/wire/noodler__budget__map-20k.json	mapInsertions	20000	default;default;default;default;default;default
noodler/budget/string-build-5k	artifacts/choice-trace-before/wire/noodler__budget__string-build-5k.json	stringBuild	5000	default;default;default;default;default;default
noodler/builtins/min-max-float-specials	artifacts/choice-trace-before/wire/noodler__builtins__min-max-float-specials.json	minMaxFloatSpecials	-	default;default;default;default;default;default
noodler/builtins/min-max-strings-ints	artifacts/choice-trace-before/wire/noodler__builtins__min-max-strings-ints.json	minMaxStringsInts	-	default;default;default;default;default;default
noodler/builtins/min-max-single-defined	artifacts/choice-trace-before/wire/noodler__builtins__min-max-single-defined.json	minMaxSingleDefined	-	default;default;default;default;default;default
noodler/builtins/clear-slice-kinds	artifacts/choice-trace-before/wire/noodler__builtins__clear-slice-kinds.json	clearSliceKinds	-	default;default;default;default;default;default
noodler/builtins/clear-nils	artifacts/choice-trace-before/wire/noodler__builtins__clear-nils.json	clearNils	-	default;default;default;default;default;default
noodler/builtins/clear-subslice	artifacts/choice-trace-before/wire/noodler__builtins__clear-subslice.json	clearSubslice	-	default;default;default;default;default;default
noodler/builtins/copy-string-to-bytes	artifacts/choice-trace-before/wire/noodler__builtins__copy-string-to-bytes.json	copyStringToBytes	-	default;default;default;default;default;default
noodler/builtins/copy-overlap-both-ways	artifacts/choice-trace-before/wire/noodler__builtins__copy-overlap-both-ways.json	copyOverlapBothWays	-	default;default;default;default;default;default
noodler/builtins/append-nil-cases	artifacts/choice-trace-before/wire/noodler__builtins__append-nil-cases.json	appendNilCases	-	default;9;1;5;47062;45548
noodler/builtins/append-aliasing-within-cap	artifacts/choice-trace-before/wire/noodler__builtins__append-aliasing-within-cap.json	appendAliasingWithinCap	-	default;default;default;default;default;default
noodler/builtins/append-string-spread	artifacts/choice-trace-before/wire/noodler__builtins__append-string-spread.json	appendStringSpread	-	default;9;1;5;47062;45548
noodler/builtins/len-cap-zero-values	artifacts/choice-trace-before/wire/noodler__builtins__len-cap-zero-values.json	lenCapZeroValues	-	default;default;default;default;default;default
noodler/builtins/new-kinds	artifacts/choice-trace-before/wire/noodler__builtins__new-kinds.json	newKinds	-	default;default;default;default;default;default
noodler/builtins/append-growth-len	artifacts/choice-trace-before/wire/noodler__builtins__append-growth-len.json	appendGrowthLen	-	default;9,8,7,6;1,3,5,7,9;5,5,5,5;47062,17241,28876;45548,4010,42376
noodler/builtins/copy-min-length	artifacts/choice-trace-before/wire/noodler__builtins__copy-min-length.json	copyMinLength	-	default;default;default;default;default;default
noodler/builtins/min-max-untyped-float	artifacts/choice-trace-before/wire/noodler__builtins__min-max-untyped-float.json	minMaxUntypedWithFloat	-	default;default;default;default;default;default
noodler/builtins/delete-noops	artifacts/choice-trace-before/wire/noodler__builtins__delete-noops.json	deleteNoops	-	default;default;default;default;default;default
noodler/builtins/cap-after-slicing	artifacts/choice-trace-before/wire/noodler__builtins__cap-after-slicing.json	capAfterSlicing	-	default;default;default;default;default;default
noodler/builtins/min-max-integer-boundaries	artifacts/choice-trace-before/wire/noodler__builtins__min-max-integer-boundaries.json	minMaxIntegerBoundaries	-	default;default;default;default;default;default
noodler/closures/three-clause-body-mod	artifacts/choice-trace-before/wire/noodler__closures__three-clause-body-mod.json	threeClauseBodyModification	-	default;9;1;5;47062;45548
noodler/closures/closure-modifies-own	artifacts/choice-trace-before/wire/noodler__closures__closure-modifies-own.json	closureModifiesOwnIteration	-	default;9;1;5;47062;45548
noodler/closures/defers-per-iteration	artifacts/choice-trace-before/wire/noodler__closures__defers-per-iteration.json	defersCapturePerIteration	-	default;default;default;default;default;default
noodler/closures/defer-modifies-loopvar	artifacts/choice-trace-before/wire/noodler__closures__defer-modifies-loopvar.json	deferModifiesLoopVar	-	default;default;default;default;default;default
noodler/closures/goroutines-loopvar	artifacts/choice-trace-before/wire/noodler__closures__goroutines-loopvar.json	goroutinesCaptureLoopVar	-	default;9,8,7,6,5,4,3,2,1,0;1,3,5,7,9,2,4,6,8,0;5,5,5,5,5,5,5,5;47062,17241,28876,43750,15194,49395,23194,43254,9513,31674,16891,46322,48508,4896,44218,28684,13594,1567,27860,25141,14699,15757,19422,56162,37437,22448,3876,40608,9553,6048,26527,42258,56348,53445,23694,5722,49866,13674,24796;45548,4010,42376,18520,53319,16971,27516,38438,7281,33498,29351,49938,42482,40450,61504,34554,5354,61997,38926,27463,6056,51174,39660,27994,12013,59686,47063,35114,16911,57411,51798,45524,30045,51110,24315,19449,19841,19132,42120,50900,26687,25260,10531,39583,52700,60260
noodler/closures/range-int-body-assign	artifacts/choice-trace-before/wire/noodler__closures__range-int-body-assign.json	rangeIntBodyAssign	-	default;default;default;default;default;default
noodler/closures/three-clause-body-count	artifacts/choice-trace-before/wire/noodler__closures__three-clause-body-count.json	threeClauseBodyAssignCount	-	default;default;default;default;default;default
noodler/closures/closure-named-result-return	artifacts/choice-trace-before/wire/noodler__closures__closure-named-result-return.json	closureWritesNamedResultInReturn	-	default;default;default;default;default;default
noodler/closures/recursive-closure	artifacts/choice-trace-before/wire/noodler__closures__recursive-closure.json	recursiveClosure	-	default;default;default;default;default;default
noodler/closures/independent-generators	artifacts/choice-trace-before/wire/noodler__closures__independent-generators.json	independentGenerators	-	default;default;default;default;default;default
noodler/closures/capture-by-reference	artifacts/choice-trace-before/wire/noodler__closures__capture-by-reference.json	captureByReference	-	default;default;default;default;default;default
noodler/closures/immediate-invocation	artifacts/choice-trace-before/wire/noodler__closures__immediate-invocation.json	immediateInvocation	-	default;default;default;default;default;default
noodler/closures/range-once-append	artifacts/choice-trace-before/wire/noodler__closures__range-once-append.json	rangeEvaluatedOnceAppend	-	default;9;1;5;47062;45548
noodler/closures/condition-closure	artifacts/choice-trace-before/wire/noodler__closures__condition-closure.json	conditionClosure	-	default;default;default;default;default;default
noodler/closures/closure-switch-clause	artifacts/choice-trace-before/wire/noodler__closures__closure-switch-clause.json	closureInSwitchClause	4	default;default;default;default;default;default
noodler/closures/closure-if-init	artifacts/choice-trace-before/wire/noodler__closures__closure-if-init.json	closureCapturesIfInit	-	default;default;default;default;default;default
noodler/closures/variadic-closure	artifacts/choice-trace-before/wire/noodler__closures__variadic-closure.json	variadicClosure	-	default;default;default;default;default;default
noodler/closures/continue-per-iteration	artifacts/choice-trace-before/wire/noodler__closures__continue-per-iteration.json	continueWithPerIteration	-	default;9;1;5;47062;45548
noodler/closures/range-string-capture	artifacts/choice-trace-before/wire/noodler__closures__range-string-capture.json	rangeStringCapture	-	default;9;1;5;47062;45548
noodler/closures/shared-outer-variable	artifacts/choice-trace-before/wire/noodler__closures__shared-outer-variable.json	sharedOuterVariable	-	default;9;1;5;47062;45548
noodler/conversions/bad-runes-len	artifacts/choice-trace-before/wire/noodler__conversions__bad-runes-len.json	stringFromBadRunes	-	default;default;default;default;default;default
noodler/conversions/bad-rune-bytes	artifacts/choice-trace-before/wire/noodler__conversions__bad-rune-bytes.json	stringFromBadRunesBytes	-	default;default;default;default;default;default
noodler/conversions/runes-invalid-utf8	artifacts/choice-trace-before/wire/noodler__conversions__runes-invalid-utf8.json	runesFromInvalidUTF8	-	default;default;default;default;default;default
noodler/conversions/runes-truncated	artifacts/choice-trace-before/wire/noodler__conversions__runes-truncated.json	runesFromTruncatedSequence	-	default;default;default;default;default;default
noodler/conversions/runes-overlong-surrogate	artifacts/choice-trace-before/wire/noodler__conversions__runes-overlong-surrogate.json	runesFromOverlongAndSurrogateBytes	-	default;default;default;default;default;default
noodler/conversions/runeslice-surrogate	artifacts/choice-trace-before/wire/noodler__conversions__runeslice-surrogate.json	stringFromRuneSliceWithSurrogate	-	default;default;default;default;default;default
noodler/conversions/range-invalid-width	artifacts/choice-trace-before/wire/noodler__conversions__range-invalid-width.json	rangeInvalidByteWidths	-	default;default;default;default;default;default
noodler/conversions/empty-string-nonnil	artifacts/choice-trace-before/wire/noodler__conversions__empty-string-nonnil.json	emptyStringToBytesIsNonNil	-	default;default;default;default;default;default
noodler/conversions/nil-slices-string	artifacts/choice-trace-before/wire/noodler__conversions__nil-slices-string.json	nilSlicesToString	-	default;default;default;default;default;default
noodler/conversions/string-of-int-kinds	artifacts/choice-trace-before/wire/noodler__conversions__string-of-int-kinds.json	stringOfIntKinds	-	default;default;default;default;default;default
noodler/conversions/float-to-int-trunc	artifacts/choice-trace-before/wire/noodler__conversions__float-to-int-trunc.json	floatToIntTruncation	-	default;default;default;default;default;default
noodler/conversions/int-to-float-round	artifacts/choice-trace-before/wire/noodler__conversions__int-to-float-round.json	intToFloatRounding	-	default;default;default;default;default;default
noodler/conversions/float32-vs-const	artifacts/choice-trace-before/wire/noodler__conversions__float32-vs-const.json	float32VsConstantArithmetic	-	default;default;default;default;default;default
noodler/conversions/narrowing-wraps	artifacts/choice-trace-before/wire/noodler__conversions__narrowing-wraps.json	narrowingWraps	-	default;default;default;default;default;default
noodler/conversions/float-to-unsigned	artifacts/choice-trace-before/wire/noodler__conversions__float-to-unsigned.json	floatToUnsignedInRange	-	default;default;default;default;default;default
noodler/conversions/string-compare-bytes	artifacts/choice-trace-before/wire/noodler__conversions__string-compare-bytes.json	stringCompareInvalidBytes	-	default;default;default;default;default;default
noodler/conversions/defined-string-bytes	artifacts/choice-trace-before/wire/noodler__conversions__defined-string-bytes.json	definedStringByteConversions	-	default;default;default;default;default;default
noodler/conversions/nil-slice-zero-array	artifacts/choice-trace-before/wire/noodler__conversions__nil-slice-zero-array.json	nilSliceToZeroArray	-	default;default;default;default;default;default
noodler/conversions/rune-arith-string	artifacts/choice-trace-before/wire/noodler__conversions__rune-arith-string.json	runeArithmeticToString	-	default;default;default;default;default;default
noodler/conversions/float-narrow-roundtrip	artifacts/choice-trace-before/wire/noodler__conversions__float-narrow-roundtrip.json	floatNarrowRoundTrip	-	default;default;default;default;default;default
noodler/conversions/big-unsigned-float32	artifacts/choice-trace-before/wire/noodler__conversions__big-unsigned-float32.json	bigUnsignedToFloat32	-	default;default;default;default;default;default
noodler/conversions/ties-to-even	artifacts/choice-trace-before/wire/noodler__conversions__ties-to-even.json	tiesToEven	-	default;default;default;default;default;default
noodler/defers/deferred-method-recovers	artifacts/choice-trace-before/wire/noodler__defers__deferred-method-recovers.json	deferredMethodRecovers	-	default;default;default;default;default;default
noodler/defers/deferred-method-value-recovers	artifacts/choice-trace-before/wire/noodler__defers__deferred-method-value-recovers.json	deferredMethodValueRecovers	-	default;default;default;default;default;default
noodler/defers/recover-via-func-value	artifacts/choice-trace-before/wire/noodler__defers__recover-via-func-value.json	recoverViaFuncValueIndirect	-	default;default;default;default;default;default
noodler/defers/recover-via-immediate-literal	artifacts/choice-trace-before/wire/noodler__defers__recover-via-immediate-literal.json	recoverViaImmediateLiteral	-	default;default;default;default;default;default
noodler/defers/panic-struct-payload	artifacts/choice-trace-before/wire/noodler__defers__panic-struct-payload.json	panicStructPayload	-	default;default;default;default;default;default
noodler/defers/panic-pointer-payload	artifacts/choice-trace-before/wire/noodler__defers__panic-pointer-payload.json	panicPointerPayload	-	default;default;default;default;default;default
noodler/defers/panic-custom-error	artifacts/choice-trace-before/wire/noodler__defers__panic-custom-error.json	panicCustomErrorPayload	-	default;default;default;default;default;default
noodler/defers/deferred-close	artifacts/choice-trace-before/wire/noodler__defers__deferred-close.json	deferredClose	-	default;default;default;default;default;default
noodler/defers/deferred-delete	artifacts/choice-trace-before/wire/noodler__defers__deferred-delete.json	deferredDelete	-	default;default;default;default;default;default
noodler/defers/goroutine-panic-aborts	artifacts/choice-trace-before/wire/noodler__defers__goroutine-panic-aborts.json	goroutinePanicAborts	-	default;9;1;5;47062,17241;45548,4010
noodler/defers/goroutine-recovers-own	artifacts/choice-trace-before/wire/noodler__defers__goroutine-recovers-own.json	goroutineRecoversOwnPanic	-	default;9,8,7,6,5,4;1,3,5;5,5,5;47062,17241,28876,43750;45548,4010,42376
noodler/defers/panic-not-cross-goroutine	artifacts/choice-trace-before/wire/noodler__defers__panic-not-cross-goroutine.json	panicNotCrossGoroutine	-	default;9,8,7,6;1,3,5;5,5,5;47062,17241,28876,43750;45548,4010,42376
noodler/defers/nested-recover-levels	artifacts/choice-trace-before/wire/noodler__defers__nested-recover-levels.json	nestedRecoverLevels	-	default;default;default;default;default;default
noodler/defers/second-defer-sees-nil	artifacts/choice-trace-before/wire/noodler__defers__second-defer-sees-nil.json	secondDeferSeesNil	-	default;default;default;default;default;default
noodler/defers/defer-args-vs-closure	artifacts/choice-trace-before/wire/noodler__defers__defer-args-vs-closure.json	deferArgsVsClosure	-	default;default;default;default;default;default
noodler/defers/panic-nil-recovered	artifacts/choice-trace-before/wire/noodler__defers__panic-nil-recovered.json	panicNilRecovered	-	default;default;default;default;default;default
noodler/defers/panic-inside-deferred-defer	artifacts/choice-trace-before/wire/noodler__defers__panic-inside-deferred-defer.json	panicInsideDeferredDefer	-	default;default;default;default;default;default
noodler/defers/recover-in-loop	artifacts/choice-trace-before/wire/noodler__defers__recover-in-loop.json	recoverInLoopContinues	-	default;default;default;default;default;default
noodler/evalorder/slice-literal	artifacts/choice-trace-before/wire/noodler__evalorder__slice-literal.json	sliceLiteralOrder	-	default;9;1;5;47062;45548
noodler/evalorder/map-literal	artifacts/choice-trace-before/wire/noodler__evalorder__map-literal.json	mapLiteralOrder	-	default;9;1;5;47062;45548
noodler/evalorder/struct-literal-reverse-keys	artifacts/choice-trace-before/wire/noodler__evalorder__struct-literal-reverse-keys.json	structLiteralReverseKeys	-	default;9;1;5;47062;45548
noodler/evalorder/func-value-before-args	artifacts/choice-trace-before/wire/noodler__evalorder__func-value-before-args.json	funcValueBeforeArgs	-	default;9;1;5;47062;45548
noodler/evalorder/receiver-before-args	artifacts/choice-trace-before/wire/noodler__evalorder__receiver-before-args.json	receiverBeforeArgs	-	default;9;1;5;47062;45548
noodler/evalorder/binary-operator-calls	artifacts/choice-trace-before/wire/noodler__evalorder__binary-operator-calls.json	binaryOperatorCalls	-	default;9;1;5;47062;45548
noodler/evalorder/tuple-assign-return	artifacts/choice-trace-before/wire/noodler__evalorder__tuple-assign-return.json	tupleAssignAndReturn	-	default;9,8;1,3;5,5;47062,17241;45548,4010
noodler/evalorder/defer-args	artifacts/choice-trace-before/wire/noodler__evalorder__defer-args.json	deferArgsOrder	-	default;9;1;5;47062;45548
noodler/evalorder/index-before-rhs	artifacts/choice-trace-before/wire/noodler__evalorder__index-before-rhs.json	indexBeforeRHS	-	default;9;1;5;47062;45548
noodler/evalorder/deref-call-before-rhs	artifacts/choice-trace-before/wire/noodler__evalorder__deref-call-before-rhs.json	derefCallBeforeRHS	-	default;9;1;5;47062;45548
noodler/evalorder/map-index-before-rhs	artifacts/choice-trace-before/wire/noodler__evalorder__map-index-before-rhs.json	mapIndexBeforeRHS	-	default;9;1;5;47062;45548
noodler/evalorder/receive-before-call	artifacts/choice-trace-before/wire/noodler__evalorder__receive-before-call.json	receiveBeforeCall	-	default;9;1;5;47062;45548
noodler/evalorder/send-operand-order	artifacts/choice-trace-before/wire/noodler__evalorder__send-operand-order.json	sendOperandOrder	-	default;9;1;5;47062;45548
noodler/evalorder/append-args	artifacts/choice-trace-before/wire/noodler__evalorder__append-args.json	appendArgsOrder	-	default;9,8;1,3;5,5;47062,17241;45548,4010
noodler/evalorder/conversion-comparison	artifacts/choice-trace-before/wire/noodler__evalorder__conversion-comparison.json	conversionAndComparison	-	default;9;1;5;47062;45548
noodler/evalorder/string-concat	artifacts/choice-trace-before/wire/noodler__evalorder__string-concat.json	stringConcatOrder	-	default;9;1;5;47062;45548
noodler/evalorder/method-value-receiver-once	artifacts/choice-trace-before/wire/noodler__evalorder__method-value-receiver-once.json	methodValueReceiverOnce	-	default;9;1;5;47062;45548
noodler/evalorder/range-call-once	artifacts/choice-trace-before/wire/noodler__evalorder__range-call-once.json	rangeCallOnce	-	default;9;1;5;47062;45548
noodler/evalorder/nested-calls	artifacts/choice-trace-before/wire/noodler__evalorder__nested-calls.json	nestedCalls	-	default;9;1;5;47062;45548
noodler/evalorder/logical-short-circuit	artifacts/choice-trace-before/wire/noodler__evalorder__logical-short-circuit.json	logicalShortCircuit	-	default;9;1;5;47062;45548
noodler/evalorder/switch-tag-cases	artifacts/choice-trace-before/wire/noodler__evalorder__switch-tag-cases.json	switchTagAndCases	-	default;9;1;5;47062;45548
noodler/evalorder/elided-pointer-literal	artifacts/choice-trace-before/wire/noodler__evalorder__elided-pointer-literal.json	elidedPointerLiteralOrder	-	default;9;1;5;47062;45548
noodler/floats/float32-per-op-rounding	artifacts/choice-trace-before/wire/noodler__floats__float32-per-op-rounding.json	float32PerOpRounding	-	default;default;default;default;default;default
noodler/floats/infinity-arithmetic	artifacts/choice-trace-before/wire/noodler__floats__infinity-arithmetic.json	infinityArithmetic	-	default;default;default;default;default;default
noodler/floats/nan-comparisons	artifacts/choice-trace-before/wire/noodler__floats__nan-comparisons.json	nanComparisons	-	default;default;default;default;default;default
noodler/floats/signed-zero	artifacts/choice-trace-before/wire/noodler__floats__signed-zero.json	signedZeroBehaviour	-	default;default;default;default;default;default
noodler/floats/denormal-edges	artifacts/choice-trace-before/wire/noodler__floats__denormal-edges.json	denormalEdges	-	default;default;default;default;default;default
noodler/floats/float32-overflow	artifacts/choice-trace-before/wire/noodler__floats__float32-overflow.json	float32Overflow	-	default;default;default;default;default;default
noodler/floats/float-to-int-boundaries	artifacts/choice-trace-before/wire/noodler__floats__float-to-int-boundaries.json	floatToIntBoundaries	-	default;default;default;default;default;default
noodler/floats/tenths-accumulate	artifacts/choice-trace-before/wire/noodler__floats__tenths-accumulate.json	tenthsAccumulate	-	default;default;default;default;default;default
noodler/floats/float-compound-ops	artifacts/choice-trace-before/wire/noodler__floats__float-compound-ops.json	floatCompoundOps	-	default;default;default;default;default;default
noodler/floats/float32-div-mul-roundtrip	artifacts/choice-trace-before/wire/noodler__floats__float32-div-mul-roundtrip.json	float32DivMulRoundTrip	-	default;default;default;default;default;default
noodler/floats/widen-float32-compare	artifacts/choice-trace-before/wire/noodler__floats__widen-float32-compare.json	widenFloat32Compare	-	default;default;default;default;default;default
noodler/floats/nan-conversions	artifacts/choice-trace-before/wire/noodler__floats__nan-conversions.json	nanConversions	-	default;default;default;default;default;default
noodler/floats/float-integer-boundary	artifacts/choice-trace-before/wire/noodler__floats__float-integer-boundary.json	floatIntegerBoundary	-	default;default;default;default;default;default
noodler/floats/cancellation	artifacts/choice-trace-before/wire/noodler__floats__cancellation.json	cancellation	-	default;default;default;default;default;default
noodler/floats/negative-zero-key-switch	artifacts/choice-trace-before/wire/noodler__floats__negative-zero-key-switch.json	negativeZeroKeyAfterArithmetic	-	default;default;default;default;default;default
noodler/frontier2/array-of-funcs-indexed-call/call	artifacts/choice-trace-before/wire/noodler__frontier2__array-of-funcs-indexed-call__call.json	arrayOfFuncsIndexedCall	-	default;default;default;default;default;default
noodler/frontier2/array-of-funcs-indexed-call/nil-slot	artifacts/choice-trace-before/wire/noodler__frontier2__array-of-funcs-indexed-call__nil-slot.json	arrayOfFuncsNilSlot	-	default;default;default;default;default;default
noodler/frontier2/builder-chain-pointer-receivers	artifacts/choice-trace-before/wire/noodler__frontier2__builder-chain-pointer-receivers.json	builderChainPointerReceivers	-	default;9,8;1,3;5,5;47062,17241;45548,4010
noodler/frontier2/callback-method-value	artifacts/choice-trace-before/wire/noodler__frontier2__callback-method-value.json	callbackMethodValue	-	default;default;default;default;default;default
noodler/frontier2/defer-interface-method	artifacts/choice-trace-before/wire/noodler__frontier2__defer-interface-method.json	deferInterfaceMethod	-	default;default;default;default;default;default
noodler/frontier2/embedded-interface-in-interface-method-value	artifacts/choice-trace-before/wire/noodler__frontier2__embedded-interface-in-interface-method-value.json	embeddedInterfaceInInterfaceMethodValue	-	default;default;default;default;default;default
noodler/frontier2/embedded-pointer-field-promotion/write	artifacts/choice-trace-before/wire/noodler__frontier2__embedded-pointer-field-promotion__write.json	embeddedPointerFieldPromotion	-	default;default;default;default;default;default
noodler/frontier2/embedded-pointer-field-promotion/nil-write	artifacts/choice-trace-before/wire/noodler__frontier2__embedded-pointer-field-promotion__nil-write.json	embeddedPointerFieldNilWrite	-	default;default;default;default;default;default
noodler/frontier2/field-depth-conflict-shallower	artifacts/choice-trace-before/wire/noodler__frontier2__field-depth-conflict-shallower.json	fieldDepthConflictShallower	-	default;default;default;default;default;default
noodler/frontier2/func-in-interface-assert-call	artifacts/choice-trace-before/wire/noodler__frontier2__func-in-interface-assert-call.json	funcInInterfaceAssertCall	-	default;default;default;default;default;default
noodler/frontier2/method-shadows-promoted-field	artifacts/choice-trace-before/wire/noodler__frontier2__method-shadows-promoted-field.json	methodShadowsPromotedField	-	default;default;default;default;default;default
noodler/frontier2/method-value-from-interface-field	artifacts/choice-trace-before/wire/noodler__frontier2__method-value-from-interface-field.json	methodValueFromInterfaceField	-	default;default;default;default;default;default
noodler/frontier2/nil-func-field-call	artifacts/choice-trace-before/wire/noodler__frontier2__nil-func-field-call.json	nilFuncFieldCall	-	default;default;default;default;default;default
noodler/frontier2/nil-interface-from-map-call	artifacts/choice-trace-before/wire/noodler__frontier2__nil-interface-from-map-call.json	nilInterfaceFromMapCall	-	default;default;default;default;default;default
noodler/frontier2/recover-into-named-error	artifacts/choice-trace-before/wire/noodler__frontier2__recover-into-named-error.json	recoverIntoNamedError	-	default;default;default;default;default;default
noodler/frontier2/self-shadow-builtin-conversion	artifacts/choice-trace-before/wire/noodler__frontier2__self-shadow-builtin-conversion.json	selfShadowBuiltinConversion	-	default;9;1;5;47062;45548
noodler/frontier2/stack-slice-type-pointer-methods	artifacts/choice-trace-before/wire/noodler__frontier2__stack-slice-type-pointer-methods.json	stackSliceTypePointerMethods	-	default;9;1;5;47062;45548
noodler/frontier2/struct-literal-embedded-keyed	artifacts/choice-trace-before/wire/noodler__frontier2__struct-literal-embedded-keyed.json	structLiteralEmbeddedKeyed	-	default;default;default;default;default;default
noodler/frontier2/switch-err-nil-case	artifacts/choice-trace-before/wire/noodler__frontier2__switch-err-nil-case.json	switchErrNilCase	-	default;default;default;default;default;default
noodler/frontier2/three-level-closure-capture	artifacts/choice-trace-before/wire/noodler__frontier2__three-level-closure-capture.json	threeLevelClosureCapture	-	default;default;default;default;default;default
noodler/frontier2/two-loop-vars-per-iteration	artifacts/choice-trace-before/wire/noodler__frontier2__two-loop-vars-per-iteration.json	twoLoopVarsPerIteration	-	default;9;1;5;47062;45548
noodler/frontier2/typed-nil-error-return	artifacts/choice-trace-before/wire/noodler__frontier2__typed-nil-error-return.json	typedNilErrorReturn	-	default;default;default;default;default;default
noodler/frontier/address-of-slice-map-array-literal	artifacts/choice-trace-before/wire/noodler__frontier__address-of-slice-map-array-literal.json	addressOfSliceMapArrayLiteral	-	default;default;default;default;default;default
noodler/frontier/array-lits-nested-elided	artifacts/choice-trace-before/wire/noodler__frontier__array-lits-nested-elided.json	arrayLitsNestedElided	-	default;default;default;default;default;default
noodler/frontier/closure-in-switch-case-expr	artifacts/choice-trace-before/wire/noodler__frontier__closure-in-switch-case-expr.json	closureInSwitchCaseExpr	2	default;default;default;default;default;default
noodler/frontier/comma-ok-in-init-positions	artifacts/choice-trace-before/wire/noodler__frontier__comma-ok-in-init-positions.json	commaOkInInitPositions	-	default;default;default;default;default;default
noodler/frontier/conversion-to-func-type	artifacts/choice-trace-before/wire/noodler__frontier__conversion-to-func-type.json	conversionToFuncType	-	default;default;default;default;default;default
noodler/frontier/defer-go-splat	artifacts/choice-trace-before/wire/noodler__frontier__defer-go-splat.json	deferGoSplat	-	default;9,8,7,6,5,4,3,2;1,3,5,7,9,2,4,6;5,5,5,5,5,5,5,5;47062,17241,28876,43750;45548,4010,42376
noodler/frontier/for-cond-alloc	artifacts/choice-trace-before/wire/noodler__frontier__for-cond-alloc.json	forCondAlloc	-	default;default;default;default;default;default
noodler/frontier/for-tuple-post	artifacts/choice-trace-before/wire/noodler__frontier__for-tuple-post.json	forTuplePost	-	default;default;default;default;default;default
noodler/frontier/goto-forward-in-block	artifacts/choice-trace-before/wire/noodler__frontier__goto-forward-in-block.json	gotoForwardInBlock	-	default;default;default;default;default;default
noodler/frontier/incdec-array-pointer-elem	artifacts/choice-trace-before/wire/noodler__frontier__incdec-array-pointer-elem.json	incDecArrayPointerElem	-	default;default;default;default;default;default
noodler/frontier/labeled-simple-statement	artifacts/choice-trace-before/wire/noodler__frontier__labeled-simple-statement.json	labeledSimpleStatement	1	default;default;default;default;default;default
noodler/frontier/map-of-pointers-autoderef	artifacts/choice-trace-before/wire/noodler__frontier__map-of-pointers-autoderef.json	mapOfPointersAutoderef	-	default;default;default;default;default;default
noodler/frontier/method-value-embedded-pointer-nil-ok	artifacts/choice-trace-before/wire/noodler__frontier__method-value-embedded-pointer-nil-ok.json	methodValueEmbeddedPointerNilOK	-	default;default;default;default;default;default
noodler/frontier/named-result-shadow-range	artifacts/choice-trace-before/wire/noodler__frontier__named-result-shadow-range.json	namedResultShadowRange	-	default;default;default;default;default;default
noodler/frontier/named-result-shadow-typeswitch	artifacts/choice-trace-before/wire/noodler__frontier__named-result-shadow-typeswitch.json	namedResultShadowTypeSwitch	-	default;default;default;default;default;default
noodler/frontier/pointer-to-pointer-chains	artifacts/choice-trace-before/wire/noodler__frontier__pointer-to-pointer-chains.json	pointerToPointerChains	-	default;default;default;default;default;default
noodler/frontier/promoted-method-expression	artifacts/choice-trace-before/wire/noodler__frontier__promoted-method-expression.json	promotedMethodExpression	-	default;default;default;default;default;default
noodler/frontier/promoted-method-expression-ptr	artifacts/choice-trace-before/wire/noodler__frontier__promoted-method-expression-ptr.json	promotedMethodExpressionPtr	-	default;default;default;default;default;default
noodler/frontier/promoted-ptr-method-addressable	artifacts/choice-trace-before/wire/noodler__frontier__promoted-ptr-method-addressable.json	promotedPtrMethodAddressable	-	default;default;default;default;default;default
noodler/frontier/promoted-through-pointer-nonstruct	artifacts/choice-trace-before/wire/noodler__frontier__promoted-through-pointer-nonstruct.json	promotedThroughPointerNonStruct	-	default;default;default;default;default;default
noodler/frontier/self-shadow-define	artifacts/choice-trace-before/wire/noodler__frontier__self-shadow-define.json	selfShadowDefine	-	default;default;default;default;default;default
noodler/frontier/short-circuit-alloc-make	artifacts/choice-trace-before/wire/noodler__frontier__short-circuit-alloc-make.json	shortCircuitAllocMake	2	default;default;default;default;default;default
noodler/frontier/short-circuit-alloc-new	artifacts/choice-trace-before/wire/noodler__frontier__short-circuit-alloc-new.json	shortCircuitAllocNew	1	default;default;default;default;default;default
noodler/frontier/short-circuit-iface-method-value	artifacts/choice-trace-before/wire/noodler__frontier__short-circuit-iface-method-value.json	shortCircuitIfaceMethodValue	1	default;default;default;default;default;default
noodler/frontier/short-circuit-map-literal	artifacts/choice-trace-before/wire/noodler__frontier__short-circuit-map-literal.json	shortCircuitMapLiteral	1	default;default;default;default;default;default
noodler/frontier/short-circuit-slice-literal	artifacts/choice-trace-before/wire/noodler__frontier__short-circuit-slice-literal.json	shortCircuitSliceLiteral	1	default;default;default;default;default;default
noodler/frontier/short-circuit-splat-call	artifacts/choice-trace-before/wire/noodler__frontier__short-circuit-splat-call.json	shortCircuitSplatCall	1	default;default;default;default;default;default
noodler/frontier/string-switch-fallthrough-labels	artifacts/choice-trace-before/wire/noodler__frontier__string-switch-fallthrough-labels.json	stringSwitchFallthroughLabels	-	default;default;default;default;default;default
noodler/frontier/struct-pointer-field-chain	artifacts/choice-trace-before/wire/noodler__frontier__struct-pointer-field-chain.json	structPointerFieldChain	-	default;default;default;default;default;default
noodler/frontier/switch-init-tuple	artifacts/choice-trace-before/wire/noodler__frontier__switch-init-tuple.json	switchInitTuple	-	default;default;default;default;default;default
noodler/frontier/type-switch-guard-call	artifacts/choice-trace-before/wire/noodler__frontier__type-switch-guard-call.json	typeSwitchGuardCall	-	default;default;default;default;default;default
noodler/frontier/var-multi-local	artifacts/choice-trace-before/wire/noodler__frontier__var-multi-local.json	varMultiLocal	-	default;default;default;default;default;default
noodler/generics/infer-mixed-untyped	artifacts/choice-trace-before/wire/noodler__generics__infer-mixed-untyped.json	inferMixedUntypedConstants	-	default;default;default;default;default;default
noodler/generics/infer-rune-int	artifacts/choice-trace-before/wire/noodler__generics__infer-rune-int.json	inferRuneAndInt	-	default;default;default;default;default;default
noodler/generics/zero-of-type-params	artifacts/choice-trace-before/wire/noodler__generics__zero-of-type-params.json	zeroOfTypeParams	-	default;default;default;default;default;default
noodler/generics/zero-nil-kinds	artifacts/choice-trace-before/wire/noodler__generics__zero-nil-kinds.json	zeroNilKinds	-	default;default;default;default;default;default
noodler/generics/instantiate-with-interface	artifacts/choice-trace-before/wire/noodler__generics__instantiate-with-interface.json	instantiateWithInterface	-	default;default;default;default;default;default
noodler/generics/tilde-defined-type	artifacts/choice-trace-before/wire/noodler__generics__tilde-defined-type.json	tildeConstraintDefinedType	-	default;default;default;default;default;default
noodler/generics/generic-stack	artifacts/choice-trace-before/wire/noodler__generics__generic-stack.json	genericStackOps	-	default;9;1;5;47062;45548
noodler/generics/generic-func-value	artifacts/choice-trace-before/wire/noodler__generics__generic-func-value.json	genericFuncValue	-	default;default;default;default;default;default
noodler/generics/conversion-in-body	artifacts/choice-trace-before/wire/noodler__generics__conversion-in-body.json	conversionInGenericBody	-	default;default;default;default;default;default
noodler/generics/type-switch-in-generic	artifacts/choice-trace-before/wire/noodler__generics__type-switch-in-generic.json	typeSwitchInGeneric	-	default;default;default;default;default;default
noodler/generics/embedded-generic-promotion	artifacts/choice-trace-before/wire/noodler__generics__embedded-generic-promotion.json	embeddedGenericPromotion	-	default;9;1;5;47062;45548
noodler/generics/generic-alias	artifacts/choice-trace-before/wire/noodler__generics__generic-alias.json	genericAlias	-	default;default;default;default;default;default
noodler/generics/min-defined-string	artifacts/choice-trace-before/wire/noodler__generics__min-defined-string.json	minDefinedString	-	default;default;default;default;default;default
noodler/generics/method-constraint-call	artifacts/choice-trace-before/wire/noodler__generics__method-constraint-call.json	methodConstraintCall	-	default;default;default;default;default;default
noodler/generics/type-param-map-key-value	artifacts/choice-trace-before/wire/noodler__generics__type-param-map-key-value.json	typeParamMapKeyValue	-	default;9;1;5;47062;45548
noodler/generics/generic-recursion	artifacts/choice-trace-before/wire/noodler__generics__generic-recursion.json	genericRecursion	-	default;default;default;default;default;default
noodler/generics/comparable-array-of-iface	artifacts/choice-trace-before/wire/noodler__generics__comparable-array-of-iface.json	comparableArrayOfIface	-	default;default;default;default;default;default
noodler/generics/generic-swap	artifacts/choice-trace-before/wire/noodler__generics__generic-swap.json	genericSwap	-	default;default;default;default;default;default
noodler/generics/core-type-string	artifacts/choice-trace-before/wire/noodler__generics__core-type-string.json	coreTypeString	-	default;default;default;default;default;default
noodler/goroutines/handoff-write-before-send	artifacts/choice-trace-before/wire/noodler__goroutines__handoff-write-before-send.json	handoffWriteBeforeSend	-	default;9,8,7,6,5,4;1,3,5;5,5,5;47062,17241,28876,43750;45548,4010,42376
noodler/goroutines/fifo-one-sender	artifacts/choice-trace-before/wire/noodler__goroutines__fifo-one-sender.json	fifoFromOneSender	-	default;9,8,7,6,5,4,3,2,1,0;1,3,5,7,9,2,4,6,8,0;5,5,5,5,5,5,5,5;47062,17241,28876,43750,15194,49395,23194,43254,9513,31674,16891,46322,48508,4896,44218,28684,13594,1567,27860;45548,4010,42376,18520,53319,16971,27516,38438,7281,33498,29351,49938,42482,40450,61504,34554,5354,61997,38926
noodler/goroutines/close-broadcast	artifacts/choice-trace-before/wire/noodler__goroutines__close-broadcast.json	closeBroadcast	-	default;9,8,7,6,5,4,3,2,1,0;1,3,5,7,9,2,4,6,8,0;5,5,5,5,5,5,5,5;47062,17241,28876,43750,15194,49395,23194,43254,9513,31674,16891,46322,48508,4896,44218,28684,13594,1567,27860,25141,14699,15757,19422,56162,37437,22448,3876,40608,9553,6048,26527,42258,56348,53445,23694,5722;45548,4010,42376,18520,53319,16971,27516,38438,7281,33498,29351,49938,42482,40450,61504,34554,5354,61997,38926,27463,6056,51174,39660,27994,12013,59686,47063,35114,16911,57411,51798,45524,30045,51110,24315,19449,19841,19132,42120,50900,26687
noodler/goroutines/worker-pool-sum	artifacts/choice-trace-before/wire/noodler__goroutines__worker-pool-sum.json	workerPoolSum	-	default;9,8,7,6,5,4,3,2,1,0;1,3,5,7,9,2,4,6,8,0;5,5,5,5,5,5,5,5;47062,17241,28876,43750,15194,49395,23194,43254,9513,31674,16891,46322,48508,4896,44218,28684,13594,1567,27860,25141,14699,15757,19422,56162,37437,22448,3876,40608,9553,6048,26527,42258,56348,53445,23694,5722,49866,13674,24796,10013,1279,15844,51850,41400,7629,50454,56052,44805,28975,8866,25514,58600,56188,6082,54301,20776,60886,179,18807,44038,43081,19222,34284,40501,64871,25759,56499,47224,46754,21031,2466,19229,29425,40108,43143,1156,46313,10566,27311,60933,25985,7595,34231,30274,27410,53617,29752,59635,43064,15486,63382,4888,19967,17750,40257,62690,43893,35396,1307,33056,18473,29408,33182,65098;45548,4010,42376,18520,53319,16971,27516,38438,7281,33498,29351,49938,42482,40450,61504,34554,5354,61997,38926,27463,6056,51174,39660,27994,12013,59686,47063,35114,16911,57411,51798,45524,30045,51110,24315,19449,19841,19132,42120,50900,26687,25260,10531,39583,52700,60260,17456,60191,43274,63422,30155,11473,33086,5884,46504,38169,23378,11867,51115,56834,65026,48398,18850,37909,56741,36465,29283,32812,8304,30737,49315,21364,32938,4709,51634,32016,60622,10638,4981,65016,51378,52961,6270,53530,41575,5566,41482,1645,4086,37438,48413,56281,26767,37843,56133,21822,36338,22794,25457,42624,52845,56739,32074,35149,23148,1192,62606,6531
noodler/goroutines/once-across-goroutines	artifacts/choice-trace-before/wire/noodler__goroutines__once-across-goroutines.json	onceAcrossGoroutines	-	default;9,8,7,6,5,4,3,2,1,0;1,3,5,7,9,2,4,6,8,0;5,5,5,5,5,5,5,5;47062,17241,28876,43750,15194,49395,23194,43254,9513,31674,16891,46322,48508,4896,44218,28684,13594,1567,27860,25141,14699,15757,19422,56162,37437,22448,3876,40608,9553,6048,26527,42258,56348,53445,23694,5722,49866,13674,24796,10013,1279,15844,51850,41400,7629,50454,56052,44805,28975,8866,25514,58600,56188;45548,4010,42376,18520,53319,16971,27516,38438,7281,33498,29351,49938,42482,40450,61504,34554,5354,61997,38926,27463,6056,51174,39660,27994,12013,59686,47063,35114,16911,57411,51798,45524,30045,51110,24315,19449,19841,19132,42120,50900,26687,25260,10531,39583,52700,60260,17456,60191,43274,63422,30155,11473,33086,5884,46504,38169
noodler/goroutines/mutex-counter	artifacts/choice-trace-before/wire/noodler__goroutines__mutex-counter.json	mutexCounter	-	default;9,8,7,6,5,4,3,2,1,0;1,3,5,7,9,2,4,6,8,0;5,5,5,5,5,5,5,5;47062,17241,28876,43750,15194,49395,23194,43254,9513,31674,16891,46322,48508,4896,44218,28684,13594,1567,27860,25141,14699,15757,19422,56162,37437,22448,3876,40608,9553,6048,26527,42258,56348,53445,23694,5722,49866,13674,24796,10013,1279,15844,51850,41400,7629,50454,56052,44805,28975,8866,25514,58600,56188,6082,54301,20776,60886,179,18807,44038,43081,19222,34284,40501,64871,25759,56499,47224,46754,21031,2466,19229,29425,40108,43143,1156,46313,10566,27311,60933,25985,7595,34231,30274,27410,53617,29752,59635,43064,15486,63382,4888,19967,17750,40257,62690,43893,35396,1307,33056,18473,29408,33182,65098,30478,19517,17684,33779,15598,57708,54394,42496,52499,47001,64785,42601,58715,36340,11241,16312,63606,19580,36679,60177,4867,11137,60290,4440,53830,25268,33860,43317,42748,57203,28350,25750,41998,13739,49655,11359,8398,15924,57950,11877,15717,64573,31268,49282,4799,15906,32461,9681,22109,23641,34562,3321,34413,35721,35842,40487,45100,20809,52578,31926,61046,41393,16922,54843,53513,59069,20570,29209,10072,51744,47213,12518,14276,31173,27411,43275,50053,9300,10129,28897,63326,1042,41458,61975,60449,40278,18772,7225,21096,52454,11520,56661,404,51097,7264,6625,43437,13896,16906,31774,23734,20707,16334,60873,24871,48180,48536,38065,39673,58593,64926,11841,49676,7813,38514,64238,15764,8289,29078,26460,55353,38309,2073,48528,38235,21019,33982,8010,21741,23800,5422,63316,31355,41799,13385,37029,8314,19786,27481,55211,43281,25379,19783,30183,63501,13441,20231,24244,18709,5595,60734,27465,48242,36621,34235,54350,43452,4186,12887,31356,29246,49829,47753,45632,3617,22413,5208,54710,58237,30976,4302,3474,4756,43763,57972,7632,54926,48219,1506,843,12173,38732,55403,18735,26000,32449,58140,51441,45305,42858,10277,57190,44357,49187,22070,16705,40466,50763,13229,16288,18961,5743,52888,55740,1977,9906,1491,36329,27963,28153,31447,32189,32967,2482,57002,11703,15439,61359,45631,6135,42380,1685,25458,56844,10255,38290,47845,60232,3372,33743,12358,7608,30737,38214,46432,32786,18770,25026,44159,62583,60337,60267,33759,31538,13875,60709,39243,6039,35007,31171,17163,61451,20103,34838,23737,7982,64457,54576,57239,7954,31939,38401,2552,41681,52647,36795,64562,38507,31856,38796,6707,6912,42359,65011,14355,53863,52270,35061,12329,52879,21977,44569,30443,18342,62081,65123,39710,24948,4079,33452,36826,45278,60715,42693,7289,19584,17952,8444,16736,3684,35972,20221,13811,7095,3181,42909,62759,32175,47555,46157,31993,19196,39827,59308,16106,27426,47346,60901,39507,30483,34820,9971,38537,8363,56506,29397,15343,56041,48449,16413,5590,55227,23561,17037,53564,14176,57799,18765,32619,48481,34548,64341,61721,52700,61302,16519,1105,17236,64030,13118,17160,33786,1994,6275,41736,10476,9550,46381,13312,6405,23323,24461,4863,23333,934,54457,8623,3005,56704,7504,31814,41692,49531,24784,32214;45548,4010,42376,18520,53319,16971,27516,38438,7281,33498,29351,49938,42482,40450,61504,34554,5354,61997,38926,27463,6056,51174,39660,27994,12013,59686,47063,35114,16911,57411,51798,45524,30045,51110,24315,19449,19841,19132,42120,50900,26687,25260,10531,39583,52700,60260,17456,60191,43274,63422,30155,11473,33086,5884,46504,38169,23378,11867,51115,56834,65026,48398,18850,37909,56741,36465,29283,32812,8304,30737,49315,21364,32938,4709,51634,32016,60622,10638,4981,65016,51378,52961,6270,53530,41575,5566,41482,1645,4086,37438,48413,56281,26767,37843,56133,21822,36338,22794,25457,42624,52845,56739,32074,35149,23148,1192,62606,6531,51919,54056,57110,56582,30916,25811,63158,42791,33058,9163,51528,55075,53854,56409,16274,45374,19699,49451,48402,31070,50450,13550,34261,58674,62843,17573,42353,40414,3226,5575,3671,29150,61112,35447,20481,9926,54336,33821,58391,55168,46565,45834,12210,2542,10242,23676,16768,41635,8982,31887,21745,40330,19095,20298,35983,10099,31235,64679,46058,22761,10222,6807,1667,52134,38917,43905,17036,65374,45494,65279,37616,6569,21912,61301,44367,25025,60879,17623,16668,14456,36258,27070,55972,3528,23684,37554,3518,63515,48394,43675,45630,57600,40591,21960,8785,60257,20788,11445,7793,1998,26917,4206,10822,33825,1037,1369,33540,63376,24632,35466,44426,22479,37019,6305,28161,60794,56690,7000,15090,5868,6893,22108,37909,60048,31835,5042,3129,55919,23193,3600,47957,34714,64108,13190,12392,46812,28409,17950,35892,53928,5049,36032,45202,34159,49278,45999,55737,12880,828,49596,3582,2126,62101,63153,20242,35188,44974,44213,26589,30570,11707,38592,4549,2292,54316,45434,2559,41029,29035,27532,19676,50034,7649,49727,40142,37755,43474,7382,17046,45488,50728,64487,10821,57227,30008,48082,61240,58619,8878,11779,10875,4353,22828,41288,63672,42865,31545,9747,19872,7349,8135,14733,7226,49351,44765,44414,16475,63879,45385,47324,831,32932,20622,21787,45714,33678,32392,22637,59335,3705,25873,59646,63452,19287,62688,13866,12179,20784,21115,15004,11229,45172,64578,48758,44011,1978,23424,22332,23563,5945,44113,10564,62579,58953,44803,48139,21347,44571,46453,35119,57505,14934,9832,10503,50120,36829,61192,46343,62627,14981,50012,55132,11221,39991,37844,29130,11149,15848,22475,36755,32534,41319,29237,13495,25041,8380,256,59278,49595,58772,13666,6850,16424,39827,49384,20439,63475,18354,29037,52294,26662,50223,1713,2952,31812,35864,50102,29052,18654,54846,57849,13711,34634,31152,42414,7652,60180,15492,27149,4566,61044,45358,65500,44631,45472,8671,5297,38993,24177,8319,40770,32569,64455,5116,52766,60347,6424,8473,59226,7612,19553,63567,7682,50497,1470,12445,63235,43241,37335,16002
noodler/goroutines/rwmutex-readers	artifacts/choice-trace-before/wire/noodler__goroutines__rwmutex-readers.json	rwMutexReaders	-	default;9,8,7,6,5,4,3,2,1,0;1,3,5,7,9,2,4,6,8,0;5,5,5,5,5,5,5,5;47062,17241,28876,43750,15194,49395,23194,43254,9513,31674,16891,46322,48508,4896,44218,28684,13594,1567,27860,25141,14699,15757,19422,56162,37437,22448,3876,40608,9553,6048,26527,42258,56348,53445,23694,5722,49866,13674,24796,10013,1279,15844;45548,4010,42376,18520,53319,16971,27516,38438,7281,33498,29351,49938,42482,40450,61504,34554,5354,61997,38926,27463,6056,51174,39660,27994,12013,59686,47063,35114,16911,57411,51798,45524,30045,51110,24315,19449,19841,19132,42120,50900,26687,25260,10531,39583,52700
noodler/goroutines/waitgroup-deadlock	artifacts/choice-trace-before/wire/noodler__goroutines__waitgroup-deadlock.json	waitGroupDeadlock	-	default;default;default;default;default;default
noodler/goroutines/mutex-double-lock-deadlock	artifacts/choice-trace-before/wire/noodler__goroutines__mutex-double-lock-deadlock.json	mutexDoubleLockDeadlock	-	default;default;default;default;default;default
noodler/goroutines/leaked-goroutine	artifacts/choice-trace-before/wire/noodler__goroutines__leaked-goroutine.json	leakedGoroutineOnReturn	-	default;9,8,7;1,3;5,5;47062,17241,28876;45548,4010
noodler/goroutines/directional-params	artifacts/choice-trace-before/wire/noodler__goroutines__directional-params.json	directionalParams	-	default;9,8,7,6,5,4,3,2,1,0;1,3,5,7,9,2,4,6,8,0;5,5,5,5,5,5,5,5;47062,17241,28876,43750,15194,49395,23194,43254,9513,31674,16891,46322,48508,4896,44218,28684,13594,1567,27860,25141,14699,15757,19422,56162;45548,4010,42376,18520,53319,16971,27516,38438,7281,33498,29351,49938,42482,40450,61504,34554,5354,61997,38926,27463,6056,51174,39660,27994
noodler/goroutines/pipeline-three-stages	artifacts/choice-trace-before/wire/noodler__goroutines__pipeline-three-stages.json	pipelineThreeStages	-	default;9,8,7,6,5,4,3,2,1,0;1,3,5,7,9,2,4,6,8,0;5,5,5,5,5,5,5,5;47062,17241,28876,43750,15194,49395,23194,43254,9513,31674,16891,46322,48508,4896,44218,28684,13594,1567,27860,25141,14699,15757,19422,56162,37437,22448,3876,40608,9553,6048,26527,42258,56348,53445,23694,5722,49866,13674,24796,10013,1279,15844,51850,41400,7629,50454,56052,44805,28975,8866,25514,58600,56188,6082,54301,20776,60886,179,18807;45548,4010,42376,18520,53319,16971,27516,38438,7281,33498,29351,49938,42482,40450,61504,34554,5354,61997,38926,27463,6056,51174,39660,27994,12013,59686,47063,35114,16911,57411,51798,45524,30045,51110,24315,19449,19841,19132,42120,50900,26687,25260,10531,39583,52700,60260,17456,60191,43274,63422,30155,11473,33086,5884,46504,38169,23378,11867,51115
noodler/goroutines/semaphore-total	artifacts/choice-trace-before/wire/noodler__goroutines__semaphore-total.json	semaphoreTotal	-	default;9,8,7,6,5,4,3,2,1,0;1,3,5,7,9,2,4,6,8,0;5,5,5,5,5,5,5,5;47062,17241,28876,43750,15194,49395,23194,43254,9513,31674,16891,46322,48508,4896,44218,28684,13594,1567,27860,25141,14699,15757,19422,56162,37437,22448,3876,40608,9553,6048,26527,42258,56348,53445,23694,5722,49866,13674,24796,10013,1279,15844,51850,41400,7629,50454,56052,44805,28975,8866,25514,58600,56188,6082,54301,20776,60886,179,18807,44038,43081,19222,34284,40501,64871,25759,56499,47224,46754,21031,2466,19229,29425,40108,43143,1156,46313,10566,27311,60933,25985,7595,34231,30274,27410,53617,29752,59635,43064,15486,63382;45548,4010,42376,18520,53319,16971,27516,38438,7281,33498,29351,49938,42482,40450,61504,34554,5354,61997,38926,27463,6056,51174,39660,27994,12013,59686,47063,35114,16911,57411,51798,45524,30045,51110,24315,19449,19841,19132,42120,50900,26687,25260,10531,39583,52700,60260,17456,60191,43274,63422,30155,11473,33086,5884,46504,38169,23378,11867,51115,56834,65026,48398,18850,37909,56741,36465,29283,32812,8304,30737,49315,21364,32938,4709,51634,32016,60622,10638,4981,65016,51378,52961,6270,53530,41575,5566,41482,1645,4086,37438,48413,56281,26767,37843
noodler/goroutines/lockstep-transcript	artifacts/choice-trace-before/wire/noodler__goroutines__lockstep-transcript.json	lockstepTranscript	-	default;9,8,7,6,5,4,3,2,1,0;1,3,5,7,9,2,4,6,8,0;5,5,5,5,5,5,5,5;47062,17241,28876,43750,15194,49395,23194,43254,9513,31674,16891,46322;45548,4010,42376,18520,53319,16971,27516,38438,7281,33498,29351,49938
noodler/goroutines/goroutine-panic-under-wait	artifacts/choice-trace-before/wire/noodler__goroutines__goroutine-panic-under-wait.json	goroutinePanicUnderWait	-	default;9,8,7,6;1,3,5,7;5,5,5,5;47062,17241,28876,43750;45548,4010,42376
noodler/goroutines/child-blocked-nil-channel	artifacts/choice-trace-before/wire/noodler__goroutines__child-blocked-nil-channel.json	childBlockedOnNilChannel	-	default;9,8,7;1,3;5,5;47062,17241,28876;45548,4010
noodler/gostmt/args-evaluated-at-spawn	artifacts/choice-trace-before/wire/noodler__gostmt__args-evaluated-at-spawn.json	goArgsEvaluatedAtSpawn	-	default;9,8,7,6,5,4;1,3,5,7,9,2;5,5,5,5,5,5,5;47062,17241,28876,43750;45548,4010,42376
noodler/gostmt/method-receiver-at-spawn	artifacts/choice-trace-before/wire/noodler__gostmt__method-receiver-at-spawn.json	goMethodReceiverAtSpawn	-	default;9,8,7,6;1,3,5,7;5,5,5,5;47062,17241,28876,43750;45548,4010,42376
noodler/gostmt/func-value-at-spawn	artifacts/choice-trace-before/wire/noodler__gostmt__func-value-at-spawn.json	goFuncValueAtSpawn	-	default;9,8,7,6;1,3,5,7;5,5,5,5;47062,17241,28876,43750;45548,4010,42376
noodler/gostmt/closure-reads-after-sync	artifacts/choice-trace-before/wire/noodler__gostmt__closure-reads-after-sync.json	goClosureReadsAfterSync	-	default;9,8,7,6,5,4,3,2,1,0;1,3,5,7,9,2,4;5,5,5,5,5,5,5;47062,17241,28876,43750,15194,49395,23194;45548,4010,42376,18520,53319,16971,27516
noodler/gostmt/pointer-method	artifacts/choice-trace-before/wire/noodler__gostmt__pointer-method.json	goPointerMethod	-	default;9,8,7,6,5,4,3,2,1,0;1,3,5,7,9,2,4,6,8,0;5,5,5,5,5,5,5,5;47062,17241,28876,43750,15194,49395,23194,43254,9513,31674,16891,46322,48508,4896,44218,28684,13594,1567,27860,25141,14699,15757,19422,56162;45548,4010,42376,18520,53319,16971,27516,38438,7281,33498,29351,49938,42482,40450,61504,34554,5354,61997,38926,27463,6056,51174,39660,27994
noodler/gostmt/splat-args	artifacts/choice-trace-before/wire/noodler__gostmt__splat-args.json	goSplatArgs	-	default;9,8,7,6,5,4;1,3,5,7,9,2;5,5,5,5,5,5,5;47062,17241,28876,43750;45548,4010,42376
noodler/gostmt/from-map	artifacts/choice-trace-before/wire/noodler__gostmt__from-map.json	goFromMap	-	default;9,8,7,6;1,3,5,7;5,5,5,5;47062,17241,28876,43750;45548,4010,42376
noodler/gostmt/arg-panics-in-parent	artifacts/choice-trace-before/wire/noodler__gostmt__arg-panics-in-parent.json	goArgPanicsInParent	-	default;default;default;default;default;default
noodler/gotchas/goto-over-defer	artifacts/choice-trace-before/wire/noodler__gotchas__goto-over-defer.json	gotoOverDefer	1	default;default;default;default;default;default
noodler/gotchas/goto-over-defer-taken	artifacts/choice-trace-before/wire/noodler__gotchas__goto-over-defer-taken.json	gotoOverDefer	0	default;default;default;default;default;default
noodler/gotchas/return-inside-deferred-closure	artifacts/choice-trace-before/wire/noodler__gotchas__return-inside-deferred-closure.json	returnInsideDeferredClosure	-	default;default;default;default;default;default
noodler/gotchas/once-panicking-counts-as-done	artifacts/choice-trace-before/wire/noodler__gotchas__once-panicking-counts-as-done.json	oncePanickingCountsAsDone	-	default;default;default;default;default;default
noodler/gotchas/array-through-channel-copies	artifacts/choice-trace-before/wire/noodler__gotchas__array-through-channel-copies.json	arrayThroughChannelCopies	-	default;default;default;default;default;default
noodler/gotchas/array-in-interface-copies	artifacts/choice-trace-before/wire/noodler__gotchas__array-in-interface-copies.json	arrayInInterfaceCopies	-	default;default;default;default;default;default
noodler/gotchas/byte-arithmetic-wraps	artifacts/choice-trace-before/wire/noodler__gotchas__byte-arithmetic-wraps.json	byteArithmeticWraps	-	default;default;default;default;default;default
noodler/gotchas/rune-arithmetic-wraps	artifacts/choice-trace-before/wire/noodler__gotchas__rune-arithmetic-wraps.json	runeArithmeticWraps	-	default;default;default;default;default;default
noodler/gotchas/struct-array-in-interface	artifacts/choice-trace-before/wire/noodler__gotchas__struct-array-in-interface.json	structArrayInInterface	-	default;default;default;default;default;default
noodler/gotchas/method-value-from-field-path	artifacts/choice-trace-before/wire/noodler__gotchas__method-value-from-field-path.json	methodValueFromFieldPath	-	default;default;default;default;default;default
noodler/gotchas/defer-in-loop-with-break	artifacts/choice-trace-before/wire/noodler__gotchas__defer-in-loop-with-break.json	deferInLoopWithBreak	-	default;default;default;default;default;default
noodler/gotchas/defer-after-recover-path	artifacts/choice-trace-before/wire/noodler__gotchas__defer-after-recover-path.json	deferAfterRecoverPath	-	default;default;default;default;default;default
noodler/gotchas/closure-sees-reassignment	artifacts/choice-trace-before/wire/noodler__gotchas__closure-sees-reassignment.json	closureSeesReassignment	-	default;default;default;default;default;default
noodler/gotchas/nil-checks-after-make	artifacts/choice-trace-before/wire/noodler__gotchas__nil-checks-after-make.json	nilChecksAfterMake	-	default;default;default;default;default;default
noodler/gotchas/shared-pointer-via-map	artifacts/choice-trace-before/wire/noodler__gotchas__shared-pointer-via-map.json	sharedPointerViaMap	-	default;default;default;default;default;default
noodler/gotchas/shadowed-inner-define	artifacts/choice-trace-before/wire/noodler__gotchas__shadowed-inner-define.json	shadowedInnerDefine	-	default;default;default;default;default;default
noodler/ifaces/switch-typed-constant	artifacts/choice-trace-before/wire/noodler__ifaces__switch-typed-constant.json	switchInterfaceTypedConstant	-	default;default;default;default;default;default
noodler/ifaces/switch-nil	artifacts/choice-trace-before/wire/noodler__ifaces__switch-nil.json	switchInterfaceNil	-	default;default;default;default;default;default
noodler/ifaces/nan-in-interface	artifacts/choice-trace-before/wire/noodler__ifaces__nan-in-interface.json	nanInInterface	-	default;default;default;default;default;default
noodler/ifaces/array-of-slice-compare	artifacts/choice-trace-before/wire/noodler__ifaces__array-of-slice-compare.json	arrayOfSliceCompare	-	default;default;default;default;default;default
noodler/ifaces/struct-with-map-compare	artifacts/choice-trace-before/wire/noodler__ifaces__struct-with-map-compare.json	structWithMapCompare	-	default;default;default;default;default;default
noodler/ifaces/promoted-value-nil	artifacts/choice-trace-before/wire/noodler__ifaces__promoted-value-nil.json	promotedValueMethodThroughNil	-	default;default;default;default;default;default
noodler/ifaces/promoted-pointer-nil-ok	artifacts/choice-trace-before/wire/noodler__ifaces__promoted-pointer-nil-ok.json	promotedPointerMethodThroughNilOK	-	default;default;default;default;default;default
noodler/ifaces/promoted-pointer-nil-read	artifacts/choice-trace-before/wire/noodler__ifaces__promoted-pointer-nil-read.json	promotedPointerMethodThroughNilRead	-	default;default;default;default;default;default
noodler/ifaces/promoted-satisfies	artifacts/choice-trace-before/wire/noodler__ifaces__promoted-satisfies.json	promotedSatisfiesInterface	-	default;default;default;default;default;default
noodler/ifaces/mv-iface-nil-create	artifacts/choice-trace-before/wire/noodler__ifaces__mv-iface-nil-create.json	methodValueFromInterfaceNilPtrCreate	-	default;default;default;default;default;default
noodler/ifaces/mv-iface-nil-call	artifacts/choice-trace-before/wire/noodler__ifaces__mv-iface-nil-call.json	methodValueFromInterfaceNilPtrCall	-	default;9;1;5;47062;45548
noodler/ifaces/iface-dispatch-value-nil	artifacts/choice-trace-before/wire/noodler__ifaces__iface-dispatch-value-nil.json	ifaceDispatchValueMethodNilPtr	-	default;9;1;5;47062;45548
noodler/ifaces/iface-dispatch-value-nil-recovered	artifacts/choice-trace-before/wire/noodler__ifaces__iface-dispatch-value-nil-recovered.json	ifaceDispatchValueMethodNilPtrRecovered	-	default;9;1;5;47062;45548
noodler/ifaces/iface-param-value-nil	artifacts/choice-trace-before/wire/noodler__ifaces__iface-param-value-nil.json	ifaceParamValueMethodNilPtr	-	default;9;1;5;47062;45548
noodler/ifaces/global-iface-value-nil	artifacts/choice-trace-before/wire/noodler__ifaces__global-iface-value-nil.json	globalIfaceValueMethodNilPtr	-	default;9;1;5;47062;45548
noodler/ifaces/spawn-iface-value-nil	artifacts/choice-trace-before/wire/noodler__ifaces__spawn-iface-value-nil.json	spawnIfaceValueMethodNilPtr	-	default;9,8,7;1,3;5,5;47062,17241;45548,4010,42376
noodler/ifaces/spawn-iface-value-nil-devirt	artifacts/choice-trace-before/wire/noodler__ifaces__spawn-iface-value-nil-devirt.json	spawnIfaceValueMethodNilPtrDevirt	-	default;9,8,7;1,3;5,5;47062,17241;45548,4010,42376
noodler/ifaces/spawn-helper-value-nil	artifacts/choice-trace-before/wire/noodler__ifaces__spawn-helper-value-nil.json	spawnHelperValueMethodNilPtr	-	default;9,8;1,3;5,5;47062,17241,28876;45548,4010,42376
noodler/ifaces/mk-helper-value-nil	artifacts/choice-trace-before/wire/noodler__ifaces__mk-helper-value-nil.json	mkHelperValueMethodNilPtr	-	default;9;1;5;47062;45548
noodler/ifaces/mv-nil-direct	artifacts/choice-trace-before/wire/noodler__ifaces__mv-nil-direct.json	methodValueNilPtrDirect	-	default;default;default;default;default;default
noodler/ifaces/embedded-iface-nil	artifacts/choice-trace-before/wire/noodler__ifaces__embedded-iface-nil.json	embeddedInterfaceNilCall	-	default;default;default;default;default;default
noodler/ifaces/embedded-iface-call	artifacts/choice-trace-before/wire/noodler__ifaces__embedded-iface-call.json	embeddedInterfaceCall	-	default;default;default;default;default;default
noodler/ifaces/struct-in-iface-eq	artifacts/choice-trace-before/wire/noodler__ifaces__struct-in-iface-eq.json	structInInterfaceEquality	-	default;default;default;default;default;default
noodler/ifaces/assert-concrete-mismatch	artifacts/choice-trace-before/wire/noodler__ifaces__assert-concrete-mismatch.json	assertConcreteMismatch	-	default;default;default;default;default;default
noodler/ifaces/assert-nil-interface	artifacts/choice-trace-before/wire/noodler__ifaces__assert-nil-interface.json	assertNilInterface	-	default;default;default;default;default;default
noodler/ifaces/assert-missing-method	artifacts/choice-trace-before/wire/noodler__ifaces__assert-missing-method.json	assertMissingMethod	-	default;default;default;default;default;default
noodler/ifaces/assert-named-iface-nil	artifacts/choice-trace-before/wire/noodler__ifaces__assert-named-iface-nil.json	assertNamedInterfaceNil	-	default;default;default;default;default;default
noodler/ifaces/assert-typed-nil	artifacts/choice-trace-before/wire/noodler__ifaces__assert-typed-nil.json	assertTypedNilToInterface	-	default;default;default;default;default;default
noodler/ifaces/func-in-iface-compare	artifacts/choice-trace-before/wire/noodler__ifaces__func-in-iface-compare.json	funcInInterfaceCompare	-	default;default;default;default;default;default
noodler/ifaces/chan-in-iface-compare	artifacts/choice-trace-before/wire/noodler__ifaces__chan-in-iface-compare.json	chanInInterfaceCompare	-	default;default;default;default;default;default
noodler/indexkinds/index-integer-kinds	artifacts/choice-trace-before/wire/noodler__indexkinds__index-integer-kinds.json	indexWithIntegerKinds	-	default;default;default;default;default;default
noodler/indexkinds/index-string-kinds	artifacts/choice-trace-before/wire/noodler__indexkinds__index-string-kinds.json	indexStringWithKinds	-	default;default;default;default;default;default
noodler/indexkinds/array-index-kinds	artifacts/choice-trace-before/wire/noodler__indexkinds__array-index-kinds.json	arrayIndexWithKinds	-	default;default;default;default;default;default
noodler/indexkinds/map-key-kinds-distinct	artifacts/choice-trace-before/wire/noodler__indexkinds__map-key-kinds-distinct.json	mapKeyKindsDistinct	-	default;default;default;default;default;default
noodler/indexkinds/slice-bounds-kinds	artifacts/choice-trace-before/wire/noodler__indexkinds__slice-bounds-kinds.json	sliceBoundsWithKinds	-	default;default;default;default;default;default
noodler/indexkinds/index-out-of-range-unsigned	artifacts/choice-trace-before/wire/noodler__indexkinds__index-out-of-range-unsigned.json	indexOutOfRangeUnsignedKind	7	default;default;default;default;default;default
noodler/indexkinds/index-negative-int8	artifacts/choice-trace-before/wire/noodler__indexkinds__index-negative-int8.json	indexNegativeInt8Kind	-3	default;default;default;default;default;default
noodler/indexkinds/make-with-kinds	artifacts/choice-trace-before/wire/noodler__indexkinds__make-with-kinds.json	makeWithKinds	-	default;default;default;default;default;default
noodler/indexkinds/shift-counts-of-kinds	artifacts/choice-trace-before/wire/noodler__indexkinds__shift-counts-of-kinds.json	shiftCountsOfKinds	-	default;default;default;default;default;default
noodler/init/var-values	artifacts/choice-trace-before/wire/noodler__init__var-values.json	varValues	-	default;9;1,3;5,5;47062;45548
noodler/init/init-func-order	artifacts/choice-trace-before/wire/noodler__init__init-func-order.json	initFuncOrder	-	default;9;1,3;5,5;47062;45548
noodler/init/trace-recorded	artifacts/choice-trace-before/wire/noodler__init__trace-recorded.json	traceRecorded	-	default;9;1,3;5,5;47062;45548
noodler/init/composite-globals	artifacts/choice-trace-before/wire/noodler__init__composite-globals.json	compositeGlobals	-	default;9;1,3;5,5;47062;45548
noodler/init/package-method-value	artifacts/choice-trace-before/wire/noodler__init__package-method-value.json	packageMethodValue	-	default;9;1,3;5,5;47062;45548
noodler/initpanic/deadlock	artifacts/choice-trace-before/wire/noodler__initpanic__deadlock.json	afterInit	-	default;default;default;default;default;default
noodler/initpanic/panic	artifacts/choice-trace-before/wire/noodler__initpanic__panic.json	afterInit	-	default;default;default;default;default;default
noodler/initpanic/recovered	artifacts/choice-trace-before/wire/noodler__initpanic__recovered.json	afterInit	-	default;default;default;default;default;default
noodler/initpanic/var-panic	artifacts/choice-trace-before/wire/noodler__initpanic__var-panic.json	afterInit	-	default;default;default;default;default;default
noodler/latitude/slice-literal-index-vs-call	artifacts/choice-trace-before/wire/noodler__latitude__slice-literal-index-vs-call.json	sliceLiteralIndexVsCall	-	default;default;default;default;default;default
noodler/latitude/struct-literal-var-vs-call	artifacts/choice-trace-before/wire/noodler__latitude__struct-literal-var-vs-call.json	structLiteralVarVsCall	-	default;default;default;default;default;default
noodler/latitude/map-literal-key-vs-call	artifacts/choice-trace-before/wire/noodler__latitude__map-literal-key-vs-call.json	mapLiteralKeyVsCall	-	default;default;default;default;default;default
noodler/latitude/receiver-vs-arg-call	artifacts/choice-trace-before/wire/noodler__latitude__receiver-vs-arg-call.json	receiverVsArgCall	-	default;default;default;default;default;default
noodler/latitude/args-index-vs-call	artifacts/choice-trace-before/wire/noodler__latitude__args-index-vs-call.json	argsIndexVsCall	-	default;default;default;default;default;default
noodler/latitude/concat-var-vs-call	artifacts/choice-trace-before/wire/noodler__latitude__concat-var-vs-call.json	concatVarVsCall	-	default;default;default;default;default;default
noodler/latitude/conversion-index-vs-call	artifacts/choice-trace-before/wire/noodler__latitude__conversion-index-vs-call.json	conversionIndexVsCall	-	default;default;default;default;default;default
noodler/latitude/deref-vs-call	artifacts/choice-trace-before/wire/noodler__latitude__deref-vs-call.json	derefVsCall	-	default;default;default;default;default;default
noodler/latitude/index-call-index	artifacts/choice-trace-before/wire/noodler__latitude__index-call-index.json	indexCallIndex	-	default;default;default;default;default;default
noodler/latitude/return-operands	artifacts/choice-trace-before/wire/noodler__latitude__return-operands.json	returnOperands	-	default;default;default;default;default;default
noodler/latitude/send-value-vs-channel-call	artifacts/choice-trace-before/wire/noodler__latitude__send-value-vs-channel-call.json	sendValueVsChannelCall	-	default;default;default;default;default;default
noodler/latitude/rhs-list-index-call-index	artifacts/choice-trace-before/wire/noodler__latitude__rhs-list-index-call-index.json	rhsListIndexCallIndex	-	default;default;default;default;default;default
noodler/literals/integer-literal-forms	artifacts/choice-trace-before/wire/noodler__literals__integer-literal-forms.json	integerLiteralForms	-	default;default;default;default;default;default
noodler/literals/float-literal-forms	artifacts/choice-trace-before/wire/noodler__literals__float-literal-forms.json	floatLiteralForms	-	default;default;default;default;default;default
noodler/literals/rune-literal-escapes	artifacts/choice-trace-before/wire/noodler__literals__rune-literal-escapes.json	runeLiteralEscapes	-	default;default;default;default;default;default
noodler/literals/constant-exactness	artifacts/choice-trace-before/wire/noodler__literals__constant-exactness.json	constantExactness	-	default;default;default;default;default;default
noodler/literals/big-constant-shift	artifacts/choice-trace-before/wire/noodler__literals__big-constant-shift.json	bigConstantShift	-	default;default;default;default;default;default
noodler/literals/typed-float32-constants	artifacts/choice-trace-before/wire/noodler__literals__typed-float32-constants.json	typedFloat32Constants	-	default;default;default;default;default;default
noodler/literals/len-constants	artifacts/choice-trace-before/wire/noodler__literals__len-constants.json	lenConstants	-	default;default;default;default;default;default
noodler/literals/rune-constant-arith	artifacts/choice-trace-before/wire/noodler__literals__rune-constant-arith.json	runeConstantArithmetic	-	default;default;default;default;default;default
noodler/literals/constant-division	artifacts/choice-trace-before/wire/noodler__literals__constant-division.json	constantDivision	-	default;default;default;default;default;default
noodler/literals/iota-patterns	artifacts/choice-trace-before/wire/noodler__literals__iota-patterns.json	iotaPatterns	-	default;default;default;default;default;default
noodler/literals/typed-constant-boundaries	artifacts/choice-trace-before/wire/noodler__literals__typed-constant-boundaries.json	typedConstantBoundaries	-	default;default;default;default;default;default
noodler/literals/string-literal-forms	artifacts/choice-trace-before/wire/noodler__literals__string-literal-forms.json	stringLiteralForms	-	default;default;default;default;default;default
noodler/literals/float-constant-to-int	artifacts/choice-trace-before/wire/noodler__literals__float-constant-to-int.json	floatConstantToInt	-	default;default;default;default;default;default
noodler/literals/boolean-constants	artifacts/choice-trace-before/wire/noodler__literals__boolean-constants.json	booleanConstants	-	default;default;default;default;default;default
noodler/literals/default-types-interface	artifacts/choice-trace-before/wire/noodler__literals__default-types-interface.json	defaultTypesIntoInterface	-	default;default;default;default;default;default
noodler/literals/constant-mixed-variable	artifacts/choice-trace-before/wire/noodler__literals__constant-mixed-variable.json	constantMixedWithVariable	-	default;default;default;default;default;default
noodler/literals/constant-shift-constant	artifacts/choice-trace-before/wire/noodler__literals__constant-shift-constant.json	constantShiftByConstant	-	default;default;default;default;default;default
noodler/maps/compound-call-mutates	artifacts/choice-trace-before/wire/noodler__maps__compound-call-mutates.json	mapCompoundCallMutates	-	default;default;default;default;default;default
noodler/maps/slice-compound-call-mutates	artifacts/choice-trace-before/wire/noodler__maps__slice-compound-call-mutates.json	sliceCompoundCallMutates	-	default;default;default;default;default;default
noodler/maps/compound-call-deletes	artifacts/choice-trace-before/wire/noodler__maps__compound-call-deletes.json	mapCompoundCallDeletes	-	default;default;default;default;default;default
noodler/maps/array-key-nan	artifacts/choice-trace-before/wire/noodler__maps__array-key-nan.json	arrayKeyWithNaN	-	default;default;default;default;default;default
noodler/maps/struct-key-nan	artifacts/choice-trace-before/wire/noodler__maps__struct-key-nan.json	structKeyWithNaN	-	default;default;default;default;default;default
noodler/maps/delete-nan-key	artifacts/choice-trace-before/wire/noodler__maps__delete-nan-key.json	deleteNaNKey	-	default;default;default;default;default;default
noodler/maps/zero-size-keys	artifacts/choice-trace-before/wire/noodler__maps__zero-size-keys.json	zeroSizeKeys	-	default;default;default;default;default;default
noodler/maps/nil-inner-map-read	artifacts/choice-trace-before/wire/noodler__maps__nil-inner-map-read.json	nilInnerMapRead	-	default;default;default;default;default;default
noodler/maps/nil-inner-map-write	artifacts/choice-trace-before/wire/noodler__maps__nil-inner-map-write.json	nilInnerMapWrite	-	default;default;default;default;default;default
noodler/maps/nil-map-incdec	artifacts/choice-trace-before/wire/noodler__maps__nil-map-incdec.json	nilMapIncDec	-	default;default;default;default;default;default
noodler/maps/map-of-funcs	artifacts/choice-trace-before/wire/noodler__maps__map-of-funcs.json	mapOfFuncs	-	default;default;default;default;default;default
noodler/maps/map-of-funcs-missing	artifacts/choice-trace-before/wire/noodler__maps__map-of-funcs-missing.json	mapOfFuncsMissingKeyCall	-	default;default;default;default;default;default
noodler/maps/method-on-element	artifacts/choice-trace-before/wire/noodler__maps__method-on-element.json	methodOnMapElement	-	default;default;default;default;default;default
noodler/maps/invalid-byte-keys	artifacts/choice-trace-before/wire/noodler__maps__invalid-byte-keys.json	invalidByteStringKeys	-	default;default;default;default;default;default
noodler/maps/string-key-from-bytes	artifacts/choice-trace-before/wire/noodler__maps__string-key-from-bytes.json	stringKeyFromBytesIndependent	-	default;default;default;default;default;default
noodler/maps/element-copy	artifacts/choice-trace-before/wire/noodler__maps__element-copy.json	mapElementCopy	-	default;default;default;default;default;default
noodler/maps/swap-with-missing	artifacts/choice-trace-before/wire/noodler__maps__swap-with-missing.json	swapWithMissing	-	default;default;default;default;default;default
noodler/maps/tuple-two-map-targets	artifacts/choice-trace-before/wire/noodler__maps__tuple-two-map-targets.json	tupleAssignTwoMapTargets	-	default;default;default;default;default;default
noodler/maps/tuple-map-and-var	artifacts/choice-trace-before/wire/noodler__maps__tuple-map-and-var.json	tupleAssignMapAndVar	-	default;default;default;default;default;default
noodler/maps/map-of-slices-append	artifacts/choice-trace-before/wire/noodler__maps__map-of-slices-append.json	mapOfSlicesAppend	-	default;9,8;1,3;5,5;47062,17241;45548,4010
noodler/maps/extreme-int-keys	artifacts/choice-trace-before/wire/noodler__maps__extreme-int-keys.json	extremeIntKeys	-	default;default;default;default;default;default
noodler/maps/single-entry-range	artifacts/choice-trace-before/wire/noodler__maps__single-entry-range.json	singleEntryRange	-	default;default;default;default;default;default
noodler/maps/interface-key-nan	artifacts/choice-trace-before/wire/noodler__maps__interface-key-nan.json	interfaceKeyNaN	-	default;default;default;default;default;default
noodler/maps/map-of-arrays	artifacts/choice-trace-before/wire/noodler__maps__map-of-arrays.json	mapOfArrays	-	default;default;default;default;default;default
noodler/membership/two-senders-buffered	artifacts/choice-trace-before/wire/noodler__membership__two-senders-buffered.json	twoSendersBuffered	-	default;9,8,7,6,5,4,3,2;1,3,5,7,9,2,4,6,8,0;5,5,5,5,5,5,5,5;47062,17241,28876,43750,15194,49395,23194,43254,9513,31674;45548,4010,42376,18520,53319,16971,27516,38438,7281,33498
noodler/membership/three-key-map-order	artifacts/choice-trace-before/wire/noodler__membership__three-key-map-order.json	threeKeyMapOrder	-	default;9,8;1,3;5,5;47062,17241;45548,4010
noodler/membership/select-two-ready	artifacts/choice-trace-before/wire/noodler__membership__select-two-ready.json	selectTwoReady	-	default;9;1;5;47062;45548
noodler/membership/delete-other-key-during-range	artifacts/choice-trace-before/wire/noodler__membership__delete-other-key-during-range.json	deleteOtherKeyDuringRange	-	default;9;1;5;47062;45548
noodler/membership/insert-then-delete-during-range	artifacts/choice-trace-before/wire/noodler__membership__insert-then-delete-during-range.json	insertThenDeleteDuringRange	-	default;9,7;1,5;5,5;47062,17241;45548,4010
noodler/methods/method-on-func-type	artifacts/choice-trace-before/wire/noodler__methods__method-on-func-type.json	methodOnFuncType	-	default;default;default;default;default;default
noodler/methods/methods-on-array-type	artifacts/choice-trace-before/wire/noodler__methods__methods-on-array-type.json	methodsOnArrayType	-	default;default;default;default;default;default
noodler/methods/methods-on-slice-type	artifacts/choice-trace-before/wire/noodler__methods__methods-on-slice-type.json	methodsOnSliceType	-	default;9,8;1,3;5,5;47062,17241;45548,4010
noodler/methods/method-on-channel-type	artifacts/choice-trace-before/wire/noodler__methods__method-on-channel-type.json	methodOnChannelType	-	default;default;default;default;default;default
noodler/methods/methods-on-string-bool	artifacts/choice-trace-before/wire/noodler__methods__methods-on-string-bool.json	methodsOnStringAndBool	-	default;default;default;default;default;default
noodler/methods/method-value-binding	artifacts/choice-trace-before/wire/noodler__methods__method-value-binding.json	methodValueBindingTime	-	default;default;default;default;default;default
noodler/methods/method-expressions	artifacts/choice-trace-before/wire/noodler__methods__method-expressions.json	methodExpressions	-	default;default;default;default;default;default
noodler/methods/method-on-map-type	artifacts/choice-trace-before/wire/noodler__methods__method-on-map-type.json	methodOnMapType	-	default;default;default;default;default;default
noodler/methods/func-type-satisfies	artifacts/choice-trace-before/wire/noodler__methods__func-type-satisfies.json	funcTypeSatisfiesInterface	-	default;default;default;default;default;default
noodler/methods/pointer-receiver-elements	artifacts/choice-trace-before/wire/noodler__methods__pointer-receiver-elements.json	pointerReceiverThroughElements	-	default;default;default;default;default;default
noodler/methods/value-receiver-map-element	artifacts/choice-trace-before/wire/noodler__methods__value-receiver-map-element.json	valueReceiverThroughMapElement	-	default;default;default;default;default;default
noodler/methods/methods-on-literals	artifacts/choice-trace-before/wire/noodler__methods__methods-on-literals.json	methodsOnLiterals	-	default;default;default;default;default;default
noodler/methods/promoted-non-struct	artifacts/choice-trace-before/wire/noodler__methods__promoted-non-struct.json	promotedFromNonStructEmbedded	-	default;default;default;default;default;default
noodler/methods/outer-shadows-promoted	artifacts/choice-trace-before/wire/noodler__methods__outer-shadows-promoted.json	outerMethodShadowsPromoted	-	default;default;default;default;default;default
noodler/methods/explicit-path-ambiguity	artifacts/choice-trace-before/wire/noodler__methods__explicit-path-ambiguity.json	explicitPathAvoidsAmbiguity	-	default;default;default;default;default;default
noodler/methods/shallower-wins	artifacts/choice-trace-before/wire/noodler__methods__shallower-wins.json	shallowerMethodWins	-	default;default;default;default;default;default
noodler/methods/method-value-from-iface	artifacts/choice-trace-before/wire/noodler__methods__method-value-from-iface.json	methodValueFromInterface	-	default;default;default;default;default;default
noodler/methods/nil-receiver-recursion	artifacts/choice-trace-before/wire/noodler__methods__nil-receiver-recursion.json	nilReceiverRecursion	-	default;default;default;default;default;default
noodler/misc/range-int-no-var	artifacts/choice-trace-before/wire/noodler__misc__range-int-no-var.json	rangeIntNoVar	-	default;default;default;default;default;default
noodler/misc/range-chan-no-var	artifacts/choice-trace-before/wire/noodler__misc__range-chan-no-var.json	rangeChanNoVar	-	default;default;default;default;default;default
noodler/misc/goto-forward-nested-if	artifacts/choice-trace-before/wire/noodler__misc__goto-forward-nested-if.json	gotoForwardOutOfNestedIf	7	default;default;default;default;default;default
noodler/misc/labeled-continue-nested	artifacts/choice-trace-before/wire/noodler__misc__labeled-continue-nested.json	labeledContinueNested	-	default;default;default;default;default;default
noodler/misc/curried-add	artifacts/choice-trace-before/wire/noodler__misc__curried-add.json	curriedAdd	-	default;default;default;default;default;default
noodler/misc/array-of-channels	artifacts/choice-trace-before/wire/noodler__misc__array-of-channels.json	arrayOfChannels	-	default;default;default;default;default;default
noodler/misc/convert-named-func-types	artifacts/choice-trace-before/wire/noodler__misc__convert-named-func-types.json	convertNamedFuncTypes	-	default;default;default;default;default;default
noodler/misc/embedded-interface-shadowed	artifacts/choice-trace-before/wire/noodler__misc__embedded-interface-shadowed.json	embeddedInterfaceShadowed	-	default;default;default;default;default;default
noodler/misc/switch-init-no-tag	artifacts/choice-trace-before/wire/noodler__misc__switch-init-no-tag.json	switchInitNoTag	3	default;default;default;default;default;default
noodler/misc/recursive-slice-struct	artifacts/choice-trace-before/wire/noodler__misc__recursive-slice-struct.json	recursiveSliceStruct	-	default;default;default;default;default;default
noodler/misc/unary-operators	artifacts/choice-trace-before/wire/noodler__misc__unary-operators.json	unaryOperators	-	default;default;default;default;default;default
noodler/misc/iota-flag-masks	artifacts/choice-trace-before/wire/noodler__misc__iota-flag-masks.json	iotaFlagMasks	-	default;default;default;default;default;default
noodler/misc/copy-into-array-view	artifacts/choice-trace-before/wire/noodler__misc__copy-into-array-view.json	copyIntoArrayView	-	default;default;default;default;default;default
noodler/misc/indexed-array-literal	artifacts/choice-trace-before/wire/noodler__misc__indexed-array-literal.json	indexedArrayLiteral	-	default;default;default;default;default;default
noodler/misc/switch-true-tag	artifacts/choice-trace-before/wire/noodler__misc__switch-true-tag.json	switchTrueTag	0	default;default;default;default;default;default
noodler/misc/else-if-chain	artifacts/choice-trace-before/wire/noodler__misc__else-if-chain.json	elseIfChain	3	default;default;default;default;default;default
noodler/misc/pointer-method-counter	artifacts/choice-trace-before/wire/noodler__misc__pointer-method-counter.json	pointerMethodCounter	-	default;default;default;default;default;default
noodler/misc/shadow-package-var	artifacts/choice-trace-before/wire/noodler__misc__shadow-package-var.json	shadowPackageVar	-	default;default;default;default;default;default
noodler/misc/slice-of-slices-sharing	artifacts/choice-trace-before/wire/noodler__misc__slice-of-slices-sharing.json	sliceOfSlicesSharing	-	default;default;default;default;default;default
noodler/misc/struct-in-array-modify	artifacts/choice-trace-before/wire/noodler__misc__struct-in-array-modify.json	structInArrayModify	-	default;default;default;default;default;default
noodler/misc/labeled-break-switch-select	artifacts/choice-trace-before/wire/noodler__misc__labeled-break-switch-select.json	labeledBreakThroughSwitchSelect	-	default;default;default;default;default;default
noodler/names/shadow-len	artifacts/choice-trace-before/wire/noodler__names__shadow-len.json	shadowLen	-	default;default;default;default;default;default
noodler/names/shadow-true	artifacts/choice-trace-before/wire/noodler__names__shadow-true.json	shadowTrue	-	default;default;default;default;default;default
noodler/names/shadow-nil	artifacts/choice-trace-before/wire/noodler__names__shadow-nil.json	shadowNil	-	default;default;default;default;default;default
noodler/names/shadow-type-names	artifacts/choice-trace-before/wire/noodler__names__shadow-type-names.json	shadowTypeNames	-	default;default;default;default;default;default
noodler/names/shadow-iota	artifacts/choice-trace-before/wire/noodler__names__shadow-iota.json	shadowIota	-	default;default;default;default;default;default
noodler/names/shadow-builtin-funcs	artifacts/choice-trace-before/wire/noodler__names__shadow-builtin-funcs.json	shadowBuiltinFuncs	-	default;default;default;default;default;default
noodler/names/package-cap-var	artifacts/choice-trace-before/wire/noodler__names__package-cap-var.json	packageLevelCapVar	-	default;default;default;default;default;default
noodler/names/label-vs-variable	artifacts/choice-trace-before/wire/noodler__names__label-vs-variable.json	labelVsVariable	-	default;default;default;default;default;default
noodler/names/unicode-identifiers	artifacts/choice-trace-before/wire/noodler__names__unicode-identifiers.json	unicodeIdentifiers	-	default;default;default;default;default;default
noodler/names/local-type-switch	artifacts/choice-trace-before/wire/noodler__names__local-type-switch.json	localTypeInTypeSwitch	-	default;default;default;default;default;default
noodler/names/blank-names	artifacts/choice-trace-before/wire/noodler__names__blank-names.json	blankNames	-	default;default;default;default;default;default
noodler/names/shadow-func-name	artifacts/choice-trace-before/wire/noodler__names__shadow-func-name.json	shadowFuncName	-	default;default;default;default;default;default
noodler/names/method-named-builtin	artifacts/choice-trace-before/wire/noodler__names__method-named-builtin.json	methodNamedLikeBuiltin	-	default;default;default;default;default;default
noodler/names/short-redeclare	artifacts/choice-trace-before/wire/noodler__names__short-redeclare.json	shortRedeclare	-	default;default;default;default;default;default
noodler/names/if-init-shadow	artifacts/choice-trace-before/wire/noodler__names__if-init-shadow.json	ifInitShadow	-	default;default;default;default;default;default
noodler/panics/assert-pointer-to-value	artifacts/choice-trace-before/wire/noodler__panics__assert-pointer-to-value.json	assertPointerToValue	-	default;default;default;default;default;default
noodler/panics/assert-value-to-pointer	artifacts/choice-trace-before/wire/noodler__panics__assert-value-to-pointer.json	assertValueToPointer	-	default;default;default;default;default;default
noodler/panics/assert-value-missing-ptr-method	artifacts/choice-trace-before/wire/noodler__panics__assert-value-missing-ptr-method.json	assertValueMissingPointerMethod	-	default;default;default;default;default;default
noodler/panics/assert-pointer-has-both	artifacts/choice-trace-before/wire/noodler__panics__assert-pointer-has-both.json	assertPointerHasBoth	-	default;default;default;default;default;default
noodler/panics/assert-named-iface-mismatch	artifacts/choice-trace-before/wire/noodler__panics__assert-named-iface-mismatch.json	assertNamedInterfaceMismatch	-	default;default;default;default;default;default
noodler/panics/assert-nil-named-to-iface	artifacts/choice-trace-before/wire/noodler__panics__assert-nil-named-to-iface.json	assertNilNamedToInterface	-	default;default;default;default;default;default
noodler/panics/assert-nil-any-to-iface	artifacts/choice-trace-before/wire/noodler__panics__assert-nil-any-to-iface.json	assertNilAnyToInterface	-	default;default;default;default;default;default
noodler/panics/assert-defined-int-mismatch	artifacts/choice-trace-before/wire/noodler__panics__assert-defined-int-mismatch.json	assertDefinedIntMismatch	-	default;default;default;default;default;default
noodler/panics/assert-slice-mismatch	artifacts/choice-trace-before/wire/noodler__panics__assert-slice-mismatch.json	assertSliceMismatch	-	default;default;default;default;default;default
noodler/panics/assert-func-mismatch	artifacts/choice-trace-before/wire/noodler__panics__assert-func-mismatch.json	assertFuncMismatch	-	default;default;default;default;default;default
noodler/panics/assert-map-to-iface	artifacts/choice-trace-before/wire/noodler__panics__assert-map-to-iface.json	assertMapToInterface	-	default;default;default;default;default;default
noodler/panics/assert-pointer-defined-int	artifacts/choice-trace-before/wire/noodler__panics__assert-pointer-defined-int.json	assertPointerDefinedInt	-	default;default;default;default;default;default
noodler/panics/comma-ok-matrix	artifacts/choice-trace-before/wire/noodler__panics__comma-ok-matrix.json	commaOkMatrix	-	default;default;default;default;default;default
noodler/panics/type-switch-matrix	artifacts/choice-trace-before/wire/noodler__panics__type-switch-matrix.json	typeSwitchMatrix	-	default;default;default;default;default;default
noodler/ranges/assign-form-identifiers	artifacts/choice-trace-before/wire/noodler__ranges__assign-form-identifiers.json	assignFormIdentifiers	-	default;default;default;default;default;default
noodler/ranges/assign-form-string-map	artifacts/choice-trace-before/wire/noodler__ranges__assign-form-string-map.json	assignFormStringAndMap	-	default;default;default;default;default;default
noodler/ranges/array-value-copy-during-range	artifacts/choice-trace-before/wire/noodler__ranges__array-value-copy-during-range.json	arrayValueCopyDuringRange	-	default;default;default;default;default;default
noodler/ranges/array-pointer-sees-writes	artifacts/choice-trace-before/wire/noodler__ranges__array-pointer-sees-writes.json	arrayPointerSeesWrites	-	default;default;default;default;default;default
noodler/ranges/slice-sees-writes	artifacts/choice-trace-before/wire/noodler__ranges__slice-sees-writes.json	sliceSeesWrites	-	default;default;default;default;default;default
noodler/ranges/array-of-structs-copies	artifacts/choice-trace-before/wire/noodler__ranges__array-of-structs-copies.json	arrayOfStructsCopies	-	default;default;default;default;default;default
noodler/ranges/range-int-evaluated-once	artifacts/choice-trace-before/wire/noodler__ranges__range-int-evaluated-once.json	rangeIntEvaluatedOnce	-	default;default;default;default;default;default
noodler/ranges/range-empty-and-index-only	artifacts/choice-trace-before/wire/noodler__ranges__range-empty-and-index-only.json	rangeEmptyAndIndexOnly	-	default;default;default;default;default;default
noodler/ranges/slice-reassigned-in-body	artifacts/choice-trace-before/wire/noodler__ranges__slice-reassigned-in-body.json	sliceReassignedInBody	-	default;default;default;default;default;default
noodler/ranges/nil-array-pointer-index-only	artifacts/choice-trace-before/wire/noodler__ranges__nil-array-pointer-index-only.json	nilArrayPointerIndexOnly	-	default;default;default;default;default;default
noodler/ranges/nil-array-pointer-value	artifacts/choice-trace-before/wire/noodler__ranges__nil-array-pointer-value.json	nilArrayPointerValue	-	default;default;default;default;default;default
noodler/ranges/labeled-continue-range-chan	artifacts/choice-trace-before/wire/noodler__ranges__labeled-continue-range-chan.json	labeledContinueRangeChan	-	default;default;default;default;default;default
noodler/ranges/string-rune-byte-sums	artifacts/choice-trace-before/wire/noodler__ranges__string-rune-byte-sums.json	stringRuneAndByteSums	-	default;default;default;default;default;default
noodler/ranges/range-typed-int-var	artifacts/choice-trace-before/wire/noodler__ranges__range-typed-int-var.json	rangeTypedIntVar	-	default;default;default;default;default;default
noodler/select/all-nil-default	artifacts/choice-trace-before/wire/noodler__select__all-nil-default.json	selectAllNilDefault	-	default;default;default;default;default;default
noodler/select/nil-beside-ready	artifacts/choice-trace-before/wire/noodler__select__nil-beside-ready.json	selectNilBesideReady	-	default;default;default;default;default;default
noodler/select/closed-receive	artifacts/choice-trace-before/wire/noodler__select__closed-receive.json	selectClosedReceive	-	default;default;default;default;default;default
noodler/select/send-closed	artifacts/choice-trace-before/wire/noodler__select__send-closed.json	selectSendClosed	-	default;default;default;default;default;default
noodler/select/all-nil-deadlock	artifacts/choice-trace-before/wire/noodler__select__all-nil-deadlock.json	selectAllNilDeadlock	-	default;default;default;default;default;default
noodler/select/drain-closed-buffered	artifacts/choice-trace-before/wire/noodler__select__drain-closed-buffered.json	drainClosedBuffered	-	default;default;default;default;default;default
noodler/select/range-closed-buffered	artifacts/choice-trace-before/wire/noodler__select__range-closed-buffered.json	rangeClosedBufferedSum	-	default;default;default;default;default;default
noodler/select/break-in-select-in-for	artifacts/choice-trace-before/wire/noodler__select__break-in-select-in-for.json	breakInSelectInFor	-	default;default;default;default;default;default
noodler/select/labeled-break-select-loop	artifacts/choice-trace-before/wire/noodler__select__labeled-break-select-loop.json	labeledBreakSelectLoop	-	default;default;default;default;default;default
noodler/select/channel-of-channels	artifacts/choice-trace-before/wire/noodler__select__channel-of-channels.json	channelOfChannels	-	default;default;default;default;default;default
noodler/select/channel-of-funcs	artifacts/choice-trace-before/wire/noodler__select__channel-of-funcs.json	channelOfFuncs	-	default;default;default;default;default;default
noodler/select/nil-directional-len-cap	artifacts/choice-trace-before/wire/noodler__select__nil-directional-len-cap.json	nilAndDirectionalLenCap	-	default;default;default;default;default;default
noodler/select/close-wakes-receiver	artifacts/choice-trace-before/wire/noodler__select__close-wakes-receiver.json	closeWakesReceiver	-	default;9,8,7,6,5,4,3,2,1;1,3,5,7,9,2,4;5,5,5,5,5,5,5;47062,17241,28876,43750,15194,49395,23194,43254,9513,31674;45548,4010,42376,18520,53319,16971
noodler/select/switch-nan-tag	artifacts/choice-trace-before/wire/noodler__select__switch-nan-tag.json	switchNaNTag	-	default;default;default;default;default;default
noodler/select/switch-array-tag	artifacts/choice-trace-before/wire/noodler__select__switch-array-tag.json	switchArrayTag	-	default;default;default;default;default;default
noodler/select/switch-struct-tag	artifacts/choice-trace-before/wire/noodler__select__switch-struct-tag.json	switchStructTag	-	default;default;default;default;default;default
noodler/select/switch-duplicate-runtime	artifacts/choice-trace-before/wire/noodler__select__switch-duplicate-runtime.json	switchDuplicateRuntimeCases	-	default;default;default;default;default;default
noodler/select/default-only	artifacts/choice-trace-before/wire/noodler__select__default-only.json	selectDefaultOnly	-	default;default;default;default;default;default
noodler/select/self-send-recv-default	artifacts/choice-trace-before/wire/noodler__select__self-send-recv-default.json	selectSelfSendRecvDefault	-	default;default;default;default;default;default
noodler/select/closed-struct-zero	artifacts/choice-trace-before/wire/noodler__select__closed-struct-zero.json	closedStructChannelZero	-	default;default;default;default;default;default
noodler/select/ping-pong	artifacts/choice-trace-before/wire/noodler__select__ping-pong.json	pingPong	-	default;9,8,7,6,5,4,3,2,1,0;1,3,5,7,9,2,4,6,8,0;5,5,5,5,5,5,5,5;47062,17241,28876,43750,15194,49395,23194,43254,9513,31674,16891,46322,48508,4896,44218,28684,13594,1567,27860,25141,14699,15757,19422,56162,37437,22448,3876,40608;45548,4010,42376,18520,53319,16971,27516,38438,7281,33498,29351,49938,42482,40450,61504,34554,5354,61997,38926,27463,6056,51174,39660,27994,12013,59686,47063,35114
noodler/select/fallthrough-middle-default-1	artifacts/choice-trace-before/wire/noodler__select__fallthrough-middle-default-1.json	fallthroughIntoMiddleDefault	1	default;default;default;default;default;default
noodler/select/fallthrough-middle-default-2	artifacts/choice-trace-before/wire/noodler__select__fallthrough-middle-default-2.json	fallthroughIntoMiddleDefault	2	default;default;default;default;default;default
noodler/select/fallthrough-middle-default-9	artifacts/choice-trace-before/wire/noodler__select__fallthrough-middle-default-9.json	fallthroughIntoMiddleDefault	9	default;default;default;default;default;default
noodler/slices/append-reallocates-at-cap	artifacts/choice-trace-before/wire/noodler__slices__append-reallocates-at-cap.json	appendReallocatesAtCap	-	default;9;1;5;47062;45548
noodler/slices/append-shares-within-cap	artifacts/choice-trace-before/wire/noodler__slices__append-shares-within-cap.json	appendSharesWithinCap	-	default;default;default;default;default;default
noodler/slices/append-to-prefix-overwrites	artifacts/choice-trace-before/wire/noodler__slices__append-to-prefix-overwrites.json	appendToPrefixOverwrites	-	default;default;default;default;default;default
noodler/slices/append-into-array-storage	artifacts/choice-trace-before/wire/noodler__slices__append-into-array-storage.json	appendIntoArrayStorage	-	default;default;default;default;default;default
noodler/slices/full-slice-forces-realloc	artifacts/choice-trace-before/wire/noodler__slices__full-slice-forces-realloc.json	fullSliceForcesRealloc	-	default;9;1;5;47062;45548
noodler/slices/reslice-zero-then-append	artifacts/choice-trace-before/wire/noodler__slices__reslice-zero-then-append.json	resliceZeroThenAppend	-	default;default;default;default;default;default
noodler/slices/callee-append-within-cap	artifacts/choice-trace-before/wire/noodler__slices__callee-append-within-cap.json	calleeAppendWithinCap	-	default;default;default;default;default;default
noodler/slices/delete-idiom-tail	artifacts/choice-trace-before/wire/noodler__slices__delete-idiom-tail.json	deleteIdiomTail	-	default;default;default;default;default;default
noodler/slices/append-self-doubles	artifacts/choice-trace-before/wire/noodler__slices__append-self-doubles.json	appendSelfDoubles	-	default;9;1;5;47062;45548
noodler/slices/byte-slice-sub-alias	artifacts/choice-trace-before/wire/noodler__slices__byte-slice-sub-alias.json	byteSliceSubAlias	-	default;default;default;default;default;default
noodler/slices/reslice-beyond-len-sees-append	artifacts/choice-trace-before/wire/noodler__slices__reslice-beyond-len-sees-append.json	resliceBeyondLenSeesAppend	-	default;default;default;default;default;default
noodler/slices/nested-reslice-shares	artifacts/choice-trace-before/wire/noodler__slices__nested-reslice-shares.json	nestedResliceShares	-	default;default;default;default;default;default
noodler/slices/chained-appends-within-cap	artifacts/choice-trace-before/wire/noodler__slices__chained-appends-within-cap.json	chainedAppendsWithinCap	-	default;default;default;default;default;default
noodler/slices/header-copy-independence	artifacts/choice-trace-before/wire/noodler__slices__header-copy-independence.json	headerCopyIndependence	-	default;9;1;5;47062;45548
noodler/slices/nil-vs-empty-append	artifacts/choice-trace-before/wire/noodler__slices__nil-vs-empty-append.json	nilVsEmptyAppend	-	default;9,8;1,3;5,5;47062,17241;45548,4010
noodler/slices/array-pointer-slice-shares	artifacts/choice-trace-before/wire/noodler__slices__array-pointer-slice-shares.json	arrayPointerSliceShares	-	default;default;default;default;default;default
noodler/strconv-formatint/edges	artifacts/choice-trace-before/wire/noodler__strconv-formatint__edges.json	formatIntEdges	-	default;default;default;default;default;default
noodler/strconv-formatint/positive	artifacts/choice-trace-before/wire/noodler__strconv-formatint__positive.json	formatIntPositive	-	default;default;default;default;default;default
noodler/strings/range-indices-multibyte	artifacts/choice-trace-before/wire/noodler__strings__range-indices-multibyte.json	rangeIndicesMultibyte	-	default;default;default;default;default;default
noodler/strings/byte-inside-rune	artifacts/choice-trace-before/wire/noodler__strings__byte-inside-rune.json	byteInsideRune	-	default;default;default;default;default;default
noodler/strings/string-from-bytes-copies	artifacts/choice-trace-before/wire/noodler__strings__string-from-bytes-copies.json	stringFromBytesCopies	-	default;default;default;default;default;default
noodler/strings/string-ordering	artifacts/choice-trace-before/wire/noodler__strings__string-ordering.json	stringOrdering	-	default;default;default;default;default;default
noodler/strings/concat-loop	artifacts/choice-trace-before/wire/noodler__strings__concat-loop.json	concatLoop	-	default;default;default;default;default;default
noodler/strings/rune-count-vs-len	artifacts/choice-trace-before/wire/noodler__strings__rune-count-vs-len.json	runeCountVsLen	-	default;default;default;default;default;default
noodler/strings/fields-unicode-spaces	artifacts/choice-trace-before/wire/noodler__strings__fields-unicode-spaces.json	fieldsUnicodeSpaces	-	default;default;default;default;default;default
noodler/strings/trimspace-unicode	artifacts/choice-trace-before/wire/noodler__strings__trimspace-unicode.json	trimSpaceUnicode	-	default;default;default;default;default;default
noodler/strings/split-edges	artifacts/choice-trace-before/wire/noodler__strings__split-edges.json	splitEdges	-	default;default;default;default;default;default
noodler/strings/join-repeat-edges	artifacts/choice-trace-before/wire/noodler__strings__join-repeat-edges.json	joinRepeatEdges	-	default;default;default;default;default;default
noodler/strings/parse-uint-edges	artifacts/choice-trace-before/wire/noodler__strings__parse-uint-edges.json	parseUintEdges	-	default;9;1;5;47062;45548
noodler/strings/sprint-spacing	artifacts/choice-trace-before/wire/noodler__strings__sprint-spacing.json	sprintSpacing	-	default;9,8,7,6,5,4,3,2;1,3,5,7,9,2,4,6;5,5,5,5,5,5,5,5;47062,17241,28876,43750,15194,49395,23194,43254;45548,4010,42376,18520,53319,16971,27516,38438
noodler/strings/sprintf-verbs	artifacts/choice-trace-before/wire/noodler__strings__sprintf-verbs.json	sprintfVerbs	-	default;9,8,7;1,3,5;5,5,5;47062,17241,28876;45548,4010,42376
noodler/strings/sprintln-basics	artifacts/choice-trace-before/wire/noodler__strings__sprintln-basics.json	sprintlnBasics	-	default;9,8;1,3;5,5;47062,17241;45548,4010
noodler/strings/errors-new-errorf	artifacts/choice-trace-before/wire/noodler__strings__errors-new-errorf.json	errorsNewAndErrorf	-	default;default;default;default;default;default
noodler/strings/stringer-rendering	artifacts/choice-trace-before/wire/noodler__strings__stringer-rendering.json	stringerRendering	-	default;9,8;1,3;5,5;47062,17241;45548,4010
noodler/strings/byte-equal-strings	artifacts/choice-trace-before/wire/noodler__strings__byte-equal-strings.json	byteEqualStrings	-	default;default;default;default;default;default
noodler/strings/substring-then-bytes	artifacts/choice-trace-before/wire/noodler__strings__substring-then-bytes.json	substringThenBytes	-	default;default;default;default;default;default
noodler/strings/invalid-bytes-preserved	artifacts/choice-trace-before/wire/noodler__strings__invalid-bytes-preserved.json	invalidBytesPreserved	-	default;default;default;default;default;default
noodler/structs/array-nan-self-eq	artifacts/choice-trace-before/wire/noodler__structs__array-nan-self-eq.json	arrayWithNaNSelfEquality	-	default;default;default;default;default;default
noodler/structs/struct-nan-field	artifacts/choice-trace-before/wire/noodler__structs__struct-nan-field.json	structWithNaNField	-	default;default;default;default;default;default
noodler/structs/struct-eq-all-fields	artifacts/choice-trace-before/wire/noodler__structs__struct-eq-all-fields.json	structEqualityAllFields	-	default;default;default;default;default;default
noodler/structs/pointer-equality	artifacts/choice-trace-before/wire/noodler__structs__pointer-equality.json	pointerEquality	-	default;default;default;default;default;default
noodler/structs/pointer-to-copies	artifacts/choice-trace-before/wire/noodler__structs__pointer-to-copies.json	pointerToCopies	-	default;default;default;default;default;default
noodler/structs/array-value-semantics	artifacts/choice-trace-before/wire/noodler__structs__array-value-semantics.json	arrayValueSemantics	-	default;default;default;default;default;default
noodler/structs/zero-length-array-eq	artifacts/choice-trace-before/wire/noodler__structs__zero-length-array-eq.json	zeroLengthArrayEquality	-	default;default;default;default;default;default
noodler/structs/nested-struct-eq	artifacts/choice-trace-before/wire/noodler__structs__nested-struct-eq.json	nestedStructEquality	-	default;default;default;default;default;default
noodler/structs/func-nil-comparison	artifacts/choice-trace-before/wire/noodler__structs__func-nil-comparison.json	funcNilComparison	-	default;default;default;default;default;default
noodler/structs/channel-equality	artifacts/choice-trace-before/wire/noodler__structs__channel-equality.json	channelEquality	-	default;default;default;default;default;default
noodler/structs/struct-blank-field	artifacts/choice-trace-before/wire/noodler__structs__struct-blank-field.json	structWithBlankField	-	default;default;default;default;default;default
noodler/structs/struct-copy-deep	artifacts/choice-trace-before/wire/noodler__structs__struct-copy-deep.json	structCopyDeep	-	default;default;default;default;default;default
noodler/structs/address-of-literal	artifacts/choice-trace-before/wire/noodler__structs__address-of-literal.json	addressOfCompositeLiteral	-	default;default;default;default;default;default
noodler/structs/interface-pointer-identity	artifacts/choice-trace-before/wire/noodler__structs__interface-pointer-identity.json	interfacePointerIdentity	-	default;default;default;default;default;default
noodler/structs/embedded-struct-eq	artifacts/choice-trace-before/wire/noodler__structs__embedded-struct-eq.json	embeddedStructEquality	-	default;default;default;default;default;default
noodler/structs/array-of-structs	artifacts/choice-trace-before/wire/noodler__structs__array-of-structs.json	arrayOfStructs	-	default;default;default;default;default;default
noodler/structs/multi-dim-arrays	artifacts/choice-trace-before/wire/noodler__structs__multi-dim-arrays.json	multiDimArrays	-	default;default;default;default;default;default
noodler/structs/slice-of-arrays	artifacts/choice-trace-before/wire/noodler__structs__slice-of-arrays.json	sliceOfArrays	-	default;default;default;default;default;default
noodler/structs/pointer-to-array-alias	artifacts/choice-trace-before/wire/noodler__structs__pointer-to-array-alias.json	pointerToArrayAlias	-	default;default;default;default;default;default
noodler/structs/linked-list-sum	artifacts/choice-trace-before/wire/noodler__structs__linked-list-sum.json	linkedListSum	-	default;default;default;default;default;default
noodler/structs/struct-func-field	artifacts/choice-trace-before/wire/noodler__structs__struct-func-field.json	structFuncField	-	default;default;default;default;default;default
noodler/syncmisuse/runlock-of-unlocked	artifacts/choice-trace-before/wire/noodler__syncmisuse__runlock-of-unlocked.json	rUnlockOfUnlocked	-	default;default;default;default;default;default
noodler/syncmisuse/unlock-of-unlocked-rw	artifacts/choice-trace-before/wire/noodler__syncmisuse__unlock-of-unlocked-rw.json	unlockOfUnlockedRW	-	default;default;default;default;default;default
noodler/syncmisuse/once-nested-deadlock	artifacts/choice-trace-before/wire/noodler__syncmisuse__once-nested-deadlock.json	onceNestedDeadlock	-	default;default;default;default;default;default
noodler/syncmisuse/mutex-copy-carries-state	artifacts/choice-trace-before/wire/noodler__syncmisuse__mutex-copy-carries-state.json	mutexCopyCarriesState	-	default;default;default;default;default;default
noodler/syncmisuse/mutex-copy-independent	artifacts/choice-trace-before/wire/noodler__syncmisuse__mutex-copy-independent.json	mutexCopyIndependent	-	default;default;default;default;default;default
noodler/syncmisuse/unlock-from-other-goroutine	artifacts/choice-trace-before/wire/noodler__syncmisuse__unlock-from-other-goroutine.json	unlockFromOtherGoroutine	-	default;9,8,7,6,5,4,3;1,3,5,7,9,2,4,6,8,0;5,5,5,5,5,5;47062,17241,28876,43750;45548,4010,42376
noodler/syncmisuse/waitgroup-reuse	artifacts/choice-trace-before/wire/noodler__syncmisuse__waitgroup-reuse.json	waitGroupReuse	-	default;9,8,7,6,5,4,3,2,1,0;1,3,5,7,9,2,4,6,8,0;5,5,5,5,5,5,5,5;47062,17241,28876,43750,15194,49395,23194,43254,9513,31674,16891,46322,48508,4896,44218,28684,13594,1567,27860,25141,14699,15757,19422,56162,37437,22448,3876,40608,9553;45548,4010,42376,18520,53319,16971,27516,38438,7281,33498,29351,49938,42482,40450,61504,34554,5354,61997,38926,27463,6056,51174,39660,27994,12013,59686,47063,35114,16911,57411,51798,45524,30045
noodler/syncmisuse/wait-on-zero-counter	artifacts/choice-trace-before/wire/noodler__syncmisuse__wait-on-zero-counter.json	waitOnZeroCounter	-	default;default;default;default;default;default
noodler/syncmisuse/recursive-read-lock	artifacts/choice-trace-before/wire/noodler__syncmisuse__recursive-read-lock.json	recursiveReadLock	-	default;default;default;default;default;default
noodler/syncmisuse/rlock-while-write-locked	artifacts/choice-trace-before/wire/noodler__syncmisuse__rlock-while-write-locked.json	rlockWhileWriteLocked	-	default;default;default;default;default;default
noodler/syncmisuse/once-different-funcs	artifacts/choice-trace-before/wire/noodler__syncmisuse__once-different-funcs.json	onceDifferentFuncs	-	default;default;default;default;default;default
noodler/syncmisuse/defer-unlock-during-panic	artifacts/choice-trace-before/wire/noodler__syncmisuse__defer-unlock-during-panic.json	deferUnlockDuringPanic	-	default;default;default;default;default;default
noodler/typeswitch/first-interface-case-wins	artifacts/choice-trace-before/wire/noodler__typeswitch__first-interface-case-wins.json	firstInterfaceCaseWins	-	default;default;default;default;default;default
noodler/typeswitch/interface-before-concrete	artifacts/choice-trace-before/wire/noodler__typeswitch__interface-before-concrete.json	interfaceBeforeConcrete	-	default;default;default;default;default;default
noodler/typeswitch/case-any-vs-nil	artifacts/choice-trace-before/wire/noodler__typeswitch__case-any-vs-nil.json	caseAnyVsNil	-	default;default;default;default;default;default
noodler/typeswitch/multi-type-case-binding	artifacts/choice-trace-before/wire/noodler__typeswitch__multi-type-case-binding.json	multiTypeCaseBinding	-	default;default;default;default;default;default
noodler/typeswitch/typed-nil-pointer-case	artifacts/choice-trace-before/wire/noodler__typeswitch__typed-nil-pointer-case.json	typedNilPointerCase	-	default;default;default;default;default;default
noodler/typeswitch/default-in-middle	artifacts/choice-trace-before/wire/noodler__typeswitch__default-in-middle.json	defaultInMiddle	-	default;default;default;default;default;default
noodler/typeswitch/switch-on-named-interface	artifacts/choice-trace-before/wire/noodler__typeswitch__switch-on-named-interface.json	switchOnNamedInterface	-	default;default;default;default;default;default
noodler/typeswitch/switch-on-generic-instance	artifacts/choice-trace-before/wire/noodler__typeswitch__switch-on-generic-instance.json	switchOnGenericInstance	-	default;default;default;default;default;default
panic-recover/defer-arg-during-panic	artifacts/choice-trace-before/wire/panic-recover__defer-arg-during-panic.json	deferArgDuringPanic	-	default;default;default;default;default;default
panic-recover/defer-panic-after-return	artifacts/choice-trace-before/wire/panic-recover__defer-panic-after-return.json	deferPanicAfterReturn	-	default;default;default;default;default;default
panic-recover/defer-panic-recovered-after-return	artifacts/choice-trace-before/wire/panic-recover__defer-panic-recovered-after-return.json	deferPanicRecoveredAfterReturn	-	default;default;default;default;default;default
panic-recover/defer-recover-builtin	artifacts/choice-trace-before/wire/panic-recover__defer-recover-builtin.json	deferRecoverBuiltin	-	default;default;default;default;default;default
panic-recover/deferred-panic-replaces	artifacts/choice-trace-before/wire/panic-recover__deferred-panic-replaces.json	deferredPanicReplaces	-	default;default;default;default;default;default
panic-recover/defer-registered-during-unwind	artifacts/choice-trace-before/wire/panic-recover__defer-registered-during-unwind.json	deferRegisteredDuringUnwind	-	default;default;default;default;default;default
panic-recover/named-result-preserved-after-recover	artifacts/choice-trace-before/wire/panic-recover__named-result-preserved-after-recover.json	namedResultPreservedAfterRecover	-	default;default;default;default;default;default
panic-recover/nested-frame-recover	artifacts/choice-trace-before/wire/panic-recover__nested-frame-recover.json	nestedFrameRecover	-	default;default;default;default;default;default
panic-recover/nil-defer-during-unwind-abort	artifacts/choice-trace-before/wire/panic-recover__nil-defer-during-unwind-abort.json	nilDeferDuringUnwindAbort	-	default;default;default;default;default;default
panic-recover/nil-defer-during-unwind	artifacts/choice-trace-before/wire/panic-recover__nil-defer-during-unwind.json	nilDeferDuringUnwind	-	default;default;default;default;default;default
panic-recover/panic-bool-abort	artifacts/choice-trace-before/wire/panic-recover__panic-bool-abort.json	panicBoolAbort	-	default;default;default;default;default;default
panic-recover/panic-defer-order	artifacts/choice-trace-before/wire/panic-recover__panic-defer-order.json	panicDeferOrder	-	default;default;default;default;default;default
panic-recover/panic-defined-payload-methods/error	artifacts/choice-trace-before/wire/panic-recover__panic-defined-payload-methods__error.json	panicDefinedErrorPayload	-	default;default;default;default;default;default
panic-recover/panic-defined-payload-methods/stringer	artifacts/choice-trace-before/wire/panic-recover__panic-defined-payload-methods__stringer.json	panicDefinedStringerPayload	-	default;default;default;default;default;default
panic-recover/panic-defined-payload-methods/plain	artifacts/choice-trace-before/wire/panic-recover__panic-defined-payload-methods__plain.json	panicDefinedPlainPayload	-	default;default;default;default;default;default
panic-recover/panic-defined-payload-methods/error-forced-half	artifacts/choice-trace-before/wire/panic-recover__panic-defined-payload-methods__error-forced-half.json	recoverDefinedErrorPayload	-	default;default;default;default;default;default
panic-recover/panic-defined-payload-methods/stringer-forced-half	artifacts/choice-trace-before/wire/panic-recover__panic-defined-payload-methods__stringer-forced-half.json	recoverDefinedStringerPayload	-	default;default;default;default;default;default
panic-recover/panic-int-abort	artifacts/choice-trace-before/wire/panic-recover__panic-int-abort.json	panicIntAbort	-	default;default;default;default;default;default
panic-recover/panic-named-type-abort	artifacts/choice-trace-before/wire/panic-recover__panic-named-type-abort.json	panicNamedTypeAbort	-	default;default;default;default;default;default
panic-recover/panic-newline-abort	artifacts/choice-trace-before/wire/panic-recover__panic-newline-abort.json	panicNewlineAbort	-	default;default;default;default;default;default
panic-recover/panic-nil-abort	artifacts/choice-trace-before/wire/panic-recover__panic-nil-abort.json	panicNilAbort	-	default;default;default;default;default;default
panic-recover/panic-nil-recover	artifacts/choice-trace-before/wire/panic-recover__panic-nil-recover.json	panicNilRecover	-	default;default;default;default;default;default
panic-recover/panic-typed-nil-recover	artifacts/choice-trace-before/wire/panic-recover__panic-typed-nil-recover.json	panicTypedNilRecover	-	default;default;default;default;default;default
panic-recover/recover-direct	artifacts/choice-trace-before/wire/panic-recover__recover-direct.json	recoverDirect	-	default;default;default;default;default;default
panic-recover/recover-in-defer-args	artifacts/choice-trace-before/wire/panic-recover__recover-in-defer-args.json	recoverInDeferArgs	-	default;default;default;default;default;default
panic-recover/recover-in-defer-args-panicking	artifacts/choice-trace-before/wire/panic-recover__recover-in-defer-args-panicking.json	recoverInDeferArgsPanicking	-	default;default;default;default;default;default
panic-recover/recover-in-deferred-method	artifacts/choice-trace-before/wire/panic-recover__recover-in-deferred-method.json	recoverInDeferredMethod	-	default;default;default;default;default;default
panic-recover/recover-indirect	artifacts/choice-trace-before/wire/panic-recover__recover-indirect.json	recoverIndirect	-	default;default;default;default;default;default
panic-recover/recover-loop-defer	artifacts/choice-trace-before/wire/panic-recover__recover-loop-defer.json	recoverLoopDefer	-	default;default;default;default;default;default
panic-recover/recover-outside-defer	artifacts/choice-trace-before/wire/panic-recover__recover-outside-defer.json	recoverOutsideDefer	-	default;default;default;default;default;default
panic-recover/recover-repanic	artifacts/choice-trace-before/wire/panic-recover__recover-repanic.json	recoverRepanic	-	default;default;default;default;default;default
panic-recover/recover-store-local	artifacts/choice-trace-before/wire/panic-recover__recover-store-local.json	recoverStoreLocal	-	default;default;default;default;default;default
panic-recover/recover-twice	artifacts/choice-trace-before/wire/panic-recover__recover-twice.json	recoverTwice	-	default;default;default;default;default;default
panic-recover/recover-value	artifacts/choice-trace-before/wire/panic-recover__recover-value.json	recoverValue	-	default;default;default;default;default;default
panic-recover/repanic-recovered-by-outer	artifacts/choice-trace-before/wire/panic-recover__repanic-recovered-by-outer.json	repanicRecoveredByOuter	-	default;default;default;default;default;default
panic-recover/repanic-same-value-abort	artifacts/choice-trace-before/wire/panic-recover__repanic-same-value-abort.json	repanicSameValueAbort	-	default;default;default;default;default;default
panic-recover/repanic-same-value-abort/forced-half	artifacts/choice-trace-before/wire/panic-recover__repanic-same-value-abort__forced-half.json	repanicSameValueForcedHalf	-	default;default;default;default;default;default
panic-recover/return-expression-panic-recovered	artifacts/choice-trace-before/wire/panic-recover__return-expression-panic-recovered.json	returnExpressionPanicRecovered	-	default;default;default;default;default;default
panic-recover/self-recovered-defer-panic	artifacts/choice-trace-before/wire/panic-recover__self-recovered-defer-panic.json	selfRecoveredDeferPanic	-	default;default;default;default;default;default
panic-recover/shim-refusal-unrecoverable/parse-recover	artifacts/choice-trace-before/wire/panic-recover__shim-refusal-unrecoverable__parse-recover.json	parseRecover	-	default;9,8;1,3;5,5;47062,17241;45548,4010
panic-recover/shim-refusal-unrecoverable/split-recover	artifacts/choice-trace-before/wire/panic-recover__shim-refusal-unrecoverable__split-recover.json	splitRecover	-	default;9,8;1,3;5,5;47062,17241;45548,4010
panic-recover/shim-refusal-unrecoverable/render-recover	artifacts/choice-trace-before/wire/panic-recover__shim-refusal-unrecoverable__render-recover.json	renderRecover	-	default;9;1;5;47062;45548
panic-recover/unnamed-recover-zero-return	artifacts/choice-trace-before/wire/panic-recover__unnamed-recover-zero-return.json	unnamedRecoverZeroReturn	-	default;default;default;default;default;default
pointers/address-array-index	artifacts/choice-trace-before/wire/pointers__address-array-index.json	pointerAddressArrayIndex	-	default;default;default;default;default;default
pointers/address-field	artifacts/choice-trace-before/wire/pointers__address-field.json	pointerAddressField	-	default;default;default;default;default;default
pointers/composite-literal-address	artifacts/choice-trace-before/wire/pointers__composite-literal-address.json	pointerCompositeLiteralAddress	-	default;default;default;default;default;default
pointers/deref-assign	artifacts/choice-trace-before/wire/pointers__deref-assign.json	pointerDerefAssign	-	default;default;default;default;default;default
pointers/deref-target-rhs-call-order	artifacts/choice-trace-before/wire/pointers__deref-target-rhs-call-order.json	derefTargetRhsCallOrder	-	default;default;default;default;default;default
pointers/inc-via-call	artifacts/choice-trace-before/wire/pointers__inc-via-call.json	incViaCall	-	default;default;default;default;default;default
pointers/nil-array-elem-store	artifacts/choice-trace-before/wire/pointers__nil-array-elem-store.json	nilArrayElemStore	-	default;default;default;default;default;default
pointers/nil-array-elem-store/second-target	artifacts/choice-trace-before/wire/pointers__nil-array-elem-store__second-target.json	nilArrayElemStoreSecond	-	default;default;default;default;default;default
pointers/nil-array-index-panic	artifacts/choice-trace-before/wire/pointers__nil-array-index-panic.json	pointerNilArrayIndexPanic	-	default;default;default;default;default;default
pointers/nil-array-ptr-slice/slice-expr-nil	artifacts/choice-trace-before/wire/pointers__nil-array-ptr-slice__slice-expr-nil.json	nilArrayPtrSliceExpr	-	default;default;default;default;default;default
pointers/nil-array-ptr-slice-elided-high/deref-elided-high	artifacts/choice-trace-before/wire/pointers__nil-array-ptr-slice-elided-high__deref-elided-high.json	nilDerefElidedHigh	-	default;default;default;default;default;default
pointers/nil-array-ptr-slice-elided-high/deref-low-only	artifacts/choice-trace-before/wire/pointers__nil-array-ptr-slice-elided-high__deref-low-only.json	nilDerefLowOnly	-	default;default;default;default;default;default
pointers/nil-array-ptr-slice-elided-high/pointer-form	artifacts/choice-trace-before/wire/pointers__nil-array-ptr-slice-elided-high__pointer-form.json	nilPointerFormElidedHigh	-	default;default;default;default;default;default
pointers/nil-array-ptr-slice-elided-high/zero-length-array	artifacts/choice-trace-before/wire/pointers__nil-array-ptr-slice-elided-high__zero-length-array.json	nilZeroLengthArrayElidedHigh	-	default;default;default;default;default;default
pointers/nil-array-ptr-slice-elided-high/field-through-nil-ptr	artifacts/choice-trace-before/wire/pointers__nil-array-ptr-slice-elided-high__field-through-nil-ptr.json	nilFieldArrayElidedHigh	-	default;default;default;default;default;default
pointers/nil-array-ptr-slice-elided-high/field-through-nil-call	artifacts/choice-trace-before/wire/pointers__nil-array-ptr-slice-elided-high__field-through-nil-call.json	nilCallFieldArrayElidedHigh	-	default;default;default;default;default;default
pointers/nil-deref-panic	artifacts/choice-trace-before/wire/pointers__nil-deref-panic.json	pointerNilDerefPanic	-	default;default;default;default;default;default
pointers/nil-selector-panic	artifacts/choice-trace-before/wire/pointers__nil-selector-panic.json	pointerNilSelectorPanic	-	default;default;default;default;default;default
pointers/nil-value-receiver-call-panic	artifacts/choice-trace-before/wire/pointers__nil-value-receiver-call-panic.json	pointerNilValueReceiverCallPanic	-	default;default;default;default;default;default
pointers/pointer-array-full-slice	artifacts/choice-trace-before/wire/pointers__pointer-array-full-slice.json	pointerArrayFullSlice	-	default;9;1;5;47062;45548
pointers/pointer-array-slice-bounds	artifacts/choice-trace-before/wire/pointers__pointer-array-slice-bounds.json	pointerArraySliceBoundsPanic	-	default;default;default;default;default;default
pointers/pointer-array-slice	artifacts/choice-trace-before/wire/pointers__pointer-array-slice.json	pointerArraySlice	-	default;default;default;default;default;default
pointers/pointer-identity	artifacts/choice-trace-before/wire/pointers__pointer-identity.json	test	-	default;default;default;default;default;default
pointers/pointer-param-alias	artifacts/choice-trace-before/wire/pointers__pointer-param-alias.json	pointerParamAlias	-	default;default;default;default;default;default
pointers/pointer-slice-header	artifacts/choice-trace-before/wire/pointers__pointer-slice-header.json	pointerSliceHeader	-	default;9;1;5;47062;45548
pointers/pointer-to-pointer	artifacts/choice-trace-before/wire/pointers__pointer-to-pointer.json	pointerToPointerAlias	-	default;default;default;default;default;default
pointers/slice-elided-high-pointer-array-base	artifacts/choice-trace-before/wire/pointers__slice-elided-high-pointer-array-base.json	sliceElidedHighPointerArrayBase	-	default;default;default;default;default;default
pointers/zero-size-address/stack-distinct	artifacts/choice-trace-before/wire/pointers__zero-size-address__stack-distinct.json	stackDistinct	-	default;default;default;default;default;default
pointers/zero-size-address/escaped-same	artifacts/choice-trace-before/wire/pointers__zero-size-address__escaped-same.json	escapedSame	-	default;default;default;default;default;default
quorum/committed-index/empty-maxuint	artifacts/choice-trace-before/wire/quorum__committed-index__empty-maxuint.json	committedIndexEmpty	-	default;default;default;default;default;default
quorum/committed-index/all-acked	artifacts/choice-trace-before/wire/quorum__committed-index__all-acked.json	committedIndexAllAcked	-	default;9,8;1,3;5,5;47062,17241;45548,4010
quorum/committed-index/unacked	artifacts/choice-trace-before/wire/quorum__committed-index__unacked.json	committedIndexUnacked	-	default;9,8;1,3;5,5;47062,17241;45548,4010
quorum/committed-index/on-stack	artifacts/choice-trace-before/wire/quorum__committed-index__on-stack.json	committedIndexOnStack	-	default;9,8,7,6,5,4;1,3,5,7,9,2;5,5,5,5,5,5;47062,17241,28876,43750,15194,49395;45548,4010,42376,18520,53319,16971
quorum/committed-index/heap	artifacts/choice-trace-before/wire/quorum__committed-index__heap.json	committedIndexHeap	-	default;9,8,7,6,5,4,3;1,3,5,7,9,2,4;5,5,5,5,5,5,5;47062,17241,28876,43750,15194,49395,23194;45548,4010,42376,18520,53319,16971,27516
quorum/committed-index-edges/n1-acked	artifacts/choice-trace-before/wire/quorum__committed-index-edges__n1-acked.json	committedN1Acked	-	default;default;default;default;default;default
quorum/committed-index-edges/n1-unacked	artifacts/choice-trace-before/wire/quorum__committed-index-edges__n1-unacked.json	committedN1Unacked	-	default;default;default;default;default;default
quorum/committed-index-edges/all-unacked	artifacts/choice-trace-before/wire/quorum__committed-index-edges__all-unacked.json	committedAllUnacked	-	default;9,8;1,3;5,5;47062,17241;45548,4010
quorum/committed-index-real/empty	artifacts/choice-trace-before/wire/quorum__committed-index-real__empty.json	committedEmpty	-	default;default;default;default;default;default
quorum/committed-index-real/one-missing	artifacts/choice-trace-before/wire/quorum__committed-index-real__one-missing.json	committedOneMissing	-	default;default;default;default;default;default
quorum/committed-index-real/one-known	artifacts/choice-trace-before/wire/quorum__committed-index-real__one-known.json	committedOneKnown	-	default;default;default;default;default;default
quorum/committed-index-real/two-missing	artifacts/choice-trace-before/wire/quorum__committed-index-real__two-missing.json	committedTwoMissing	-	default;9;1;5;47062;45548
quorum/committed-index-real/two-half	artifacts/choice-trace-before/wire/quorum__committed-index-real__two-half.json	committedTwoHalf	-	default;9;1;5;47062;45548
quorum/committed-index-real/two-known	artifacts/choice-trace-before/wire/quorum__committed-index-real__two-known.json	committedTwoKnown	-	default;9;1;5;47062;45548
quorum/committed-index-real/three-missing	artifacts/choice-trace-before/wire/quorum__committed-index-real__three-missing.json	committedThreeMissing	-	default;9,8;1,3;5,5;47062,17241;45548,4010
quorum/committed-index-real/three-one	artifacts/choice-trace-before/wire/quorum__committed-index-real__three-one.json	committedThreeOne	-	default;9,8;1,3;5,5;47062,17241;45548,4010
quorum/committed-index-real/three-two	artifacts/choice-trace-before/wire/quorum__committed-index-real__three-two.json	committedThreeTwo	-	default;9,8;1,3;5,5;47062,17241;45548,4010
quorum/committed-index-real/three-all	artifacts/choice-trace-before/wire/quorum__committed-index-real__three-all.json	committedThreeAll	-	default;9,8;1,3;5,5;47062,17241;45548,4010
quorum/committed-index-real/three-all-low	artifacts/choice-trace-before/wire/quorum__committed-index-real__three-all-low.json	committedThreeAllLow	-	default;9,8;1,3;5,5;47062,17241;45548,4010
quorum/committed-index-real/three-dup-two	artifacts/choice-trace-before/wire/quorum__committed-index-real__three-dup-two.json	committedThreeDupTwo	-	default;9,8;1,3;5,5;47062,17241;45548,4010
quorum/committed-index-real/three-dup-all	artifacts/choice-trace-before/wire/quorum__committed-index-real__three-dup-all.json	committedThreeDupAll	-	default;9,8;1,3;5,5;47062,17241;45548,4010
quorum/committed-index-real/three-spread	artifacts/choice-trace-before/wire/quorum__committed-index-real__three-spread.json	committedThreeSpread	-	default;9,8;1,3;5,5;47062,17241;45548,4010
quorum/committed-index-real/five-dup	artifacts/choice-trace-before/wire/quorum__committed-index-real__five-dup.json	committedFiveDup	-	default;9,8,7,6;1,3,5,7;5,5,5,5;47062,17241,28876,43750;45548,4010,42376,18520
quorum/committed-index-real/five-spread	artifacts/choice-trace-before/wire/quorum__committed-index-real__five-spread.json	committedFiveSpread	-	default;9,8,7,6;1,3,5,7;5,5,5,5;47062,17241,28876,43750;45548,4010,42376,18520
quorum/committed-index-real/sorted-slice	artifacts/choice-trace-before/wire/quorum__committed-index-real__sorted-slice.json	sortedSlice	-	default;9,8,7;1,3,5;5,5,5;47062,17241,28876;45548,4010,42376
quorum/joint/vote-both-win	artifacts/choice-trace-before/wire/quorum__joint__vote-both-win.json	jointVoteBothWin	-	default;9,8,6,5;1,3,7,9;5,5,5,5;47062,17241,43750,15194;45548,4010,18520,53319
quorum/joint/vote-disagree-lost	artifacts/choice-trace-before/wire/quorum__joint__vote-disagree-lost.json	jointVoteDisagreeLost	-	default;9,8,6;1,3,7;5,5,5;47062,17241,43750;45548,4010,18520
quorum/joint/vote-disagree-pending	artifacts/choice-trace-before/wire/quorum__joint__vote-disagree-pending.json	jointVoteDisagreePending	-	default;9,8,6,5;1,3,7,9;5,5,5,5;47062,17241,43750,15194;45548,4010,18520,53319
quorum/joint/vote-both-pending	artifacts/choice-trace-before/wire/quorum__joint__vote-both-pending.json	jointVoteBothPending	-	default;9,8,6,5;1,3,7,9;5,5,5,5;47062,17241,43750,15194;45548,4010,18520,53319
quorum/joint/committed-min	artifacts/choice-trace-before/wire/quorum__joint__committed-min.json	jointCommittedMin	-	default;9,8,6,5;1,3,7,9;5,5,5,5;47062,17241,43750,15194;45548,4010,18520,53319
quorum/joint/ids-union	artifacts/choice-trace-before/wire/quorum__joint__ids-union.json	jointIDsUnion	-	default;9,8,6;1,3,7;5,5,5;47062,17241,43750;45548,4010,18520
quorum/vote-result/empty-wins	artifacts/choice-trace-before/wire/quorum__vote-result__empty-wins.json	voteResultEmptyWins	-	default;default;default;default;default;default
quorum/vote-result/won-exact	artifacts/choice-trace-before/wire/quorum__vote-result__won-exact.json	voteResultWonExact	-	default;9,8;1,3;5,5;47062,17241;45548,4010
quorum/vote-result/lost	artifacts/choice-trace-before/wire/quorum__vote-result__lost.json	voteResultLost	-	default;9,8;1,3;5,5;47062,17241;45548,4010
quorum/vote-result/pending	artifacts/choice-trace-before/wire/quorum__vote-result__pending.json	voteResultPending	-	default;9,8;1,3;5,5;47062,17241;45548,4010
quorum/vote-result/even-won	artifacts/choice-trace-before/wire/quorum__vote-result__even-won.json	voteResultEvenWon	-	default;9,8,7;1,3,5;5,5,5;47062,17241,28876;45548,4010,42376
quorum/vote-result/even-one-short	artifacts/choice-trace-before/wire/quorum__vote-result__even-one-short.json	voteResultEvenOneShort	-	default;9,8,7;1,3,5;5,5,5;47062,17241,28876;45548,4010,42376
quorum/vote-result/tie-lost	artifacts/choice-trace-before/wire/quorum__vote-result__tie-lost.json	voteResultTieLost	-	default;9;1;5;47062;45548
quorum/vote-result-small-n/n1-won	artifacts/choice-trace-before/wire/quorum__vote-result-small-n__n1-won.json	voteN1Won	-	default;default;default;default;default;default
quorum/vote-result-small-n/n1-lost	artifacts/choice-trace-before/wire/quorum__vote-result-small-n__n1-lost.json	voteN1Lost	-	default;default;default;default;default;default
quorum/vote-result-small-n/n1-pending	artifacts/choice-trace-before/wire/quorum__vote-result-small-n__n1-pending.json	voteN1Pending	-	default;default;default;default;default;default
quorum/vote-result-small-n/n2-won	artifacts/choice-trace-before/wire/quorum__vote-result-small-n__n2-won.json	voteN2Won	-	default;9;1;5;47062;45548
quorum/vote-result-small-n/n2-one-yes-lost	artifacts/choice-trace-before/wire/quorum__vote-result-small-n__n2-one-yes-lost.json	voteN2OneYesLost	-	default;9;1;5;47062;45548
quorum/vote-result-small-n/n2-one-missing-pending	artifacts/choice-trace-before/wire/quorum__vote-result-small-n__n2-one-missing-pending.json	voteN2OneMissingPending	-	default;9;1;5;47062;45548
race/atomics-free/atomic-vs-atomic	artifacts/choice-trace-before/wire/race__atomics-free__atomic-vs-atomic.json	atomicVsAtomic	-	default;9,8,7,6,5,4,3,2,1,0;1,3,5,7,9,2,4,6,8,0;5,5,5,5,5,5,5,5;47062,17241,28876,43750,15194,49395,23194,43254,9513,31674,16891,46322,48508,4896,44218,28684,13594,1567;45548,4010,42376,18520,53319,16971,27516,38438,7281,33498,29351,49938,42482
race/atomics-free/plain-read-vs-load	artifacts/choice-trace-before/wire/race__atomics-free__plain-read-vs-load.json	plainReadVsLoad	-	default;9,8,7,6,5,4,3,2;1,3,5,7,9,2,4;5,5,5,5,5,5;47062,17241,28876,43750;45548,4010,42376
race/atomics-free/publish-acquire	artifacts/choice-trace-before/wire/race__atomics-free__publish-acquire.json	publishAcquire	-	default;9,8,7,6;1,3,5,7;5,5,5,5;47062,17241,28876,43750,15194;45548,4010,42376,18520
race/atomics-free/rmw-acquire	artifacts/choice-trace-before/wire/race__atomics-free__rmw-acquire.json	rmwAcquire	-	default;9,8,7,6;1,3,5,7;5,5,5,5;47062,17241,28876,43750,15194;45548,4010,42376,18520
race/atomics-free/cas-failure-acquires	artifacts/choice-trace-before/wire/race__atomics-free__cas-failure-acquires.json	casFailureAcquires	-	default;9,8,7,6,5,4,3,2,1,0;1,3,5,7,9,2,4,6;5,5,5,5,5,5,5,5;47062,17241,28876,43750,15194,49395,23194;45548,4010,42376,18520,53319,16971,27516
race/atomics-free/sibling-words	artifacts/choice-trace-before/wire/race__atomics-free__sibling-words.json	siblingWords	-	default;9,8,7,6,5,4;1,3,5,7,9,2;5,5,5,5,5,5,5;47062,17241,28876,43750;45548,4010,42376
race/atomics-free/typed-sibling-field	artifacts/choice-trace-before/wire/race__atomics-free__typed-sibling-field.json	typedSiblingField	-	default;9,8,7,6,5,4;1,3,5,7,9,2;5,5,5,5,5,5,5;47062,17241,28876,43750;45548,4010,42376
race/atomics-misuse/plain-write-vs-add	artifacts/choice-trace-before/wire/race__atomics-misuse__plain-write-vs-add.json	plainWriteVsAdd	-	default;9,8,7;1,3,5;5,5,5;47062,17241,28876;45548,4010
race/atomics-misuse/plain-read-vs-store	artifacts/choice-trace-before/wire/race__atomics-misuse__plain-read-vs-store.json	plainReadVsStore	-	default;9,8,7;1,3,5;5,5,5;47062,17241,28876;45548,4010
race/atomics-misuse/plain-read-vs-failed-cas	artifacts/choice-trace-before/wire/race__atomics-misuse__plain-read-vs-failed-cas.json	plainReadVsFailedCas	-	default;9,8,7;1,3,5;5,5,5;47062,17241,28876;45548,4010
race/atomics-misuse/struct-copy-vs-typed-add	artifacts/choice-trace-before/wire/race__atomics-misuse__struct-copy-vs-typed-add.json	structCopyVsTypedAdd	-	default;9,8,7;1,3,5;5,5,5;47062,17241,28876;45548,4010
race/atomics-misuse/plain-read-vs-swap	artifacts/choice-trace-before/wire/race__atomics-misuse__plain-read-vs-swap.json	plainReadVsSwap	-	default;9,8,7;1,3,5;5,5,5;47062,17241,28876;45548,4010
race/free/slice-disjoint	artifacts/choice-trace-before/wire/race__free__slice-disjoint.json	freeSliceDisjoint	-	default;9,8,7,6,5,4;1,3,5;5,5,5;47062,17241,28876,43750;45548,4010,42376
race/free/field-disjoint	artifacts/choice-trace-before/wire/race__free__field-disjoint.json	freeFieldDisjoint	-	default;9,8,7,6,5,4;1,3,5;5,5,5;47062,17241,28876,43750;45548,4010,42376
race/free/field-read-write	artifacts/choice-trace-before/wire/race__free__field-read-write.json	freeFieldReadWrite	-	default;9,8,7,6,5,4;1,3,5;5,5,5;47062,17241,28876,43750;45548,4010,42376
race/free/ptr-field-read-write	artifacts/choice-trace-before/wire/race__free__ptr-field-read-write.json	freePtrFieldReadWrite	-	default;9,8,7,6,5,4;1,3,5;5,5,5;47062,17241,28876,43750;45548,4010,42376
race/free/array-read-write	artifacts/choice-trace-before/wire/race__free__array-read-write.json	freeArrayReadWrite	-	default;9,8,7,6,5,4;1,3,5;5,5,5;47062,17241,28876,43750;45548,4010,42376
race/free/array-const-index-field	artifacts/choice-trace-before/wire/race__free__array-const-index-field.json	freeArrayConstIndexField	-	default;9,8,7,6,5,4;1,3,5;5,5,5;47062,17241,28876,43750;45548,4010,42376
race/free/field-array-const-index	artifacts/choice-trace-before/wire/race__free__field-array-const-index.json	freeFieldArrayConstIndex	-	default;9,8,7,6,5,4;1,3,5;5,5,5;47062,17241,28876,43750;45548,4010,42376
race/free/array-dyn-index-read-write	artifacts/choice-trace-before/wire/race__free__array-dyn-index-read-write.json	freeArrayDynIndexReadWrite	1	default;9,8;1,3;5,5;47062,17241;45548,4010
race/free/promoted-ptr-box	artifacts/choice-trace-before/wire/race__free__promoted-ptr-box.json	freePromotedPtrBox	-	default;9,8,7,6,5,4;1,3,5;5,5,5;47062,17241,28876,43750;45548,4010,42376
race/free/addr-deref-no-read	artifacts/choice-trace-before/wire/race__free__addr-deref-no-read.json	freeAddrDerefNoRead	-	default;9,8,7,6,5,4;1,3,5;5,5,5;47062,17241,28876,43750;45548,4010,42376
race/free/method-value-order	artifacts/choice-trace-before/wire/race__free__method-value-order.json	freeMethodValueOrder	-	default;9,8,7,6,5,4;1,3,5;5,5,5;47062,17241,28876,43750;45548,4010,42376
race/free/spawn-dispatch-free	artifacts/choice-trace-before/wire/race__free__spawn-dispatch-free.json	freeSpawnDispatch	-	default;9,8,7,6,5,4;1,3,5;5,5,5;47062,17241,28876,43750;45548,4010,42376
race/free-sync/mutex	artifacts/choice-trace-before/wire/race__free-sync__mutex.json	freeSyncMutex	-	default;9,8,7,6,5,4,3,2,1;1,3,5,7,9,2,4,6,8,0;5,5,5,5,5,5,5,5;47062,17241,28876,43750,15194,49395,23194,43254,9513,31674,16891,46322,48508,4896,44218,28684,13594;45548,4010,42376,18520,53319,16971,27516,38438,7281,33498,29351,49938,42482,40450,61504,34554,5354
race/free-sync/wg-edge	artifacts/choice-trace-before/wire/race__free-sync__wg-edge.json	freeSyncWgEdge	-	default;9,8,7,6;1,3,5,7;5,5,5,5;47062,17241,28876,43750;45548,4010,42376
race/free-sync/once-edge	artifacts/choice-trace-before/wire/race__free-sync__once-edge.json	freeSyncOnceEdge	-	default;9,8,7,6,5,4,3,2,1,0;1,3,5,7,9,2,4,6,8,0;5,5,5,5,5,5,5,5;47062,17241,28876,43750,15194,49395,23194,43254,9513,31674,16891,46322;45548,4010,42376,18520,53319,16971,27516,38438,7281,33498,29351,49938
race/free-sync/rw-writers	artifacts/choice-trace-before/wire/race__free-sync__rw-writers.json	freeSyncRwWriters	-	default;9,8,7,6,5,4,3,2,1,0;1,3,5,7,9,2,4,6,8,0;5,5,5,5,5,5,5,5;47062,17241,28876,43750,15194,49395,23194,43254,9513,31674,16891,46322,48508,4896,44218;45548,4010,42376,18520,53319,16971,27516,38438,7281,33498,29351,49938,42482,40450,61504
race/free-sync/mutex-siblings	artifacts/choice-trace-before/wire/race__free-sync__mutex-siblings.json	freeSyncMutexSiblings	-	default;9,8,7,6,5,4,3,2,1,0;1,3,5,7,9,2,4,6,8,0;5,5,5,5,5,5,5,5;47062,17241,28876,43750,15194,49395,23194,43254,9513,31674,16891,46322,48508;45548,4010,42376,18520,53319,16971,27516,38438,7281,33498,29351,49938,42482
race/free-sync/disjoint-prims	artifacts/choice-trace-before/wire/race__free-sync__disjoint-prims.json	freeSyncDisjointPrims	-	default;9,8,7,6,5,4,3,2,1,0;1,3,5,7,9,2,4,6,8,0;5,5,5,5,5,5,5,5;47062,17241,28876,43750,15194,49395,23194,43254,9513,31674,16891,46322,48508;45548,4010,42376,18520,53319,16971,27516,38438,7281,33498,29351,49938,42482
race/free-sync/rw-copy-beside-rlock	artifacts/choice-trace-before/wire/race__free-sync__rw-copy-beside-rlock.json	freeSyncRwCopyBesideRLock	-	default;9,8,7,6,5,4,3,2,1,0;1,3,5,7,9,2,4,6;5,5,5,5,5,5,5,5;47062,17241,28876,43750,15194,49395,23194,43254,9513,31674;45548,4010,42376,18520,53319,16971,27516
race/free-sync/rw-copy-beside-lock	artifacts/choice-trace-before/wire/race__free-sync__rw-copy-beside-lock.json	freeSyncRwCopyBesideLock	-	default;9,8,7,6,5,4,3,2,1,0;1,3,5,7,9,2,4,6;5,5,5,5,5,5,5,5;47062,17241,28876,43750,15194,49395,23194,43254,9513,31674;45548,4010,42376,18520,53319,16971,27516
race/free-sync/trylock-publish	artifacts/choice-trace-before/wire/race__free-sync__trylock-publish.json	freeSyncTryLockPublish	-	default;9,8,7,6,5,4;1,3,5,7,9,2,4;5,5,5,5,5,5,5,5;47062,17241,28876,43750,15194;45548,4010,42376,18520
race/free-sync/rw-trylock-publish	artifacts/choice-trace-before/wire/race__free-sync__rw-trylock-publish.json	freeSyncRwTryLockPublish	-	default;9,8,7,6,5,4;1,3,5,7,9,2,4;5,5,5,5,5,5,5,5;47062,17241,28876,43750,15194;45548,4010,42376,18520
race/free-sync/rw-tryrlock-acquire	artifacts/choice-trace-before/wire/race__free-sync__rw-tryrlock-acquire.json	freeSyncRwTryRLockAcquire	-	default;9,8,7,6,5,4,3,2,1;1,3,5,7,9,2,4,6,8,0;5,5,5,5,5,5,5,5;47062,17241,28876,43750,15194,49395,23194,43254,9513,31674;45548,4010,42376,18520,53319,16971,27516,38438,7281,33498
race/gomem-only/rw-copy-vs-runlock	artifacts/choice-trace-before/wire/race__gomem-only__rw-copy-vs-runlock.json	gomemRwCopyVsRUnlock	-	default;9,8,7;1,3,5;5,5,5;47062,17241,28876;45548,4010
race/gomem-only/rw-copy-vs-unlock	artifacts/choice-trace-before/wire/race__gomem-only__rw-copy-vs-unlock.json	gomemRwCopyVsUnlock	-	default;9,8,7;1,3,5;5,5,5;47062,17241,28876;45548,4010
race/gomem-only/wg-copy-vs-add-from-0	artifacts/choice-trace-before/wire/race__gomem-only__wg-copy-vs-add-from-0.json	gomemWgCopyVsAddFrom0	-	default;9,8,7;1,3,5;5,5,5;47062,17241,28876;45548,4010
race/gomem-only/wg-copy-vs-done	artifacts/choice-trace-before/wire/race__gomem-only__wg-copy-vs-done.json	gomemWgCopyVsDone	-	default;9,8,7;1,3,5;5,5,5;47062,17241,28876;45548,4010
race/gomem-only/wg-overwrite-vs-wait-at-0	artifacts/choice-trace-before/wire/race__gomem-only__wg-overwrite-vs-wait-at-0.json	gomemWgOverwriteVsWaitAt0	-	default;9,8,7;1,3,5;5,5,5;47062,17241,28876;45548,4010
race/litmus/mp-sync	artifacts/choice-trace-before/wire/race__litmus__mp-sync.json	litmusMPSync	-	default;9,8,7,6;1,3,5,7;5,5,5,5;47062,17241,28876,43750;45548,4010,42376
race/litmus/mp-racy	artifacts/choice-trace-before/wire/race__litmus__mp-racy.json	litmusMPRacy	-	default;9,8;1,3;5,5;47062,17241;45548,4010
race/litmus/lb-racy	artifacts/choice-trace-before/wire/race__litmus__lb-racy.json	litmusLBRacy	-	default;9,8;1,3;5,5;47062,17241;45548,4010
race/litmus/close-hb	artifacts/choice-trace-before/wire/race__litmus__close-hb.json	litmusCloseHB	-	default;9,8,7,6;1,3,5,7;5,5,5,5;47062,17241,28876,43750;45548,4010,42376
race/litmus/chan-mutex	artifacts/choice-trace-before/wire/race__litmus__chan-mutex.json	litmusChanMutex	-	default;9,8,7,6,5,4,3,2;1,3,5,7,9,2,4;5,5,5,5,5,5,5,5;47062,17241,28876,43750,15194,49395,23194;45548,4010,42376,18520,53319,16971,27516
race/litmus/sb-chan	artifacts/choice-trace-before/wire/race__litmus__sb-chan.json	litmusSBChan	-	default;9,8,7,6,5,4,3,2,1,0;1,3,5,7,9,2,4,6,8,0;5,5,5,5,5,5,5,5;47062,17241,28876,43750,15194,49395,23194,43254,9513,31674,16891,46322,48508,4896,44218,28684,13594,1567,27860,25141,14699,15757,19422;45548,4010,42376,18520,53319,16971,27516,38438,7281,33498,29351,49938,42482,40450,61504,34554,5354
race/negative/write-write	artifacts/choice-trace-before/wire/race__negative__write-write.json	raceWriteWrite	-	default;9,8;1,3;5,5;47062,17241;45548,4010
race/negative/read-write	artifacts/choice-trace-before/wire/race__negative__read-write.json	raceReadWrite	-	default;9,8;1,3;5,5;47062,17241;45548,4010
race/negative/increment	artifacts/choice-trace-before/wire/race__negative__increment.json	raceIncrement	-	default;9,8;1,3;5,5;47062,17241;45548,4010
race/negative/map-rw	artifacts/choice-trace-before/wire/race__negative__map-rw.json	raceMapRW	-	default;9,8;1,3;5,5;47062,17241;45548,4010
race/negative/slice-elem	artifacts/choice-trace-before/wire/race__negative__slice-elem.json	raceSliceElem	-	default;9,8;1,3;5,5;47062,17241;45548,4010
race/negative/iface-dispatch	artifacts/choice-trace-before/wire/race__negative__iface-dispatch.json	raceIfaceDispatch	-	default;9,8;1,3;5,5;47062,17241;45548,4010
race/negative/len-map	artifacts/choice-trace-before/wire/race__negative__len-map.json	raceLenMap	-	default;9,8;1,3;5,5;47062,17241;45548,4010
race/negative/method-value	artifacts/choice-trace-before/wire/race__negative__method-value.json	raceMethodValue	-	default;9,8;1,3;5,5;47062,17241;45548,4010
race/negative/defer-dispatch	artifacts/choice-trace-before/wire/race__negative__defer-dispatch.json	raceDeferDispatch	-	default;9,8;1,3;5,5;47062,17241;45548,4010
race/negative/spawn-dispatch	artifacts/choice-trace-before/wire/race__negative__spawn-dispatch.json	raceSpawnDispatch	-	default;9,8;1,3;5,5;47062;45548
race/negative/promoted-dispatch	artifacts/choice-trace-before/wire/race__negative__promoted-dispatch.json	racePromotedDispatch	-	default;9,8;1,3;5,5;47062,17241;45548,4010
race/negative/map-range-iter	artifacts/choice-trace-before/wire/race__negative__map-range-iter.json	raceMapRangeIter	-	default;9,8,7,6,5,4,3,2,1;1,3,5,7,9,2,4,6;5,5,5,5,5,5,5,5;47062,17241,28876,43750,15194,49395,23194,43254;45548,4010,42376,18520,53319,16971,27516
race/negative/array-const-index-same-elem	artifacts/choice-trace-before/wire/race__negative__array-const-index-same-elem.json	raceArrayConstIndexSameElem	-	default;9,8;1,3;5,5;47062,17241;45548,4010
race/negative/array-const-index-whole-write	artifacts/choice-trace-before/wire/race__negative__array-const-index-whole-write.json	raceArrayConstIndexWholeWrite	-	default;9,8;1,3;5,5;47062,17241;45548,4010
race/negative-sync/one-side	artifacts/choice-trace-before/wire/race__negative-sync__one-side.json	raceSyncOneSide	-	default;9,8,7,6;1,3,5,7;5,5,5,5;47062,17241,28876;45548,4010
race/negative-sync/rlock-serialized	artifacts/choice-trace-before/wire/race__negative-sync__rlock-serialized.json	raceSyncRlockSerialized	-	default;9,8,7,6,5,4,3,2,1,0;1,3,5,7,9,2,4,6,8,0;5,5,5,5,5,5,5,5;47062,17241,28876,43750,15194,49395,23194,43254,9513,31674;45548,4010,42376,18520,53319,16971,27516,38438,7281,33498,29351,49938
race/negative-sync/wg-no-edge	artifacts/choice-trace-before/wire/race__negative-sync__wg-no-edge.json	raceSyncWgNoEdge	-	default;9,8,7,6;1,3,5,7;5,5,5,5;47062,17241,28876;45548,4010
race/negative-sync/wg-overwrite	artifacts/choice-trace-before/wire/race__negative-sync__wg-overwrite.json	raceSyncWgOverwrite	-	default;9,8,7;1,3,5;5,5,5;47062,17241,28876;45548,4010
race/negative-sync/mutex-copy	artifacts/choice-trace-before/wire/race__negative-sync__mutex-copy.json	raceSyncMutexCopy	-	default;9,8,7;1,3,5;5,5,5;47062,17241,28876;45548,4010
race/negative-sync/rw-overwrite	artifacts/choice-trace-before/wire/race__negative-sync__rw-overwrite.json	raceSyncRwOverwrite	-	default;9,8,7;1,3,5;5,5,5;47062,17241,28876;45548,4010
race/negative-sync/once-copy	artifacts/choice-trace-before/wire/race__negative-sync__once-copy.json	raceSyncOnceCopy	-	default;9,8,7;1,3,5;5,5,5;47062,17241,28876;45548,4010
race/negative-sync/overwrite-vs-trylock	artifacts/choice-trace-before/wire/race__negative-sync__overwrite-vs-trylock.json	raceSyncOverwriteVsTryLock	-	default;9,8,7,6,5,4,3,2;1,3,5,7,9,2,4,6,8,0;5,5,5,5,5,5,5;47062,17241,28876,43750,15194,49395,23194,43254,9513;45548,4010,42376,18520,53319,16971,27516,38438
race/negative-sync/failed-trylock-no-edge	artifacts/choice-trace-before/wire/race__negative-sync__failed-trylock-no-edge.json	raceSyncFailedTryLockNoEdge	-	default;9,8,7,6,5,4,3,2,1,0;1,3,5,7,9,2,4,6,8,0;5,5,5,5,5,5,5,5;47062,17241,28876,43750,15194,49395,23194,43254;45548,4010,42376,18520,53319,16971,27516
range/assign-form-interface-target/slice-value	artifacts/choice-trace-before/wire/range__assign-form-interface-target__slice-value.json	rangeAssignSliceValue	-	default;default;default;default;default;default
range/assign-form-interface-target/map-key	artifacts/choice-trace-before/wire/range__assign-form-interface-target__map-key.json	rangeAssignMapKey	-	default;default;default;default;default;default
range/assign-form-interface-target/index	artifacts/choice-trace-before/wire/range__assign-form-interface-target__index.json	rangeAssignIndex	-	default;default;default;default;default;default
range/assign-form-interface-target/string-rune	artifacts/choice-trace-before/wire/range__assign-form-interface-target__string-rune.json	rangeAssignStringRune	-	default;default;default;default;default;default
range/assign-form-interface-target/assert-escalation	artifacts/choice-trace-before/wire/range__assign-form-interface-target__assert-escalation.json	rangeAssignAssertEscalation	-	default;default;default;default;default;default
range/assign-form-nonident/field-target	artifacts/choice-trace-before/wire/range__assign-form-nonident__field-target.json	rafFieldTarget	-	default;default;default;default;default;default
range/assign-form-nonident/deref-target	artifacts/choice-trace-before/wire/range__assign-form-nonident__deref-target.json	rafDerefTarget	-	default;default;default;default;default;default
range/assign-form-nonident/map-elem-target	artifacts/choice-trace-before/wire/range__assign-form-nonident__map-elem-target.json	rafMapElemTarget	-	default;default;default;default;default;default
range/int-kind-arith/uint8-arith	artifacts/choice-trace-before/wire/range__int-kind-arith__uint8-arith.json	rangeUint8Arith	-	default;default;default;default;default;default
range/int-kind-arith/defined-arith	artifacts/choice-trace-before/wire/range__int-kind-arith__defined-arith.json	rangeDefinedArith	-	default;default;default;default;default;default
range/int-kind-arith/int8-arith	artifacts/choice-trace-before/wire/range__int-kind-arith__int8-arith.json	rangeInt8Arith	-	default;default;default;default;default;default
range/int-kind-arith/conversion-control	artifacts/choice-trace-before/wire/range__int-kind-arith__conversion-control.json	rangeDefinedConversionControl	-	default;default;default;default;default;default
range/range-array-copy	artifacts/choice-trace-before/wire/range__range-array-copy.json	rangeArrayCopy	-	default;default;default;default;default;default
range/range-array-pointer	artifacts/choice-trace-before/wire/range__range-array-pointer.json	rangeArrayPointer	-	default;default;default;default;default;default
range/range-array-pointer-nil-index	artifacts/choice-trace-before/wire/range__range-array-pointer-nil-index.json	rangeArrayPointerNilIndex	-	default;default;default;default;default;default
range/range-array-pointer-nil-value-panic	artifacts/choice-trace-before/wire/range__range-array-pointer-nil-value-panic.json	rangeArrayPointerNilValuePanic	-	default;default;default;default;default;default
range/range-func-basic	artifacts/choice-trace-before/wire/range__range-func-basic.json	rangeFuncBasic	-	default;default;default;default;default;default
range/range-func-break	artifacts/choice-trace-before/wire/range__range-func-break.json	rangeFuncBreak	-	default;default;default;default;default;default
range/range-func-edge/zero-value	artifacts/choice-trace-before/wire/range__range-func-edge__zero-value.json	rangeFuncZeroValueIterator	-	default;default;default;default;default;default
range/range-func-edge/two-value	artifacts/choice-trace-before/wire/range__range-func-edge__two-value.json	rangeFuncTwoValueIterator	-	default;default;default;default;default;default
range/range-func-edge/zero-yielded-values	artifacts/choice-trace-before/wire/range__range-func-edge__zero-yielded-values.json	rangeFuncZeroYieldedValues	-	default;default;default;default;default;default
range/range-func-edge/no-yield	artifacts/choice-trace-before/wire/range__range-func-edge__no-yield.json	rangeFuncNoYield	-	default;default;default;default;default;default
range/range-func-edge/break-defer-trace	artifacts/choice-trace-before/wire/range__range-func-edge__break-defer-trace.json	rangeFuncBreakDeferTrace	-	default;default;default;default;default;default
range/range-func-edge/panic-propagation	artifacts/choice-trace-before/wire/range__range-func-edge__panic-propagation.json	rangeFuncPanicPropagation	-	default;default;default;default;default;default
range/range-func-edge/ignored-false-panic	artifacts/choice-trace-before/wire/range__range-func-edge__ignored-false-panic.json	rangeFuncIgnoredFalsePanic	-	default;default;default;default;default;default
range/range-int	artifacts/choice-trace-before/wire/range__range-int.json	rangeInt	-	default;default;default;default;default;default
range/range-int-negative	artifacts/choice-trace-before/wire/range__range-int-negative.json	rangeIntNegative	-	default;default;default;default;default;default
range/range-int-typed	artifacts/choice-trace-before/wire/range__range-int-typed.json	rangeIntTyped	-	default;default;default;default;default;default
range/range-int-zero	artifacts/choice-trace-before/wire/range__range-int-zero.json	rangeIntZero	-	default;default;default;default;default;default
range/range-loop-var-capture	artifacts/choice-trace-before/wire/range__range-loop-var-capture.json	rangeLoopVarCapture	-	default;9;1;5;47062;45548
range/range-map-delete-current	artifacts/choice-trace-before/wire/range__range-map-delete-current.json	rangeMapDeleteCurrent	-	default;9,8;1,3;5,5;47062,17241;45548,4010
range/range-map-key-sum	artifacts/choice-trace-before/wire/range__range-map-key-sum.json	rangeMapKeySum	-	default;9,8;1,3;5,5;47062,17241;45548,4010
range/range-map-sum	artifacts/choice-trace-before/wire/range__range-map-sum.json	rangeMapSum	-	default;9,8;1,3;5,5;47062,17241;45548,4010
range/range-map-value-copy	artifacts/choice-trace-before/wire/range__range-map-value-copy.json	rangeMapValueCopy	-	default;9;1;5;47062;45548
range/range-nil-map	artifacts/choice-trace-before/wire/range__range-nil-map.json	rangeNilMap	-	default;default;default;default;default;default
range/range-nil-slice	artifacts/choice-trace-before/wire/range__range-nil-slice.json	rangeNilSlice	-	default;default;default;default;default;default
range/range-not-evaluated/deref-nil-no-var	artifacts/choice-trace-before/wire/range__range-not-evaluated__deref-nil-no-var.json	rangeDerefNilNoVar	-	default;default;default;default;default;default
range/range-not-evaluated/deref-nil-key-only	artifacts/choice-trace-before/wire/range__range-not-evaluated__deref-nil-key-only.json	rangeDerefNilKeyOnly	-	default;default;default;default;default;default
range/range-not-evaluated/field-ptr-nil-no-var	artifacts/choice-trace-before/wire/range__range-not-evaluated__field-ptr-nil-no-var.json	rangeFieldPtrNilNoVar	-	default;default;default;default;default;default
range/range-not-evaluated/deref-nil-two-vars-panic	artifacts/choice-trace-before/wire/range__range-not-evaluated__deref-nil-two-vars-panic.json	rangeDerefNilTwoVars	-	default;default;default;default;default;default
range/range-not-evaluated/call-evaluated-once	artifacts/choice-trace-before/wire/range__range-not-evaluated__call-evaluated-once.json	rangeCallEvaluatedOnce	-	default;default;default;default;default;default
range/range-not-evaluated/conversion-no-var	artifacts/choice-trace-before/wire/range__range-not-evaluated__conversion-no-var.json	rangeConversionNoVar	-	default;default;default;default;default;default
range/range-not-evaluated/conversion-two-vars-panic	artifacts/choice-trace-before/wire/range__range-not-evaluated__conversion-two-vars-panic.json	rangeConversionTwoVarsPanic	-	default;default;default;default;default;default
range/range-not-evaluated/const-len-index-key-only	artifacts/choice-trace-before/wire/range__range-not-evaluated__const-len-index-key-only.json	rangeConstLenIndexKeyOnly	-	default;default;default;default;default;default
range/range-slice-index-value	artifacts/choice-trace-before/wire/range__range-slice-index-value.json	rangeSliceIndexValue	-	default;default;default;default;default;default
range/range-string-index-only	artifacts/choice-trace-before/wire/range__range-string-index-only.json	rangeStringIndexOnly	-	default;default;default;default;default;default
range/range-struct-copy	artifacts/choice-trace-before/wire/range__range-struct-copy.json	rangeStructCopy	-	default;default;default;default;default;default
returns/early-return-named	artifacts/choice-trace-before/wire/returns__early-return-named.json	earlyReturnNamedSubject	-	default;default;default;default;default;default
returns/method-multi-result-arg	artifacts/choice-trace-before/wire/returns__method-multi-result-arg.json	methodMultiResultArg	-	default;default;default;default;default;default
returns/multi-result-argument	artifacts/choice-trace-before/wire/returns__multi-result-argument.json	multiResultArgument	-	default;default;default;default;default;default
returns/multi-result-assignment	artifacts/choice-trace-before/wire/returns__multi-result-assignment.json	multiResultAssignment	-	default;default;default;default;default;default
returns/multi-result-assign-order	artifacts/choice-trace-before/wire/returns__multi-result-assign-order.json	multiResultAssignOrder	-	default;default;default;default;default;default
returns/multi-result-blank-forward	artifacts/choice-trace-before/wire/returns__multi-result-blank-forward.json	multiResultBlankForward	-	default;default;default;default;default;default
returns/multi-result-forward	artifacts/choice-trace-before/wire/returns__multi-result-forward.json	multiResultForward	-	default;default;default;default;default;default
returns/multi-result-forward-named	artifacts/choice-trace-before/wire/returns__multi-result-forward-named.json	multiResultForwardNamed	-	default;default;default;default;default;default
returns/multi-result-forward-nested	artifacts/choice-trace-before/wire/returns__multi-result-forward-nested.json	multiResultForwardNested	-	default;default;default;default;default;default
returns/multi-result-forward-three	artifacts/choice-trace-before/wire/returns__multi-result-forward-three.json	multiResultForwardThree	-	default;default;default;default;default;default
returns/multi-result-map-value	artifacts/choice-trace-before/wire/returns__multi-result-map-value.json	multiResultMapValue	-	default;default;default;default;default;default
returns/multi-result-method	artifacts/choice-trace-before/wire/returns__multi-result-method.json	multiResultMethod	-	default;default;default;default;default;default
returns/multi-result-method-forward	artifacts/choice-trace-before/wire/returns__multi-result-method-forward.json	multiResultMethodForward	-	default;default;default;default;default;default
returns/multi-result-three	artifacts/choice-trace-before/wire/returns__multi-result-three.json	multiResultThree	-	default;default;default;default;default;default
returns/multi-result-to-existing	artifacts/choice-trace-before/wire/returns__multi-result-to-existing.json	multiResultToExisting	-	default;default;default;default;default;default
returns/multi-return-two-phase/panic-second-operand-unnamed	artifacts/choice-trace-before/wire/returns__multi-return-two-phase__panic-second-operand-unnamed.json	retTwoPhaseUnnamed	-	default;default;default;default;default;default
returns/multi-return-two-phase/panic-second-operand-blank-named	artifacts/choice-trace-before/wire/returns__multi-return-two-phase__panic-second-operand-blank-named.json	retTwoPhaseBlankNamed	-	default;default;default;default;default;default
returns/multi-return-two-phase/assign-control	artifacts/choice-trace-before/wire/returns__multi-return-two-phase__assign-control.json	retTwoPhaseAssignControl	-	default;default;default;default;default;default
returns/naked-return	artifacts/choice-trace-before/wire/returns__naked-return.json	nakedReturn	-	default;default;default;default;default;default
returns/named-multi-defer	artifacts/choice-trace-before/wire/returns__named-multi-defer.json	namedMultiDefer	-	default;default;default;default;default;default
returns/named-result-defaults	artifacts/choice-trace-before/wire/returns__named-result-defaults.json	namedResultDefaults	-	default;default;default;default;default;default
scoping/block-shadow	artifacts/choice-trace-before/wire/scoping__block-shadow.json	blockShadow	-	default;default;default;default;default;default
scoping/closure-shadow-binding	artifacts/choice-trace-before/wire/scoping__closure-shadow-binding.json	closureShadowBinding	-	default;default;default;default;default;default
scoping/for-body-shadow	artifacts/choice-trace-before/wire/scoping__for-body-shadow.json	forBodyShadow	-	default;default;default;default;default;default
scoping/for-init-scope	artifacts/choice-trace-before/wire/scoping__for-init-scope.json	forInitScope	-	default;default;default;default;default;default
scoping/named-result-shadow/enterjoint-shape	artifacts/choice-trace-before/wire/scoping__named-result-shadow__enterjoint-shape.json	enterJointShape	-	default;default;default;default;default;default
scoping/named-result-shadow/bare-return	artifacts/choice-trace-before/wire/scoping__named-result-shadow__bare-return.json	shadowThenBareReturn	-	default;default;default;default;default;default
scoping/named-result-shadow/short-decl	artifacts/choice-trace-before/wire/scoping__named-result-shadow__short-decl.json	shadowShortDecl	-	default;default;default;default;default;default
scoping/named-result-shadow/deferred-write	artifacts/choice-trace-before/wire/scoping__named-result-shadow__deferred-write.json	shadowWithDeferredWrite	-	default;default;default;default;default;default
scoping/named-result-shadow/range-clause	artifacts/choice-trace-before/wire/scoping__named-result-shadow__range-clause.json	shadowInRangeClause	-	default;default;default;default;default;default
scoping/named-result-shadow/closure-write	artifacts/choice-trace-before/wire/scoping__named-result-shadow__closure-write.json	shadowCapturedWrite	-	default;default;default;default;default;default
scoping/named-result-shadow/closure-read	artifacts/choice-trace-before/wire/scoping__named-result-shadow__closure-read.json	shadowCapturedRead	-	default;default;default;default;default;default
scoping/named-result-shadow/loopvar-capture	artifacts/choice-trace-before/wire/scoping__named-result-shadow__loopvar-capture.json	shadowLoopVarCaptured	-	default;9;1;5;47062;45548
scoping/named-result-shadow/ts-guard	artifacts/choice-trace-before/wire/scoping__named-result-shadow__ts-guard.json	tsGuardShadow	-	default;default;default;default;default;default
scoping/named-result-shadow/commaok-map	artifacts/choice-trace-before/wire/scoping__named-result-shadow__commaok-map.json	commaOkMapShadow	-	default;default;default;default;default;default
scoping/named-result-shadow/commaok-recv	artifacts/choice-trace-before/wire/scoping__named-result-shadow__commaok-recv.json	commaOkRecvShadow	-	default;default;default;default;default;default
scoping/named-result-shadow/commaok-assert	artifacts/choice-trace-before/wire/scoping__named-result-shadow__commaok-assert.json	commaOkAssertShadow	-	default;default;default;default;default;default
scoping/predeclared-shadow/shadow-true-branch	artifacts/choice-trace-before/wire/scoping__predeclared-shadow__shadow-true-branch.json	shadowTrueBranch	-	default;default;default;default;default;default
scoping/predeclared-shadow/shadow-false-branch	artifacts/choice-trace-before/wire/scoping__predeclared-shadow__shadow-false-branch.json	shadowFalseBranch	-	default;default;default;default;default;default
scoping/predeclared-shadow/shadow-param	artifacts/choice-trace-before/wire/scoping__predeclared-shadow__shadow-param.json	shadowParam	-	default;default;default;default;default;default
scoping/predeclared-shadow/shadow-var-form	artifacts/choice-trace-before/wire/scoping__predeclared-shadow__shadow-var-form.json	shadowVarForm	-	default;default;default;default;default;default
scoping/predeclared-shadow/shadow-nil-len	artifacts/choice-trace-before/wire/scoping__predeclared-shadow__shadow-nil-len.json	shadowNilLen	-	default;default;default;default;default;default
scoping/predeclared-shadow/shadow-nil-append	artifacts/choice-trace-before/wire/scoping__predeclared-shadow__shadow-nil-append.json	shadowNilAppend	-	default;9;1;5;47062;45548
scoping/predeclared-shadow/shadow-nil-int	artifacts/choice-trace-before/wire/scoping__predeclared-shadow__shadow-nil-int.json	shadowNilInt	-	default;default;default;default;default;default
scoping/predeclared-shadow/genuine-ctrl	artifacts/choice-trace-before/wire/scoping__predeclared-shadow__genuine-ctrl.json	ctrl	-	default;default;default;default;default;default
scoping/select-clause-scope	artifacts/choice-trace-before/wire/scoping__select-clause-scope.json	selectClauseScope	-	default;default;default;default;default;default
scoping/shadowing	artifacts/choice-trace-before/wire/scoping__shadowing.json	shadowing	-	default;default;default;default;default;default
scoping/short-decl-mixing	artifacts/choice-trace-before/wire/scoping__short-decl-mixing.json	shortDeclMixing	-	default;default;default;default;default;default
scoping/switch-clause-scope	artifacts/choice-trace-before/wire/scoping__switch-clause-scope.json	switchClauseScope	-	default;default;default;default;default;default
scoping/switch-init-shadow	artifacts/choice-trace-before/wire/scoping__switch-init-shadow.json	switchInitShadow	-	default;default;default;default;default;default
scoping/type-switch-guard-shadow	artifacts/choice-trace-before/wire/scoping__type-switch-guard-shadow.json	typeSwitchGuardShadow	-	default;default;default;default;default;default
scoping/var-shadow-init	artifacts/choice-trace-before/wire/scoping__var-shadow-init.json	varShadowInit	-	default;default;default;default;default;default
slices/append-nil	artifacts/choice-trace-before/wire/slices__append-nil.json	appendNil	-	default;9;1;5;47062;45548
slices/append-overlap	artifacts/choice-trace-before/wire/slices__append-overlap.json	appendOverlap	-	default;9;1;5;47062;45548
slices/append-overlap-window	artifacts/choice-trace-before/wire/slices__append-overlap-window.json	appendOverlapWindow	-	default;default;default;default;default;default
slices/append-self	artifacts/choice-trace-before/wire/slices__append-self.json	appendSelf	-	default;default;default;default;default;default
slices/append-spill-below-formula	artifacts/choice-trace-before/wire/slices__append-spill-below-formula.json	appendSpillBelowFormula	-	default;9;1;5;47062;45548
slices/append-spill-size-class	artifacts/choice-trace-before/wire/slices__append-spill-size-class.json	appendSpillSizeClass	-	default;9;1;5;47062;45548
slices/append-spill-stack-buffer	artifacts/choice-trace-before/wire/slices__append-spill-stack-buffer.json	appendSpillStackBuffer	-	default;9;1;5;47062;45548
slices/array-to-slice-conditional	artifacts/choice-trace-before/wire/slices__array-to-slice-conditional.json	arrayToSliceConditional	-	default;default;default;default;default;default
slices/copy-min	artifacts/choice-trace-before/wire/slices__copy-min.json	copyMin	-	default;default;default;default;default;default
slices/copy-nil	artifacts/choice-trace-before/wire/slices__copy-nil.json	copyNil	-	default;default;default;default;default;default
slices/copy-overlap-backward	artifacts/choice-trace-before/wire/slices__copy-overlap-backward.json	copyOverlapBackward	-	default;default;default;default;default;default
slices/copy-short	artifacts/choice-trace-before/wire/slices__copy-short.json	copyShort	-	default;default;default;default;default;default
slices/full-slice-bounds	artifacts/choice-trace-before/wire/slices__full-slice-bounds.json	fullSliceBounds	-	default;default;default;default;default;default
slices/full-slice-cap-zero	artifacts/choice-trace-before/wire/slices__full-slice-cap-zero.json	fullSliceCapZero	-	default;9;1;5;47062;45548
slices/full-slice	artifacts/choice-trace-before/wire/slices__full-slice.json	fullSlice	-	default;default;default;default;default;default
slices/gotcha-append-aliasing	artifacts/choice-trace-before/wire/slices__gotcha-append-aliasing.json	gotchaAppendAliasing	-	default;default;default;default;default;default
slices/make-slice-cap-bounds	artifacts/choice-trace-before/wire/slices__make-slice-cap-bounds.json	makeSliceCapBounds	-	default;default;default;default;default;default
slices/make-slice	artifacts/choice-trace-before/wire/slices__make-slice.json	makeSlice	-	default;default;default;default;default;default
slices/make-slice-zero	artifacts/choice-trace-before/wire/slices__make-slice-zero.json	makeSliceZero	-	default;default;default;default;default;default
slices/reslice-capacity	artifacts/choice-trace-before/wire/slices__reslice-capacity.json	resliceCapacity	-	default;default;default;default;default;default
slices/slice-append	artifacts/choice-trace-before/wire/slices__slice-append.json	sliceAppend	-	default;9;1;5;47062;45548
slices/slice-copy	artifacts/choice-trace-before/wire/slices__slice-copy.json	sliceCopy	-	default;default;default;default;default;default
slices/slice-elided-high-eval-once/call-base	artifacts/choice-trace-before/wire/slices__slice-elided-high-eval-once__call-base.json	callBase	-	default;default;default;default;default;default
slices/slice-elided-high-eval-once/call-base-low-only	artifacts/choice-trace-before/wire/slices__slice-elided-high-eval-once__call-base-low-only.json	callBaseLowOnly	-	default;default;default;default;default;default
slices/slice-elided-high-eval-once/explicit-high-control	artifacts/choice-trace-before/wire/slices__slice-elided-high-eval-once__explicit-high-control.json	explicitHighControl	-	default;default;default;default;default;default
slices/slice-elided-high-eval-once/nested-slice-expr	artifacts/choice-trace-before/wire/slices__slice-elided-high-eval-once__nested-slice-expr.json	nestedSliceExpr	-	default;default;default;default;default;default
slices/slice-elided-high-eval-once/map-index-effectful-key	artifacts/choice-trace-before/wire/slices__slice-elided-high-eval-once__map-index-effectful-key.json	mapIndexEffectfulKey	-	default;default;default;default;default;default
slices/slice-elided-high-eval-once/pointer-array-call-base	artifacts/choice-trace-before/wire/slices__slice-elided-high-eval-once__pointer-array-call-base.json	pointerArrayCallBase	-	default;default;default;default;default;default
slices/slice-elided-high-eval-once/conversion-base	artifacts/choice-trace-before/wire/slices__slice-elided-high-eval-once__conversion-base.json	conversionBase	-	default;default;default;default;default;default
slices/slice-expr-eval-order	artifacts/choice-trace-before/wire/slices__slice-expr-eval-order.json	sliceExprEvalOrder	-	default;default;default;default;default;default
slices/slice-header-by-value	artifacts/choice-trace-before/wire/slices__slice-header-by-value.json	sliceHeaderByValue	-	default;default;default;default;default;default
slices/slice-literal	artifacts/choice-trace-before/wire/slices__slice-literal.json	sliceLiteral	-	default;default;default;default;default;default
slices/slice-nil-empty	artifacts/choice-trace-before/wire/slices__slice-nil-empty.json	sliceNilEmpty	-	default;default;default;default;default;default
slices/slices-sort/uint64	artifacts/choice-trace-before/wire/slices__slices-sort__uint64.json	slicesSortUint64	-	default;default;default;default;default;default
slices/slices-sort/ints	artifacts/choice-trace-before/wire/slices__slices-sort__ints.json	slicesSortInts	-	default;default;default;default;default;default
slices/slices-sort-edges/nil-slice	artifacts/choice-trace-before/wire/slices__slices-sort-edges__nil-slice.json	sortNilSlice	-	default;default;default;default;default;default
slices/slices-sort-edges/empty-slice	artifacts/choice-trace-before/wire/slices__slices-sort-edges__empty-slice.json	sortEmptySlice	-	default;default;default;default;default;default
slices/slices-sort-edges/single-element	artifacts/choice-trace-before/wire/slices__slices-sort-edges__single-element.json	sortSingleElement	-	default;default;default;default;default;default
slices/slices-sort-edges/already-sorted	artifacts/choice-trace-before/wire/slices__slices-sort-edges__already-sorted.json	sortAlreadySorted	-	default;default;default;default;default;default
slices/slices-sort-edges/reverse-sorted	artifacts/choice-trace-before/wire/slices__slices-sort-edges__reverse-sorted.json	sortReverseSorted	-	default;default;default;default;default;default
slices/slices-sort-edges/defined-elem-type	artifacts/choice-trace-before/wire/slices__slices-sort-edges__defined-elem-type.json	sortDefinedElemType	-	default;default;default;default;default;default
slices/slices-sort-edges/unsigned-above-half	artifacts/choice-trace-before/wire/slices__slices-sort-edges__unsigned-above-half.json	sortUnsignedAboveHalf	-	default;default;default;default;default;default
slices/slices-sort-edges/signed-negatives	artifacts/choice-trace-before/wire/slices__slices-sort-edges__signed-negatives.json	sortSignedNegatives	-	default;default;default;default;default;default
slices/slices-sort-edges/subslice-aliasing	artifacts/choice-trace-before/wire/slices__slices-sort-edges__subslice-aliasing.json	sortSubsliceAliasing	-	default;default;default;default;default;default
slices/slices-sort-kinds/string	artifacts/choice-trace-before/wire/slices__slices-sort-kinds__string.json	sortStrings	-	default;default;default;default;default;default
slices/slices-sort-kinds/named-string	artifacts/choice-trace-before/wire/slices__slices-sort-kinds__named-string.json	sortNamedStrings	-	default;default;default;default;default;default
slices/slices-sort-kinds/float-nan-first	artifacts/choice-trace-before/wire/slices__slices-sort-kinds__float-nan-first.json	sortFloatNaNFirst	-	default;default;default;default;default;default
slices/slices-sort-kinds/float-signed-zero	artifacts/choice-trace-before/wire/slices__slices-sort-kinds__float-signed-zero.json	sortFloatSignedZero	-	default;default;default;default;default;default
slices/slices-sort-kinds/float32	artifacts/choice-trace-before/wire/slices__slices-sort-kinds__float32.json	sortFloat32	-	default;default;default;default;default;default
slices/slices-sort-kinds/named-float	artifacts/choice-trace-before/wire/slices__slices-sort-kinds__named-float.json	sortNamedFloats	-	default;default;default;default;default;default
slices/slices-sort-kinds/string-large	artifacts/choice-trace-before/wire/slices__slices-sort-kinds__string-large.json	sortStringsLarge	-	default;default;default;default;default;default
slices/slices-sort-kinds/init-sort	artifacts/choice-trace-before/wire/slices__slices-sort-kinds__init-sort.json	initSort	-	default;default;default;default;default;default
slices/slices-sort-non-integer-refusal	artifacts/choice-trace-before/wire/slices__slices-sort-non-integer-refusal.json	sortNonIntegerElements	-	default;default;default;default;default;default
slices/sortfunc-cmp/cmp-compare-kinds	artifacts/choice-trace-before/wire/slices__sortfunc-cmp__cmp-compare-kinds.json	cmpCompareKinds	-	default;default;default;default;default;default
slices/sortfunc-cmp/sortfunc-ints	artifacts/choice-trace-before/wire/slices__sortfunc-cmp__sortfunc-ints.json	sortFuncInts	-	default;default;default;default;default;default
slices/sortfunc-cmp/sortfunc-reverse	artifacts/choice-trace-before/wire/slices__sortfunc-cmp__sortfunc-reverse.json	sortFuncReverse	-	default;default;default;default;default;default
slices/sortfunc-cmp/sortfunc-struct-two-key	artifacts/choice-trace-before/wire/slices__sortfunc-cmp__sortfunc-struct-two-key.json	sortFuncStructTwoKey	-	default;9;1;5;47062;45548
slices/sortfunc-cmp/sortfunc-empty-single	artifacts/choice-trace-before/wire/slices__sortfunc-cmp__sortfunc-empty-single.json	sortFuncEmptySingle	-	default;default;default;default;default;default
slices/sortfunc-cmp/sort-ties-projected	artifacts/choice-trace-before/wire/slices__sortfunc-cmp__sort-ties-projected.json	sortTiesProjected	-	default;9;1;5;47062;45548
slices/sortfunc-cmp/sortfunc-local-type	artifacts/choice-trace-before/wire/slices__sortfunc-cmp__sortfunc-local-type.json	sortFuncLocalType	-	default;default;default;default;default;default
slices/sortfunc-cmp/named-slice-bound	artifacts/choice-trace-before/wire/slices__sortfunc-cmp__named-slice-bound.json	sortFuncNamedSlice	-	default;default;default;default;default;default
slices/sortfunc-cmp/float-compare-bound	artifacts/choice-trace-before/wire/slices__sortfunc-cmp__float-compare-bound.json	sortFuncFloatCompare	-	default;default;default;default;default;default
slices/three-index-slice	artifacts/choice-trace-before/wire/slices__three-index-slice.json	threeIndexSlice	-	default;9;1;5;47062;45548
spec-examples-decl/addr-deref-nil-matrix/two-deref-outer-nil	artifacts/choice-trace-before/wire/spec-examples-decl__addr-deref-nil-matrix__two-deref-outer-nil.json	addrTwoDerefOuterNil	-	default;default;default;default;default;default
spec-examples-decl/addr-deref-nil-matrix/two-deref-inner-nil	artifacts/choice-trace-before/wire/spec-examples-decl__addr-deref-nil-matrix__two-deref-inner-nil.json	addrTwoDerefInnerNil	-	default;default;default;default;default;default
spec-examples-decl/addr-deref-nil-matrix/index-slice-ptr-nil	artifacts/choice-trace-before/wire/spec-examples-decl__addr-deref-nil-matrix__index-slice-ptr-nil.json	addrIndexSlicePtrNil	-	default;default;default;default;default;default
spec-examples-decl/addr-deref-nil-matrix/index-arr-ptr-nil	artifacts/choice-trace-before/wire/spec-examples-decl__addr-deref-nil-matrix__index-arr-ptr-nil.json	addrIndexArrPtrNil	-	default;default;default;default;default;default
spec-examples-decl/addr-deref-nil-matrix/index-auto-deref	artifacts/choice-trace-before/wire/spec-examples-decl__addr-deref-nil-matrix__index-auto-deref.json	addrIndexAutoDeref	-	default;default;default;default;default;default
spec-examples-decl/addr-deref-nil-matrix/field-explicit	artifacts/choice-trace-before/wire/spec-examples-decl__addr-deref-nil-matrix__field-explicit.json	addrFieldExplicit	-	default;default;default;default;default;default
spec-examples-decl/addr-deref-nil-matrix/field-auto-deref	artifacts/choice-trace-before/wire/spec-examples-decl__addr-deref-nil-matrix__field-auto-deref.json	addrFieldAutoDeref	-	default;default;default;default;default;default
spec-examples-decl/addr-deref-nil-matrix/alias-non-nil	artifacts/choice-trace-before/wire/spec-examples-decl__addr-deref-nil-matrix__alias-non-nil.json	addrDerefAlias	-	default;default;default;default;default;default
spec-examples-decl/addr-deref-nil-matrix/deref-arg	artifacts/choice-trace-before/wire/spec-examples-decl__addr-deref-nil-matrix__deref-arg.json	addrDerefArg	-	default;default;default;default;default;default
spec-examples-decl/addr-deref-nil-matrix/deref-call	artifacts/choice-trace-before/wire/spec-examples-decl__addr-deref-nil-matrix__deref-call.json	addrDerefCall	-	default;default;default;default;default;default
spec-examples-decl/address-op-nil-indirection/forms	artifacts/choice-trace-before/wire/spec-examples-decl__address-op-nil-indirection__forms.json	addressForms	-	default;default;default;default;default;default
spec-examples-decl/address-op-nil-indirection/deref-nil	artifacts/choice-trace-before/wire/spec-examples-decl__address-op-nil-indirection__deref-nil.json	derefNil	-	default;default;default;default;default;default
spec-examples-decl/address-op-nil-indirection/addr-deref-nil	artifacts/choice-trace-before/wire/spec-examples-decl__address-op-nil-indirection__addr-deref-nil.json	addrDerefNil	-	default;default;default;default;default;default
spec-examples-decl/address-op-nil-indirection/addr-deref-nil-paren	artifacts/choice-trace-before/wire/spec-examples-decl__address-op-nil-indirection__addr-deref-nil-paren.json	addrDerefNilParen	-	default;default;default;default;default;default
spec-examples-decl/alias-identity	artifacts/choice-trace-before/wire/spec-examples-decl__alias-identity.json	aliasIdentity	-	default;default;default;default;default;default
spec-examples-decl/allocation-new	artifacts/choice-trace-before/wire/spec-examples-decl__allocation-new.json	allocationNew	-	default;default;default;default;default;default
spec-examples-decl/append-forms/ints	artifacts/choice-trace-before/wire/spec-examples-decl__append-forms__ints.json	appendInts	-	default;9;1,3;5,5;47062;45548
spec-examples-decl/append-forms/interface	artifacts/choice-trace-before/wire/spec-examples-decl__append-forms__interface.json	appendInterface	-	default;9;1;5;47062;45548
spec-examples-decl/append-forms/string	artifacts/choice-trace-before/wire/spec-examples-decl__append-forms__string.json	appendString	-	default;9;1;5;47062;45548
spec-examples-decl/assert-comma-ok	artifacts/choice-trace-before/wire/spec-examples-decl__assert-comma-ok.json	assertCommaOk	-	default;default;default;default;default;default
spec-examples-decl/assign-tuple-order/exchange	artifacts/choice-trace-before/wire/spec-examples-decl__assign-tuple-order__exchange.json	exchange	-	default;default;default;default;default;default
spec-examples-decl/assign-tuple-order/index-then-var	artifacts/choice-trace-before/wire/spec-examples-decl__assign-tuple-order__index-then-var.json	indexThenVar	-	default;default;default;default;default;default
spec-examples-decl/assign-tuple-order/panic-second-target	artifacts/choice-trace-before/wire/spec-examples-decl__assign-tuple-order__panic-second-target.json	panicSecondTarget	-	default;default;default;default;default;default
spec-examples-decl/assign-tuple-order/panic-nil-field	artifacts/choice-trace-before/wire/spec-examples-decl__assign-tuple-order__panic-nil-field.json	panicNilField	-	default;default;default;default;default;default
spec-examples-decl/assign-tuple-order/range-assign	artifacts/choice-trace-before/wire/spec-examples-decl__assign-tuple-order__range-assign.json	rangeAssignForm	-	default;default;default;default;default;default
spec-examples-decl/compile-only-forms	artifacts/choice-trace-before/wire/spec-examples-decl__compile-only-forms.json	compileOnlyForms	-	default;default;default;default;default;default
spec-examples-decl/composite-literal-elision	artifacts/choice-trace-before/wire/spec-examples-decl__composite-literal-elision.json	compositeLiteralElision	-	default;default;default;default;default;default
spec-examples-decl/composite-literal-pointer	artifacts/choice-trace-before/wire/spec-examples-decl__composite-literal-pointer.json	compositeLiteralPointer	-	default;default;default;default;default;default
spec-examples-decl/const-complex/untyped	artifacts/choice-trace-before/wire/spec-examples-decl__const-complex__untyped.json	constComplexUntyped	-	default;default;default;default;default;default
spec-examples-decl/const-complex/typed	artifacts/choice-trace-before/wire/spec-examples-decl__const-complex__typed.json	constComplexTyped	-	default;default;default;default;default;default
spec-examples-decl/const-decl-forms	artifacts/choice-trace-before/wire/spec-examples-decl__const-decl-forms.json	constDeclForms	-	default;default;default;default;default;default
spec-examples-decl/const-huge-shift	artifacts/choice-trace-before/wire/spec-examples-decl__const-huge-shift.json	constHugeShift	-	default;default;default;default;default;default
spec-examples-decl/conversion-parse-forms	artifacts/choice-trace-before/wire/spec-examples-decl__conversion-parse-forms.json	conversionParseForms	-	default;default;default;default;default;default
spec-examples-decl/copy-forms	artifacts/choice-trace-before/wire/spec-examples-decl__copy-forms.json	copyForms	-	default;default;default;default;default;default
spec-examples-decl/dedup-inference	artifacts/choice-trace-before/wire/spec-examples-decl__dedup-inference.json	dedupInference	-	default;9;1;5;47062;45548
spec-examples-decl/defer-order-named-result/loop-order	artifacts/choice-trace-before/wire/spec-examples-decl__defer-order-named-result__loop-order.json	deferLoopOrder	-	default;default;default;default;default;default
spec-examples-decl/defer-order-named-result/named-result	artifacts/choice-trace-before/wire/spec-examples-decl__defer-order-named-result__named-result.json	deferNamedResult	-	default;default;default;default;default;default
spec-examples-decl/embedded-readwriter	artifacts/choice-trace-before/wire/spec-examples-decl__embedded-readwriter.json	embeddedReadWriter	-	default;default;default;default;default;default
spec-examples-decl/function-literals	artifacts/choice-trace-before/wire/spec-examples-decl__function-literals.json	functionLiterals	-	default;default;default;default;default;default
spec-examples-decl/general-interface-float	artifacts/choice-trace-before/wire/spec-examples-decl__general-interface-float.json	generalInterfaceFloat	-	default;default;default;default;default;default
spec-examples-decl/generic-alias-set	artifacts/choice-trace-before/wire/spec-examples-decl__generic-alias-set.json	genericAliasSet	-	default;default;default;default;default;default
spec-examples-decl/generic-conversion/f64	artifacts/choice-trace-before/wire/spec-examples-decl__generic-conversion__f64.json	genericConversionF64	-	default;default;default;default;default;default
spec-examples-decl/generic-conversion/f32	artifacts/choice-trace-before/wire/spec-examples-decl__generic-conversion__f32.json	genericConversionF32	-	default;default;default;default;default;default
spec-examples-decl/generic-dot-product/float64	artifacts/choice-trace-before/wire/spec-examples-decl__generic-dot-product__float64.json	dotProductFloat64	-	default;default;default;default;default;default
spec-examples-decl/generic-dot-product/named	artifacts/choice-trace-before/wire/spec-examples-decl__generic-dot-product__named.json	dotProductNamed	-	default;default;default;default;default;default
spec-examples-decl/generic-list	artifacts/choice-trace-before/wire/spec-examples-decl__generic-list.json	genericList	-	default;default;default;default;default;default
spec-examples-decl/generic-min	artifacts/choice-trace-before/wire/spec-examples-decl__generic-min.json	genericMin	-	default;default;default;default;default;default
spec-examples-decl/generic-pair-swap	artifacts/choice-trace-before/wire/spec-examples-decl__generic-pair-swap.json	genericPairSwap	-	default;default;default;default;default;default
spec-examples-decl/generic-type-switch	artifacts/choice-trace-before/wire/spec-examples-decl__generic-type-switch.json	genericTypeSwitch	-	default;default;default;default;default;default
spec-examples-decl/index-comma-ok	artifacts/choice-trace-before/wire/spec-examples-decl__index-comma-ok.json	indexCommaOk	-	default;default;default;default;default;default
spec-examples-decl/index-comma-ok/var-form-present	artifacts/choice-trace-before/wire/spec-examples-decl__index-comma-ok__var-form-present.json	indexCommaOkVarPresent	-	default;default;default;default;default;default
spec-examples-decl/init-call-order/order	artifacts/choice-trace-before/wire/spec-examples-decl__init-call-order__order.json	initCallOrder	-	default;default;default;default;default;default
spec-examples-decl/init-call-order/values	artifacts/choice-trace-before/wire/spec-examples-decl__init-call-order__values.json	initCallValues	-	default;default;default;default;default;default
spec-examples-decl/iota-multi-pair	artifacts/choice-trace-before/wire/spec-examples-decl__iota-multi-pair.json	iotaMultiPair	-	default;default;default;default;default;default
spec-examples-decl/iota-per-constdecl	artifacts/choice-trace-before/wire/spec-examples-decl__iota-per-constdecl.json	iotaPerConstDecl	-	default;default;default;default;default;default
spec-examples-decl/locker-satisfaction	artifacts/choice-trace-before/wire/spec-examples-decl__locker-satisfaction.json	lockerSatisfaction	-	default;default;default;default;default;default
spec-examples-decl/loopvar-per-iteration	artifacts/choice-trace-before/wire/spec-examples-decl__loopvar-per-iteration.json	loopvarPerIteration	-	default;9;1;5;47062;45548
spec-examples-decl/method-expressions	artifacts/choice-trace-before/wire/spec-examples-decl__method-expressions.json	methodExpressions	-	default;default;default;default;default;default
spec-examples-decl/method-sets-defined-types/promotion	artifacts/choice-trace-before/wire/spec-examples-decl__method-sets-defined-types__promotion.json	promotedThroughEmbedding	-	default;default;default;default;default;default
spec-examples-decl/method-sets-defined-types/interface-method-set	artifacts/choice-trace-before/wire/spec-examples-decl__method-sets-defined-types__interface-method-set.json	interfaceKeepsMethodSet	-	default;default;default;default;default;default
spec-examples-decl/method-values-binding/binding	artifacts/choice-trace-before/wire/spec-examples-decl__method-values-binding__binding.json	methodValuesBinding	-	default;default;default;default;default;default
spec-examples-decl/method-values-binding/interface	artifacts/choice-trace-before/wire/spec-examples-decl__method-values-binding__interface.json	methodValueInterface	-	default;default;default;default;default;default
spec-examples-decl/method-values-receiver-copy	artifacts/choice-trace-before/wire/spec-examples-decl__method-values-receiver-copy.json	methodValuesReceiverCopy	-	default;default;default;default;default;default
spec-examples-decl/multi-value-call-chain	artifacts/choice-trace-before/wire/spec-examples-decl__multi-value-call-chain.json	multiValueCallChain	-	default;default;default;default;default;default
spec-examples-decl/pkg-init-deps	artifacts/choice-trace-before/wire/spec-examples-decl__pkg-init-deps.json	pkgInitDeps	-	default;default;default;default;default;default
spec-examples-decl/pkg-init-together	artifacts/choice-trace-before/wire/spec-examples-decl__pkg-init-together.json	pkgInitTogether	-	default;default;default;default;default;default
spec-examples-decl/point-methods/scale	artifacts/choice-trace-before/wire/spec-examples-decl__point-methods__scale.json	pointScale	-	default;default;default;default;default;default
spec-examples-decl/point-methods/length	artifacts/choice-trace-before/wire/spec-examples-decl__point-methods__length.json	pointLength	-	default;default;default;default;default;default
spec-examples-decl/receive-comma-ok/forms	artifacts/choice-trace-before/wire/spec-examples-decl__receive-comma-ok__forms.json	receiveCommaOk	-	default;default;default;default;default;default
spec-examples-decl/receive-comma-ok/typed-form	artifacts/choice-trace-before/wire/spec-examples-decl__receive-comma-ok__typed-form.json	receiveCommaOkTyped	-	default;default;default;default;default;default
spec-examples-decl/receive-comma-ok/untyped-form-live	artifacts/choice-trace-before/wire/spec-examples-decl__receive-comma-ok__untyped-form-live.json	receiveCommaOkUntypedLive	-	default;default;default;default;default;default
spec-examples-decl/recover-protect/panics	artifacts/choice-trace-before/wire/spec-examples-decl__recover-protect__panics.json	protectPanics	-	default;default;default;default;default;default
spec-examples-decl/recover-protect/clean	artifacts/choice-trace-before/wire/spec-examples-decl__recover-protect__clean.json	protectClean	-	default;default;default;default;default;default
spec-examples-decl/return-forms	artifacts/choice-trace-before/wire/spec-examples-decl__return-forms.json	returnForms	-	default;default;default;default;default;default
spec-examples-decl/select-forms/ready	artifacts/choice-trace-before/wire/spec-examples-decl__select-forms__ready.json	selectReady	-	default;default;default;default;default;default
spec-examples-decl/select-forms/default	artifacts/choice-trace-before/wire/spec-examples-decl__select-forms__default.json	selectDefault	-	default;default;default;default;default;default
spec-examples-decl/select-forms/block-forever	artifacts/choice-trace-before/wire/spec-examples-decl__select-forms__block-forever.json	selectBlockForever	-	default;default;default;default;default;default
spec-examples-decl/selectors-embedding-depth/fields	artifacts/choice-trace-before/wire/spec-examples-decl__selectors-embedding-depth__fields.json	selectorFields	-	default;default;default;default;default;default
spec-examples-decl/selectors-embedding-depth/methods	artifacts/choice-trace-before/wire/spec-examples-decl__selectors-embedding-depth__methods.json	selectorMethods	-	default;default;default;default;default;default
spec-examples-decl/slice-aliasing	artifacts/choice-trace-before/wire/spec-examples-decl__slice-aliasing.json	sliceAliasing	-	default;default;default;default;default;default
spec-examples-decl/slice-map-sharing/slice	artifacts/choice-trace-before/wire/spec-examples-decl__slice-map-sharing__slice.json	sliceDescriptorSharing	-	default;default;default;default;default;default
spec-examples-decl/slice-map-sharing/map	artifacts/choice-trace-before/wire/spec-examples-decl__slice-map-sharing__map.json	mapDescriptorSharing	-	default;default;default;default;default;default
spec-examples-decl/slice-to-array/ok-forms	artifacts/choice-trace-before/wire/spec-examples-decl__slice-to-array__ok-forms.json	sliceToArrayOk	-	default;default;default;default;default;default
spec-examples-decl/slice-to-array/short-array	artifacts/choice-trace-before/wire/spec-examples-decl__slice-to-array__short-array.json	sliceToArrayShort	-	default;default;default;default;default;default
spec-examples-decl/slice-to-array/short-array-ptr	artifacts/choice-trace-before/wire/spec-examples-decl__slice-to-array__short-array-ptr.json	sliceToArrayPtrShort	-	default;default;default;default;default;default
spec-examples-decl/slice-to-array/nil-to-longer-ptr	artifacts/choice-trace-before/wire/spec-examples-decl__slice-to-array__nil-to-longer-ptr.json	nilSliceToArrayPtr	-	default;default;default;default;default;default
spec-examples-decl/string-from-bytes	artifacts/choice-trace-before/wire/spec-examples-decl__string-from-bytes.json	stringFromBytes	-	default;default;default;default;default;default
spec-examples-decl/string-from-int	artifacts/choice-trace-before/wire/spec-examples-decl__string-from-int.json	stringFromInt	-	default;default;default;default;default;default
spec-examples-decl/string-from-runes	artifacts/choice-trace-before/wire/spec-examples-decl__string-from-runes.json	stringFromRunes	-	default;default;default;default;default;default
spec-examples-decl/timezone-stringer	artifacts/choice-trace-before/wire/spec-examples-decl__timezone-stringer.json	timezoneStringer	-	default;default;default;default;default;default
spec-examples-decl/type-definitions-distinct	artifacts/choice-trace-before/wire/spec-examples-decl__type-definitions-distinct.json	typeDefinitionsDistinct	-	default;default;default;default;default;default
spec-examples-decl/typed-nil-interface	artifacts/choice-trace-before/wire/spec-examples-decl__typed-nil-interface.json	typedNilInterface	-	default;default;default;default;default;default
spec-examples-decl/type-identity	artifacts/choice-trace-before/wire/spec-examples-decl__type-identity.json	typeIdentity	-	default;default;default;default;default;default
spec-examples-decl/typeparam-parse-ambiguity/arrays	artifacts/choice-trace-before/wire/spec-examples-decl__typeparam-parse-ambiguity__arrays.json	typeparamParseArrays	-	default;default;default;default;default;default
spec-examples-decl/typeparam-parse-ambiguity/conversion-form	artifacts/choice-trace-before/wire/spec-examples-decl__typeparam-parse-ambiguity__conversion-form.json	typeparamParseConversionForm	-	default;default;default;default;default;default
spec-examples-decl/typeparam-parse-ambiguity/forced-generic	artifacts/choice-trace-before/wire/spec-examples-decl__typeparam-parse-ambiguity__forced-generic.json	typeparamParseForced	-	default;default;default;default;default;default
spec-examples-decl/underlying-conversions	artifacts/choice-trace-before/wire/spec-examples-decl__underlying-conversions.json	underlyingConversions	-	default;default;default;default;default;default
spec-examples-decl/untyped-bool-comparison	artifacts/choice-trace-before/wire/spec-examples-decl__untyped-bool-comparison.json	untypedBoolComparison	-	default;default;default;default;default;default
spec-examples-decl/var-comma-ok-matrix/recv-untyped	artifacts/choice-trace-before/wire/spec-examples-decl__var-comma-ok-matrix__recv-untyped.json	recvUntyped	-	default;default;default;default;default;default
spec-examples-decl/var-comma-ok-matrix/recv-untyped-blank-value	artifacts/choice-trace-before/wire/spec-examples-decl__var-comma-ok-matrix__recv-untyped-blank-value.json	recvUntypedBlankValue	-	default;default;default;default;default;default
spec-examples-decl/var-comma-ok-matrix/recv-untyped-blank-ok	artifacts/choice-trace-before/wire/spec-examples-decl__var-comma-ok-matrix__recv-untyped-blank-ok.json	recvUntypedBlankOk	-	default;default;default;default;default;default
spec-examples-decl/var-comma-ok-matrix/recv-typed	artifacts/choice-trace-before/wire/spec-examples-decl__var-comma-ok-matrix__recv-typed.json	recvTyped	-	default;default;default;default;default;default
spec-examples-decl/var-comma-ok-matrix/recv-typed-blank-value	artifacts/choice-trace-before/wire/spec-examples-decl__var-comma-ok-matrix__recv-typed-blank-value.json	recvTypedBlankValue	-	default;default;default;default;default;default
spec-examples-decl/var-comma-ok-matrix/recv-typed-blank-ok	artifacts/choice-trace-before/wire/spec-examples-decl__var-comma-ok-matrix__recv-typed-blank-ok.json	recvTypedBlankOk	-	default;default;default;default;default;default
spec-examples-decl/var-comma-ok-matrix/index-untyped	artifacts/choice-trace-before/wire/spec-examples-decl__var-comma-ok-matrix__index-untyped.json	indexUntyped	-	default;default;default;default;default;default
spec-examples-decl/var-comma-ok-matrix/index-untyped-blank-value	artifacts/choice-trace-before/wire/spec-examples-decl__var-comma-ok-matrix__index-untyped-blank-value.json	indexUntypedBlankValue	-	default;default;default;default;default;default
spec-examples-decl/var-comma-ok-matrix/index-untyped-blank-ok	artifacts/choice-trace-before/wire/spec-examples-decl__var-comma-ok-matrix__index-untyped-blank-ok.json	indexUntypedBlankOk	-	default;default;default;default;default;default
spec-examples-decl/var-comma-ok-matrix/index-typed	artifacts/choice-trace-before/wire/spec-examples-decl__var-comma-ok-matrix__index-typed.json	indexTyped	-	default;default;default;default;default;default
spec-examples-decl/var-comma-ok-matrix/index-typed-blank-value	artifacts/choice-trace-before/wire/spec-examples-decl__var-comma-ok-matrix__index-typed-blank-value.json	indexTypedBlankValue	-	default;default;default;default;default;default
spec-examples-decl/var-comma-ok-matrix/index-typed-blank-ok	artifacts/choice-trace-before/wire/spec-examples-decl__var-comma-ok-matrix__index-typed-blank-ok.json	indexTypedBlankOk	-	default;default;default;default;default;default
spec-examples-decl/var-comma-ok-matrix/assert-untyped	artifacts/choice-trace-before/wire/spec-examples-decl__var-comma-ok-matrix__assert-untyped.json	assertUntyped	-	default;default;default;default;default;default
spec-examples-decl/var-comma-ok-matrix/assert-untyped-blank-value	artifacts/choice-trace-before/wire/spec-examples-decl__var-comma-ok-matrix__assert-untyped-blank-value.json	assertUntypedBlankValue	-	default;default;default;default;default;default
spec-examples-decl/var-comma-ok-matrix/assert-untyped-blank-ok	artifacts/choice-trace-before/wire/spec-examples-decl__var-comma-ok-matrix__assert-untyped-blank-ok.json	assertUntypedBlankOk	-	default;default;default;default;default;default
spec-examples-decl/var-comma-ok-matrix/assert-typed	artifacts/choice-trace-before/wire/spec-examples-decl__var-comma-ok-matrix__assert-typed.json	assertTyped	-	default;default;default;default;default;default
spec-examples-decl/var-comma-ok-matrix/assert-typed-blank-value	artifacts/choice-trace-before/wire/spec-examples-decl__var-comma-ok-matrix__assert-typed-blank-value.json	assertTypedBlankValue	-	default;default;default;default;default;default
spec-examples-decl/var-comma-ok-matrix/assert-typed-blank-ok	artifacts/choice-trace-before/wire/spec-examples-decl__var-comma-ok-matrix__assert-typed-blank-ok.json	assertTypedBlankOk	-	default;default;default;default;default;default
spec-examples-decl/var-comma-ok-matrix/recv-typed-iface	artifacts/choice-trace-before/wire/spec-examples-decl__var-comma-ok-matrix__recv-typed-iface.json	recvTypedIface	-	default;default;default;default;default;default
spec-examples-decl/var-comma-ok-matrix/index-typed-iface	artifacts/choice-trace-before/wire/spec-examples-decl__var-comma-ok-matrix__index-typed-iface.json	indexTypedIface	-	default;default;default;default;default;default
spec-examples-decl/var-comma-ok-matrix/assert-typed-iface	artifacts/choice-trace-before/wire/spec-examples-decl__var-comma-ok-matrix__assert-typed-iface.json	assertTypedIface	-	default;default;default;default;default;default
spec-examples-decl/var-comma-ok-matrix/pkg-recv-untyped	artifacts/choice-trace-before/wire/spec-examples-decl__var-comma-ok-matrix__pkg-recv-untyped.json	pkgRecvUntyped	-	default;default;default;default;default;default
spec-examples-decl/var-comma-ok-matrix/pkg-recv-untyped-blank-value	artifacts/choice-trace-before/wire/spec-examples-decl__var-comma-ok-matrix__pkg-recv-untyped-blank-value.json	pkgRecvUntypedBlankValue	-	default;default;default;default;default;default
spec-examples-decl/var-comma-ok-matrix/pkg-recv-untyped-blank-ok	artifacts/choice-trace-before/wire/spec-examples-decl__var-comma-ok-matrix__pkg-recv-untyped-blank-ok.json	pkgRecvUntypedBlankOk	-	default;default;default;default;default;default
spec-examples-decl/var-comma-ok-matrix/pkg-recv-typed	artifacts/choice-trace-before/wire/spec-examples-decl__var-comma-ok-matrix__pkg-recv-typed.json	pkgRecvTyped	-	default;default;default;default;default;default
spec-examples-decl/var-comma-ok-matrix/pkg-recv-typed-blank-value	artifacts/choice-trace-before/wire/spec-examples-decl__var-comma-ok-matrix__pkg-recv-typed-blank-value.json	pkgRecvTypedBlankValue	-	default;default;default;default;default;default
spec-examples-decl/var-comma-ok-matrix/pkg-recv-typed-blank-ok	artifacts/choice-trace-before/wire/spec-examples-decl__var-comma-ok-matrix__pkg-recv-typed-blank-ok.json	pkgRecvTypedBlankOk	-	default;default;default;default;default;default
spec-examples-decl/var-comma-ok-matrix/pkg-index-untyped	artifacts/choice-trace-before/wire/spec-examples-decl__var-comma-ok-matrix__pkg-index-untyped.json	pkgIndexUntyped	-	default;default;default;default;default;default
spec-examples-decl/var-comma-ok-matrix/pkg-index-untyped-blank-value	artifacts/choice-trace-before/wire/spec-examples-decl__var-comma-ok-matrix__pkg-index-untyped-blank-value.json	pkgIndexUntypedBlankValue	-	default;default;default;default;default;default
spec-examples-decl/var-comma-ok-matrix/pkg-index-untyped-blank-ok	artifacts/choice-trace-before/wire/spec-examples-decl__var-comma-ok-matrix__pkg-index-untyped-blank-ok.json	pkgIndexUntypedBlankOk	-	default;default;default;default;default;default
spec-examples-decl/var-comma-ok-matrix/pkg-index-typed	artifacts/choice-trace-before/wire/spec-examples-decl__var-comma-ok-matrix__pkg-index-typed.json	pkgIndexTyped	-	default;default;default;default;default;default
spec-examples-decl/var-comma-ok-matrix/pkg-index-typed-blank-value	artifacts/choice-trace-before/wire/spec-examples-decl__var-comma-ok-matrix__pkg-index-typed-blank-value.json	pkgIndexTypedBlankValue	-	default;default;default;default;default;default
spec-examples-decl/var-comma-ok-matrix/pkg-index-typed-blank-ok	artifacts/choice-trace-before/wire/spec-examples-decl__var-comma-ok-matrix__pkg-index-typed-blank-ok.json	pkgIndexTypedBlankOk	-	default;default;default;default;default;default
spec-examples-decl/var-comma-ok-matrix/pkg-assert-untyped	artifacts/choice-trace-before/wire/spec-examples-decl__var-comma-ok-matrix__pkg-assert-untyped.json	pkgAssertUntyped	-	default;default;default;default;default;default
spec-examples-decl/var-comma-ok-matrix/pkg-assert-untyped-blank-value	artifacts/choice-trace-before/wire/spec-examples-decl__var-comma-ok-matrix__pkg-assert-untyped-blank-value.json	pkgAssertUntypedBlankValue	-	default;default;default;default;default;default
spec-examples-decl/var-comma-ok-matrix/pkg-assert-untyped-blank-ok	artifacts/choice-trace-before/wire/spec-examples-decl__var-comma-ok-matrix__pkg-assert-untyped-blank-ok.json	pkgAssertUntypedBlankOk	-	default;default;default;default;default;default
spec-examples-decl/var-comma-ok-matrix/pkg-assert-typed	artifacts/choice-trace-before/wire/spec-examples-decl__var-comma-ok-matrix__pkg-assert-typed.json	pkgAssertTyped	-	default;default;default;default;default;default
spec-examples-decl/var-comma-ok-matrix/pkg-assert-typed-blank-value	artifacts/choice-trace-before/wire/spec-examples-decl__var-comma-ok-matrix__pkg-assert-typed-blank-value.json	pkgAssertTypedBlankValue	-	default;default;default;default;default;default
spec-examples-decl/var-comma-ok-matrix/pkg-assert-typed-blank-ok	artifacts/choice-trace-before/wire/spec-examples-decl__var-comma-ok-matrix__pkg-assert-typed-blank-ok.json	pkgAssertTypedBlankOk	-	default;default;default;default;default;default
spec-examples-decl/var-comma-ok-matrix/func-literal	artifacts/choice-trace-before/wire/spec-examples-decl__var-comma-ok-matrix__func-literal.json	commaOkInFuncLit	-	default;default;default;default;default;default
spec-examples-decl/var-comma-ok-matrix/grouped-spec	artifacts/choice-trace-before/wire/spec-examples-decl__var-comma-ok-matrix__grouped-spec.json	commaOkGroupedSpec	-	default;default;default;default;default;default
spec-examples-decl/var-comma-ok-matrix/iface-value	artifacts/choice-trace-before/wire/spec-examples-decl__var-comma-ok-matrix__iface-value.json	commaOkIfaceValue	-	default;default;default;default;default;default
spec-examples-decl/var-comma-ok-matrix/shadow-capture	artifacts/choice-trace-before/wire/spec-examples-decl__var-comma-ok-matrix__shadow-capture.json	commaOkShadowCapture	-	default;default;default;default;default;default
spec-examples-decl/var-comma-ok-matrix/after-goto	artifacts/choice-trace-before/wire/spec-examples-decl__var-comma-ok-matrix__after-goto.json	commaOkAfterGoto	-	default;default;default;default;default;default
spec-examples-decl/var-comma-ok-matrix/after-goto-recv	artifacts/choice-trace-before/wire/spec-examples-decl__var-comma-ok-matrix__after-goto-recv.json	commaOkAfterGotoRecv	-	default;default;default;default;default;default
spec-examples-decl/var-comma-ok-matrix/after-goto-assert	artifacts/choice-trace-before/wire/spec-examples-decl__var-comma-ok-matrix__after-goto-assert.json	commaOkAfterGotoAssert	-	default;default;default;default;default;default
spec-examples-decl/var-comma-ok-matrix/tuple-call-untyped	artifacts/choice-trace-before/wire/spec-examples-decl__var-comma-ok-matrix__tuple-call-untyped.json	tupleCallUntyped	-	default;default;default;default;default;default
spec-examples-decl/var-comma-ok-matrix/tuple-call-typed	artifacts/choice-trace-before/wire/spec-examples-decl__var-comma-ok-matrix__tuple-call-typed.json	tupleCallTyped	-	default;default;default;default;default;default
spec-examples-decl/var-comma-ok-matrix/tuple-call-three	artifacts/choice-trace-before/wire/spec-examples-decl__var-comma-ok-matrix__tuple-call-three.json	tupleCallThree	-	default;default;default;default;default;default
spec-examples-decl/var-comma-ok-matrix/tuple-call-blank	artifacts/choice-trace-before/wire/spec-examples-decl__var-comma-ok-matrix__tuple-call-blank.json	tupleCallBlank	-	default;default;default;default;default;default
spec-examples-decl/var-comma-ok-matrix/tuple-call-iface	artifacts/choice-trace-before/wire/spec-examples-decl__var-comma-ok-matrix__tuple-call-iface.json	tupleCallIface	-	default;default;default;default;default;default
spec-examples-decl/var-decl-forms	artifacts/choice-trace-before/wire/spec-examples-decl__var-decl-forms.json	varDeclForms	-	default;default;default;default;default;default
spec-examples-decl/var-decl-forms/found-present	artifacts/choice-trace-before/wire/spec-examples-decl__var-decl-forms__found-present.json	varDeclFoundPresent	-	default;default;default;default;default;default
spec-examples-decl/variadic-greeting-nil/nil	artifacts/choice-trace-before/wire/spec-examples-decl__variadic-greeting-nil__nil.json	variadicNil	-	default;default;default;default;default;default
spec-examples-decl/variadic-greeting-nil/three	artifacts/choice-trace-before/wire/spec-examples-decl__variadic-greeting-nil__three.json	variadicThree	-	default;default;default;default;default;default
spec-examples-decl/weekday-iota	artifacts/choice-trace-before/wire/spec-examples-decl__weekday-iota.json	weekdayIota	-	default;default;default;default;default;default
spec-examples-decl/zero-value	artifacts/choice-trace-before/wire/spec-examples-decl__zero-value.json	zeroValue	-	default;default;default;default;default;default
spec-examples-lexical/channel-direction-forms	artifacts/choice-trace-before/wire/spec-examples-lexical__channel-direction-forms.json	channelDirectionForms	-	default;default;default;default;default;default
spec-examples-lexical/for-clause-loopvar	artifacts/choice-trace-before/wire/spec-examples-lexical__for-clause-loopvar.json	loopvarPerIteration	-	default;9;1;5;47062;45548
spec-examples-lexical/goto-label/goto-taken	artifacts/choice-trace-before/wire/spec-examples-lexical__goto-label__goto-taken.json	gotoError	3	default;default;default;default;default;default
spec-examples-lexical/goto-label/goto-not-taken	artifacts/choice-trace-before/wire/spec-examples-lexical__goto-label__goto-not-taken.json	gotoError	99	default;default;default;default;default;default
spec-examples-lexical/identifiers	artifacts/choice-trace-before/wire/spec-examples-lexical__identifiers.json	specIdentifiers	-	default;default;default;default;default;default
spec-examples-lexical/imaginary-literals	artifacts/choice-trace-before/wire/spec-examples-lexical__imaginary-literals.json	imaginaryLiterals	-	default;default;default;default;default;default
spec-examples-lexical/index-expression-form	artifacts/choice-trace-before/wire/spec-examples-lexical__index-expression-form.json	indexForms	-	default;default;default;default;default;default
spec-examples-lexical/integer-division-overflow	artifacts/choice-trace-before/wire/spec-examples-lexical__integer-division-overflow.json	mostNegativeQuotient	-	default;default;default;default;default;default
spec-examples-lexical/map-type-make	artifacts/choice-trace-before/wire/spec-examples-lexical__map-type-make.json	mapMakeForms	-	default;default;default;default;default;default
spec-examples-lexical/method-expressions/value-receiver-expr	artifacts/choice-trace-before/wire/spec-examples-lexical__method-expressions__value-receiver-expr.json	methodExprValueReceiver	-	default;default;default;default;default;default
spec-examples-lexical/method-expressions/pointer-receiver-expr	artifacts/choice-trace-before/wire/spec-examples-lexical__method-expressions__pointer-receiver-expr.json	methodExprPointerReceiver	-	default;default;default;default;default;default
spec-examples-lexical/method-expressions/derived-pointer-receiver-expr	artifacts/choice-trace-before/wire/spec-examples-lexical__method-expressions__derived-pointer-receiver-expr.json	methodExprDerivedPointerReceiver	-	default;default;default;default;default;default
spec-examples-lexical/method-values/value-receiver-method-value	artifacts/choice-trace-before/wire/spec-examples-lexical__method-values__value-receiver-method-value.json	methodValueFromValue	-	default;default;default;default;default;default
spec-examples-lexical/method-values/pointer-receiver-method-value	artifacts/choice-trace-before/wire/spec-examples-lexical__method-values__pointer-receiver-method-value.json	methodValueFromPointer	-	default;default;default;default;default;default
spec-examples-lexical/panic-values/panic-int	artifacts/choice-trace-before/wire/spec-examples-lexical__panic-values__panic-int.json	panicInt	-	default;default;default;default;default;default
spec-examples-lexical/panic-values/panic-string	artifacts/choice-trace-before/wire/spec-examples-lexical__panic-values__panic-string.json	panicString	-	default;default;default;default;default;default
spec-examples-lexical/panic-values/panic-error	artifacts/choice-trace-before/wire/spec-examples-lexical__panic-values__panic-error.json	panicErrorValue	-	default;default;default;default;default;default
spec-examples-lexical/pointer-type-forms	artifacts/choice-trace-before/wire/spec-examples-lexical__pointer-type-forms.json	pointerTypeForms	-	default;default;default;default;default;default
spec-examples-lexical/qualified-identifier	artifacts/choice-trace-before/wire/spec-examples-lexical__qualified-identifier.json	qualifiedIdentifier	-	default;default;default;default;default;default
spec-examples-lexical/selectors-depth	artifacts/choice-trace-before/wire/spec-examples-lexical__selectors-depth.json	selectorDepth	-	default;default;default;default;default;default
spec-examples-lexical/slice-expression-defaults	artifacts/choice-trace-before/wire/spec-examples-lexical__slice-expression-defaults.json	sliceDefaultIndices	-	default;default;default;default;default;default
spec-examples-lexical/string-literal-forms	artifacts/choice-trace-before/wire/spec-examples-lexical__string-literal-forms.json	stringLiteralForms	-	default;default;default;default;default;default
spec-examples-lexical/string-to-bytes	artifacts/choice-trace-before/wire/spec-examples-lexical__string-to-bytes.json	stringToBytes	-	default;default;default;default;default;default
spec-examples-lexical/string-to-runes	artifacts/choice-trace-before/wire/spec-examples-lexical__string-to-runes.json	stringToRunes	-	default;default;default;default;default;default
spec-examples-lexical/type-assertion-form	artifacts/choice-trace-before/wire/spec-examples-lexical__type-assertion-form.json	typeAssertionForm	-	default;default;default;default;default;default
spec-examples-stmt/assign-forms	artifacts/choice-trace-before/wire/spec-examples-stmt__assign-forms.json	assignTargetForms	-	default;default;default;default;default;default
spec-examples-stmt/break-label/nil-error	artifacts/choice-trace-before/wire/spec-examples-stmt__break-label__nil-error.json	breakLabelScan	0	default;default;default;default;default;default
spec-examples-stmt/break-label/item-found	artifacts/choice-trace-before/wire/spec-examples-stmt__break-label__item-found.json	breakLabelScan	1	default;default;default;default;default;default
spec-examples-stmt/break-label/no-hit	artifacts/choice-trace-before/wire/spec-examples-stmt__break-label__no-hit.json	breakLabelScan	2	default;default;default;default;default;default
spec-examples-stmt/complit-array-lengths	artifacts/choice-trace-before/wire/spec-examples-stmt__complit-array-lengths.json	complitArrayLengths	-	default;default;default;default;default;default
spec-examples-stmt/complit-empty-slice-vs-new	artifacts/choice-trace-before/wire/spec-examples-stmt__complit-empty-slice-vs-new.json	complitEmptySliceVsNew	-	default;default;default;default;default;default
spec-examples-stmt/complit-keyed-examples	artifacts/choice-trace-before/wire/spec-examples-stmt__complit-keyed-examples.json	complitKeyedExamples	-	default;default;default;default;default;default
spec-examples-stmt/complit-paren-ambiguity/match	artifacts/choice-trace-before/wire/spec-examples-stmt__complit-paren-ambiguity__match.json	complitParenForms	5,1	default;default;default;default;default;default
spec-examples-stmt/complit-paren-ambiguity/no-match	artifacts/choice-trace-before/wire/spec-examples-stmt__complit-paren-ambiguity__no-match.json	complitParenForms	9,2	default;default;default;default;default;default
spec-examples-stmt/complit-slice-is-array	artifacts/choice-trace-before/wire/spec-examples-stmt__complit-slice-is-array.json	complitSliceIsArraySlice	-	default;default;default;default;default;default
spec-examples-stmt/complit-struct-zero	artifacts/choice-trace-before/wire/spec-examples-stmt__complit-struct-zero.json	complitStructZero	-	default;default;default;default;default;default
spec-examples-stmt/continue-label	artifacts/choice-trace-before/wire/spec-examples-stmt__continue-label.json	continueLabelBias	-	default;default;default;default;default;default
spec-examples-stmt/eval-order-calls/verbatim	artifacts/choice-trace-before/wire/spec-examples-stmt__eval-order-calls__verbatim.json	evalOrderCallsVerbatim	-	default;default;default;default;default;default
spec-examples-stmt/eval-order-calls/traced-recv	artifacts/choice-trace-before/wire/spec-examples-stmt__eval-order-calls__traced-recv.json	evalOrderCallsTracedRecv	-	default;default;default;default;default;default
spec-examples-stmt/expr-switch-forms/tag-first-list	artifacts/choice-trace-before/wire/spec-examples-stmt__expr-switch-forms__tag-first-list.json	exprSwitchTag	2	default;default;default;default;default;default
spec-examples-stmt/expr-switch-forms/tag-second-list	artifacts/choice-trace-before/wire/spec-examples-stmt__expr-switch-forms__tag-second-list.json	exprSwitchTag	7	default;default;default;default;default;default
spec-examples-stmt/expr-switch-forms/tag-default	artifacts/choice-trace-before/wire/spec-examples-stmt__expr-switch-forms__tag-default.json	exprSwitchTag	9	default;default;default;default;default;default
spec-examples-stmt/expr-switch-forms/tag-negative	artifacts/choice-trace-before/wire/spec-examples-stmt__expr-switch-forms__tag-negative.json	exprSwitchTag	-3	default;default;default;default;default;default
spec-examples-stmt/expr-switch-forms/no-expr-negative	artifacts/choice-trace-before/wire/spec-examples-stmt__expr-switch-forms__no-expr-negative.json	exprSwitchNoExpr	-8	default;default;default;default;default;default
spec-examples-stmt/expr-switch-forms/no-expr-positive	artifacts/choice-trace-before/wire/spec-examples-stmt__expr-switch-forms__no-expr-positive.json	exprSwitchNoExpr	8	default;default;default;default;default;default
spec-examples-stmt/expr-switch-forms/first-match-f1	artifacts/choice-trace-before/wire/spec-examples-stmt__expr-switch-forms__first-match-f1.json	exprSwitchFirstMatch	-5	default;default;default;default;default;default
spec-examples-stmt/expr-switch-forms/first-match-f2	artifacts/choice-trace-before/wire/spec-examples-stmt__expr-switch-forms__first-match-f2.json	exprSwitchFirstMatch	0	default;default;default;default;default;default
spec-examples-stmt/expr-switch-forms/first-match-f3	artifacts/choice-trace-before/wire/spec-examples-stmt__expr-switch-forms__first-match-f3.json	exprSwitchFirstMatch	4	default;default;default;default;default;default
spec-examples-stmt/expr-switch-forms/first-match-none	artifacts/choice-trace-before/wire/spec-examples-stmt__expr-switch-forms__first-match-none.json	exprSwitchFirstMatch	9	default;default;default;default;default;default
spec-examples-stmt/fma-forced-rounding/conv-add	artifacts/choice-trace-before/wire/spec-examples-stmt__fma-forced-rounding__conv-add.json	fmaForcedConvAdd	1	default;default;default;default;default;default
spec-examples-stmt/fma-forced-rounding/plus-assign	artifacts/choice-trace-before/wire/spec-examples-stmt__fma-forced-rounding__plus-assign.json	fmaForcedPlusAssign	1	default;default;default;default;default;default
spec-examples-stmt/fma-forced-rounding/temp-conv	artifacts/choice-trace-before/wire/spec-examples-stmt__fma-forced-rounding__temp-conv.json	fmaForcedTempConv	1	default;default;default;default;default;default
spec-examples-stmt/fma-forced-rounding/forms-agree	artifacts/choice-trace-before/wire/spec-examples-stmt__fma-forced-rounding__forms-agree.json	fmaForcedFormsAgree	1	default;default;default;default;default;default
spec-examples-stmt/for-clause	artifacts/choice-trace-before/wire/spec-examples-stmt__for-clause.json	forClauseTen	-	default;default;default;default;default;default
spec-examples-stmt/for-condition/doubles	artifacts/choice-trace-before/wire/spec-examples-stmt__for-condition__doubles.json	forConditionDouble	1,100	default;default;default;default;default;default
spec-examples-stmt/for-condition/zero-iter	artifacts/choice-trace-before/wire/spec-examples-stmt__for-condition__zero-iter.json	forConditionDouble	5,3	default;default;default;default;default;default
spec-examples-stmt/for-condition/boundary	artifacts/choice-trace-before/wire/spec-examples-stmt__for-condition__boundary.json	forConditionDouble	3,3	default;default;default;default;default;default
spec-examples-stmt/for-forms-equiv/cond-pair	artifacts/choice-trace-before/wire/spec-examples-stmt__for-forms-equiv__cond-pair.json	forFormsCondPair	-	default;default;default;default;default;default
spec-examples-stmt/for-forms-equiv/infinite-pair	artifacts/choice-trace-before/wire/spec-examples-stmt__for-forms-equiv__infinite-pair.json	forFormsInfinitePair	-	default;default;default;default;default;default
spec-examples-stmt/go-statements/named-call	artifacts/choice-trace-before/wire/spec-examples-stmt__go-statements__named-call.json	goStatementNamedCall	-	default;9,8,7,6,5,4;1,3,5;5,5,5;47062,17241,28876,43750;45548,4010,42376
spec-examples-stmt/go-statements/func-literal	artifacts/choice-trace-before/wire/spec-examples-stmt__go-statements__func-literal.json	goStatementFuncLiteral	-	default;9,8,7,6,5,4,3,2,1,0;1,3,5,7,9,2,4,6,8,0;5,5,5,5,5,5,5,5;47062,17241,28876,43750,15194,49395,23194,43254,9513,31674,16891,46322,48508,4896;45548,4010,42376,18520,53319,16971,27516,38438,7281,33498,29351,49938,42482,40450
spec-examples-stmt/go-statements/params-at-go	artifacts/choice-trace-before/wire/spec-examples-stmt__go-statements__params-at-go.json	goStatementParamsEvaluatedAtGo	-	default;9,8,7,6,5,4;1,3,5;5,5,5;47062,17241,28876,43750;45548,4010,42376
spec-examples-stmt/if-init-else-chain/first-branch	artifacts/choice-trace-before/wire/spec-examples-stmt__if-init-else-chain__first-branch.json	ifInitElseChain	5	default;default;default;default;default;default
spec-examples-stmt/if-init-else-chain/second-branch	artifacts/choice-trace-before/wire/spec-examples-stmt__if-init-else-chain__second-branch.json	ifInitElseChain	25	default;default;default;default;default;default
spec-examples-stmt/if-init-else-chain/else-branch	artifacts/choice-trace-before/wire/spec-examples-stmt__if-init-else-chain__else-branch.json	ifInitElseChain	15	default;default;default;default;default;default
spec-examples-stmt/if-init-else-chain/boundary-y	artifacts/choice-trace-before/wire/spec-examples-stmt__if-init-else-chain__boundary-y.json	ifInitElseChain	10	default;default;default;default;default;default
spec-examples-stmt/if-init-else-chain/boundary-z	artifacts/choice-trace-before/wire/spec-examples-stmt__if-init-else-chain__boundary-z.json	ifInitElseChain	20	default;default;default;default;default;default
spec-examples-stmt/if-init-hoist-order/cond-call-after-init	artifacts/choice-trace-before/wire/spec-examples-stmt__if-init-hoist-order__cond-call-after-init.json	condCallAfterInit	-	default;default;default;default;default;default
spec-examples-stmt/if-init-hoist-order/init-panic-first	artifacts/choice-trace-before/wire/spec-examples-stmt__if-init-hoist-order__init-panic-first.json	initPanicFirst	-	default;default;default;default;default;default
spec-examples-stmt/if-init-hoist-order/else-if-chain	artifacts/choice-trace-before/wire/spec-examples-stmt__if-init-hoist-order__else-if-chain.json	elseIfChainOrder	-	default;default;default;default;default;default
spec-examples-stmt/if-init-hoist-order/func-literal	artifacts/choice-trace-before/wire/spec-examples-stmt__if-init-hoist-order__func-literal.json	ifInitInFuncLit	-	default;default;default;default;default;default
spec-examples-stmt/if-init-hoist-order/nested	artifacts/choice-trace-before/wire/spec-examples-stmt__if-init-hoist-order__nested.json	nestedIfInit	-	default;default;default;default;default;default
spec-examples-stmt/if-init-hoist-order/cond-hoist-reads-init	artifacts/choice-trace-before/wire/spec-examples-stmt__if-init-hoist-order__cond-hoist-reads-init.json	condHoistReadsInit	-	default;default;default;default;default;default
spec-examples-stmt/if-init-hoist-order/cond-panic-after-init	artifacts/choice-trace-before/wire/spec-examples-stmt__if-init-hoist-order__cond-panic-after-init.json	condPanicAfterInit	-	default;default;default;default;default;default
spec-examples-stmt/if-init-hoist-order/comma-ok-short-circuit	artifacts/choice-trace-before/wire/spec-examples-stmt__if-init-hoist-order__comma-ok-short-circuit.json	commaOkShortCircuit	-	default;default;default;default;default;default
spec-examples-stmt/if-init-hoist-order/comma-ok-method-short-circuit	artifacts/choice-trace-before/wire/spec-examples-stmt__if-init-hoist-order__comma-ok-method-short-circuit.json	commaOkMethodShortCircuit	-	default;default;default;default;default;default
spec-examples-stmt/if-simple/above	artifacts/choice-trace-before/wire/spec-examples-stmt__if-simple__above.json	ifSimpleClamp	9,5	default;default;default;default;default;default
spec-examples-stmt/if-simple/at	artifacts/choice-trace-before/wire/spec-examples-stmt__if-simple__at.json	ifSimpleClamp	5,5	default;default;default;default;default;default
spec-examples-stmt/if-simple/below	artifacts/choice-trace-before/wire/spec-examples-stmt__if-simple__below.json	ifSimpleClamp	2,5	default;default;default;default;default;default
spec-examples-stmt/init-hoist-relatives/for-init-cond	artifacts/choice-trace-before/wire/spec-examples-stmt__init-hoist-relatives__for-init-cond.json	forInitCondOrder	-	default;default;default;default;default;default
spec-examples-stmt/init-hoist-relatives/for-init-cond-reads-init	artifacts/choice-trace-before/wire/spec-examples-stmt__init-hoist-relatives__for-init-cond-reads-init.json	forInitCondReadsInit	-	default;default;default;default;default;default
spec-examples-stmt/init-hoist-relatives/switch-init-tag	artifacts/choice-trace-before/wire/spec-examples-stmt__init-hoist-relatives__switch-init-tag.json	switchInitTagOrder	-	default;default;default;default;default;default
spec-examples-stmt/init-hoist-relatives/switch-init-tag-reads-init	artifacts/choice-trace-before/wire/spec-examples-stmt__init-hoist-relatives__switch-init-tag-reads-init.json	switchInitTagReadsInit	-	default;default;default;default;default;default
spec-examples-stmt/init-hoist-relatives/type-switch-init	artifacts/choice-trace-before/wire/spec-examples-stmt__init-hoist-relatives__type-switch-init.json	typeSwitchInitOrder	-	default;default;default;default;default;default
spec-examples-stmt/init-hoist-relatives/type-switch-init-reads-init	artifacts/choice-trace-before/wire/spec-examples-stmt__init-hoist-relatives__type-switch-init-reads-init.json	typeSwitchInitReadsInit	-	default;default;default;default;default;default
spec-examples-stmt/method-expr-five-forms	artifacts/choice-trace-before/wire/spec-examples-stmt__method-expr-five-forms.json	methodExprFiveForms	-	default;default;default;default;default;default
spec-examples-stmt/method-value-two-forms/two-forms	artifacts/choice-trace-before/wire/spec-examples-stmt__method-value-two-forms__two-forms.json	methodValueTwoForms	-	default;default;default;default;default;default
spec-examples-stmt/method-value-two-forms/saved-receiver	artifacts/choice-trace-before/wire/spec-examples-stmt__method-value-two-forms__saved-receiver.json	methodValueSavedReceiver	-	default;default;default;default;default;default
spec-examples-stmt/min-max-float-specials/signed-zero	artifacts/choice-trace-before/wire/spec-examples-stmt__min-max-float-specials__signed-zero.json	minMaxSignedZero	-	default;default;default;default;default;default
spec-examples-stmt/min-max-float-specials/infinities	artifacts/choice-trace-before/wire/spec-examples-stmt__min-max-float-specials__infinities.json	minMaxInfinities	-	default;default;default;default;default;default
spec-examples-stmt/min-max-float-specials/nan	artifacts/choice-trace-before/wire/spec-examples-stmt__min-max-float-specials__nan.json	minMaxNaN	-	default;default;default;default;default;default
spec-examples-stmt/min-max-strings/pairs	artifacts/choice-trace-before/wire/spec-examples-stmt__min-max-strings__pairs.json	minMaxStringsPair	-	default;default;default;default;default;default
spec-examples-stmt/min-max-strings/assoc	artifacts/choice-trace-before/wire/spec-examples-stmt__min-max-strings__assoc.json	minMaxStringsAssoc	-	default;default;default;default;default;default
spec-examples-stmt/operator-precedence/unary-plus	artifacts/choice-trace-before/wire/spec-examples-stmt__operator-precedence__unary-plus.json	opPrecUnaryPlus	-	default;default;default;default;default;default
spec-examples-stmt/operator-precedence/add-sub	artifacts/choice-trace-before/wire/spec-examples-stmt__operator-precedence__add-sub.json	opPrecAddSub	-	default;default;default;default;default;default
spec-examples-stmt/operator-precedence/mul-index	artifacts/choice-trace-before/wire/spec-examples-stmt__operator-precedence__mul-index.json	opPrecMulIndex	-	default;default;default;default;default;default
spec-examples-stmt/operator-precedence/cmp-call	artifacts/choice-trace-before/wire/spec-examples-stmt__operator-precedence__cmp-call.json	opPrecCmpCall	-	default;default;default;default;default;default
spec-examples-stmt/operator-precedence/not-shift	artifacts/choice-trace-before/wire/spec-examples-stmt__operator-precedence__not-shift.json	opPrecNotShift	-	default;default;default;default;default;default
spec-examples-stmt/operator-precedence/or-calls	artifacts/choice-trace-before/wire/spec-examples-stmt__operator-precedence__or-calls.json	opPrecOrCalls	-	default;default;default;default;default;default
spec-examples-stmt/operator-precedence/mixed-chan	artifacts/choice-trace-before/wire/spec-examples-stmt__operator-precedence__mixed-chan.json	opPrecMixed	-	default;default;default;default;default;default
spec-examples-stmt/prime-sieve/five	artifacts/choice-trace-before/wire/spec-examples-stmt__prime-sieve__five.json	primeSieveFirst	5	default;9,8,7,6,5,4,3,2,1,0;1,3,5,7,9,2,4,6,8,0;5,5,5,5,5,5,5,5;47062,17241,28876,43750,15194,49395,23194,43254,9513,31674,16891,46322,48508,4896,44218,28684,13594,1567,27860,25141,14699,15757,19422,56162,37437,22448,3876,40608,9553,6048,26527,42258,56348,53445,23694,5722,49866,13674,24796,10013,1279,15844,51850,41400,7629,50454,56052,44805,28975,8866,25514,58600,56188,6082,54301,20776,60886,179,18807,44038,43081,19222,34284,40501,64871,25759,56499,47224,46754,21031,2466,19229,29425,40108,43143,1156,46313,10566,27311,60933,25985,7595,34231,30274,27410,53617,29752,59635,43064,15486,63382,4888,19967,17750,40257,62690,43893,35396,1307,33056,18473,29408,33182,65098,30478,19517,17684,33779,15598,57708,54394,42496,52499,47001,64785,42601,58715,36340,11241,16312,63606,19580,36679,60177,4867,11137,60290,4440,53830,25268,33860,43317,42748,57203,28350,25750,41998,13739,49655,11359,8398,15924,57950,11877,15717,64573,31268,49282,4799,15906,32461,9681,22109,23641,34562,3321,34413,35721,35842,40487,45100,20809,52578;45548,4010,42376,18520,53319,16971,27516,38438,7281,33498,29351,49938,42482,40450,61504,34554,5354,61997,38926,27463,6056,51174,39660,27994,12013,59686,47063,35114,16911,57411,51798,45524,30045,51110,24315,19449,19841,19132,42120,50900,26687,25260,10531,39583,52700,60260,17456,60191,43274,63422,30155,11473,33086,5884,46504,38169,23378,11867,51115,56834,65026,48398,18850,37909,56741,36465,29283,32812,8304,30737,49315,21364,32938,4709,51634,32016,60622,10638,4981,65016,51378,52961,6270,53530,41575,5566,41482,1645,4086,37438,48413,56281,26767,37843,56133,21822,36338,22794,25457,42624,52845,56739,32074,35149,23148,1192,62606,6531,51919,54056,57110,56582,30916,25811,63158,42791,33058,9163,51528,55075,53854,56409,16274,45374,19699,49451,48402,31070,50450,13550,34261,58674,62843,17573,42353,40414,3226,5575,3671,29150
spec-examples-stmt/prime-sieve/eight	artifacts/choice-trace-before/wire/spec-examples-stmt__prime-sieve__eight.json	primeSieveFirst	8	default;9,8,7,6,5,4,3,2,1,0;1,3,5,7,9,2,4,6,8,0;5,5,5,5,5,5,5,5;47062,17241,28876,43750,15194,49395,23194,43254,9513,31674,16891,46322,48508,4896,44218,28684,13594,1567,27860,25141,14699,15757,19422,56162,37437,22448,3876,40608,9553,6048,26527,42258,56348,53445,23694,5722,49866,13674,24796,10013,1279,15844,51850,41400,7629,50454,56052,44805,28975,8866,25514,58600,56188,6082,54301,20776,60886,179,18807,44038,43081,19222,34284,40501,64871,25759,56499,47224,46754,21031,2466,19229,29425,40108,43143,1156,46313,10566,27311,60933,25985,7595,34231,30274,27410,53617,29752,59635,43064,15486,63382,4888,19967,17750,40257,62690,43893,35396,1307,33056,18473,29408,33182,65098,30478,19517,17684,33779,15598,57708,54394,42496,52499,47001,64785,42601,58715,36340,11241,16312,63606,19580,36679,60177,4867,11137,60290,4440,53830,25268,33860,43317,42748,57203,28350,25750,41998,13739,49655,11359,8398,15924,57950,11877,15717,64573,31268,49282,4799,15906,32461,9681,22109,23641,34562,3321,34413,35721,35842,40487,45100,20809,52578,31926,61046,41393,16922,54843,53513,59069,20570,29209,10072,51744,47213,12518,14276,31173,27411,43275,50053,9300,10129,28897,63326,1042,41458,61975,60449,40278,18772,7225,21096,52454,11520,56661,404,51097,7264,6625,43437,13896,16906,31774,23734,20707,16334,60873,24871,48180,48536,38065,39673,58593,64926,11841,49676,7813,38514,64238,15764,8289,29078,26460,55353,38309,2073,48528,38235,21019,33982,8010,21741,23800,5422,63316,31355,41799,13385,37029,8314,19786,27481,55211,43281,25379,19783,30183,63501,13441,20231,24244,18709,5595,60734,27465,48242,36621,34235,54350,43452,4186,12887,31356,29246,49829,47753,45632,3617,22413,5208,54710,58237,30976,4302,3474,4756,43763,57972,7632,54926,48219,1506,843,12173,38732,55403,18735,26000,32449,58140,51441,45305,42858,10277,57190,44357,49187,22070,16705,40466,50763,13229,16288,18961,5743,52888;45548,4010,42376,18520,53319,16971,27516,38438,7281,33498,29351,49938,42482,40450,61504,34554,5354,61997,38926,27463,6056,51174,39660,27994,12013,59686,47063,35114,16911,57411,51798,45524,30045,51110,24315,19449,19841,19132,42120,50900,26687,25260,10531,39583,52700,60260,17456,60191,43274,63422,30155,11473,33086,5884,46504,38169,23378,11867,51115,56834,65026,48398,18850,37909,56741,36465,29283,32812,8304,30737,49315,21364,32938,4709,51634,32016,60622,10638,4981,65016,51378,52961,6270,53530,41575,5566,41482,1645,4086,37438,48413,56281,26767,37843,56133,21822,36338,22794,25457,42624,52845,56739,32074,35149,23148,1192,62606,6531,51919,54056,57110,56582,30916,25811,63158,42791,33058,9163,51528,55075,53854,56409,16274,45374,19699,49451,48402,31070,50450,13550,34261,58674,62843,17573,42353,40414,3226,5575,3671,29150,61112,35447,20481,9926,54336,33821,58391,55168,46565,45834,12210,2542,10242,23676,16768,41635,8982,31887,21745,40330,19095,20298,35983,10099,31235,64679,46058,22761,10222,6807,1667,52134,38917,43905,17036,65374,45494,65279,37616,6569,21912,61301,44367,25025,60879,17623,16668,14456,36258,27070,55972,3528,23684,37554,3518,63515,48394,43675,45630,57600,40591,21960,8785,60257,20788,11445,7793,1998,26917,4206,10822,33825,1037,1369,33540,63376,24632,35466,44426,22479,37019,6305,28161,60794,56690,7000,15090,5868,6893,22108,37909,60048,31835,5042,3129,55919,23193,3600,47957,34714,64108,13190,12392,46812,28409,17950,35892,53928,5049,36032,45202,34159,49278,45999,55737,12880,828,49596,3582,2126,62101,63153,20242,35188,44974,44213,26589,30570,11707,38592,4549,2292,54316,45434,2559,41029,29035,27532,19676,50034,7649,49727,40142,37755,43474,7382,17046,45488,50728,64487,10821,57227,30008,48082,61240,58619,8878,11779,10875,4353,22828,41288,63672,42865,31545,9747,19872,7349,8135,14733,7226,49351,44765,44414
spec-examples-stmt/receive-forms	artifacts/choice-trace-before/wire/spec-examples-stmt__receive-forms.json	receiveForms	-	default;default;default;default;default;default
spec-examples-stmt/representability/ints-strings	artifacts/choice-trace-before/wire/spec-examples-stmt__representability__ints-strings.json	reprIntsAndStrings	-	default;default;default;default;default;default
spec-examples-stmt/representability/float-rounding	artifacts/choice-trace-before/wire/spec-examples-stmt__representability__float-rounding.json	reprFloatRounding	-	default;default;default;default;default;default
spec-examples-stmt/representability/neg-tiny-unsigned-zero	artifacts/choice-trace-before/wire/spec-examples-stmt__representability__neg-tiny-unsigned-zero.json	reprNegTinyIsUnsignedZero	-	default;default;default;default;default;default
spec-examples-stmt/representability/complex-to-real	artifacts/choice-trace-before/wire/spec-examples-stmt__representability__complex-to-real.json	reprComplexConstants	-	default;default;default;default;default;default
spec-examples-stmt/short-var-decl	artifacts/choice-trace-before/wire/spec-examples-stmt__short-var-decl.json	shortVarDeclForms	-	default;default;default;default;default;default
spec-examples-stmt/slice-full	artifacts/choice-trace-before/wire/spec-examples-stmt__slice-full.json	sliceFullExpr	-	default;default;default;default;default;default
spec-examples-stmt/slice-simple	artifacts/choice-trace-before/wire/spec-examples-stmt__slice-simple.json	sliceSimpleExpr	-	default;default;default;default;default;default
spec-examples-stmt/string-concat	artifacts/choice-trace-before/wire/spec-examples-stmt__string-concat.json	stringConcatForms	-	default;default;default;default;default;default
spec-examples-stmt/struct-tags	artifacts/choice-trace-before/wire/spec-examples-stmt__struct-tags.json	structTagsIgnored	-	default;default;default;default;default;default
spec-examples-stmt/type-switch/nil-case	artifacts/choice-trace-before/wire/spec-examples-stmt__type-switch__nil-case.json	typeSwitchSpec	0	default;default;default;default;default;default
spec-examples-stmt/type-switch/int-case	artifacts/choice-trace-before/wire/spec-examples-stmt__type-switch__int-case.json	typeSwitchSpec	1	default;default;default;default;default;default
spec-examples-stmt/type-switch/float64-case	artifacts/choice-trace-before/wire/spec-examples-stmt__type-switch__float64-case.json	typeSwitchSpec	2	default;default;default;default;default;default
spec-examples-stmt/type-switch/func-case	artifacts/choice-trace-before/wire/spec-examples-stmt__type-switch__func-case.json	typeSwitchSpec	3	default;default;default;default;default;default
spec-examples-stmt/type-switch/bool-in-list	artifacts/choice-trace-before/wire/spec-examples-stmt__type-switch__bool-in-list.json	typeSwitchSpec	4	default;default;default;default;default;default
spec-examples-stmt/type-switch/string-in-list	artifacts/choice-trace-before/wire/spec-examples-stmt__type-switch__string-in-list.json	typeSwitchSpec	5	default;default;default;default;default;default
spec-examples-stmt/type-switch/default-case	artifacts/choice-trace-before/wire/spec-examples-stmt__type-switch__default-case.json	typeSwitchSpec	6	default;default;default;default;default;default
spec-examples-stmt/type-switch-equiv-if/if-chain-nil	artifacts/choice-trace-before/wire/spec-examples-stmt__type-switch-equiv-if__if-chain-nil.json	typeSwitchIfChain	0	default;default;default;default;default;default
spec-examples-stmt/type-switch-equiv-if/if-chain-int	artifacts/choice-trace-before/wire/spec-examples-stmt__type-switch-equiv-if__if-chain-int.json	typeSwitchIfChain	1	default;default;default;default;default;default
spec-examples-stmt/type-switch-equiv-if/if-chain-float64	artifacts/choice-trace-before/wire/spec-examples-stmt__type-switch-equiv-if__if-chain-float64.json	typeSwitchIfChain	2	default;default;default;default;default;default
spec-examples-stmt/type-switch-equiv-if/if-chain-func	artifacts/choice-trace-before/wire/spec-examples-stmt__type-switch-equiv-if__if-chain-func.json	typeSwitchIfChain	3	default;default;default;default;default;default
spec-examples-stmt/type-switch-equiv-if/if-chain-bool	artifacts/choice-trace-before/wire/spec-examples-stmt__type-switch-equiv-if__if-chain-bool.json	typeSwitchIfChain	4	default;default;default;default;default;default
spec-examples-stmt/type-switch-equiv-if/if-chain-string	artifacts/choice-trace-before/wire/spec-examples-stmt__type-switch-equiv-if__if-chain-string.json	typeSwitchIfChain	5	default;default;default;default;default;default
spec-examples-stmt/type-switch-equiv-if/if-chain-default	artifacts/choice-trace-before/wire/spec-examples-stmt__type-switch-equiv-if__if-chain-default.json	typeSwitchIfChain	6	default;default;default;default;default;default
spec-examples-stmt/type-switch-equiv-if/agree-nil	artifacts/choice-trace-before/wire/spec-examples-stmt__type-switch-equiv-if__agree-nil.json	typeSwitchFormsAgree	0	default;default;default;default;default;default
spec-examples-stmt/type-switch-equiv-if/agree-int	artifacts/choice-trace-before/wire/spec-examples-stmt__type-switch-equiv-if__agree-int.json	typeSwitchFormsAgree	1	default;default;default;default;default;default
spec-examples-stmt/type-switch-equiv-if/agree-float64	artifacts/choice-trace-before/wire/spec-examples-stmt__type-switch-equiv-if__agree-float64.json	typeSwitchFormsAgree	2	default;default;default;default;default;default
spec-examples-stmt/type-switch-equiv-if/agree-func	artifacts/choice-trace-before/wire/spec-examples-stmt__type-switch-equiv-if__agree-func.json	typeSwitchFormsAgree	3	default;default;default;default;default;default
spec-examples-stmt/type-switch-equiv-if/agree-bool	artifacts/choice-trace-before/wire/spec-examples-stmt__type-switch-equiv-if__agree-bool.json	typeSwitchFormsAgree	4	default;default;default;default;default;default
spec-examples-stmt/type-switch-equiv-if/agree-string	artifacts/choice-trace-before/wire/spec-examples-stmt__type-switch-equiv-if__agree-string.json	typeSwitchFormsAgree	5	default;default;default;default;default;default
spec-examples-stmt/type-switch-equiv-if/agree-default	artifacts/choice-trace-before/wire/spec-examples-stmt__type-switch-equiv-if__agree-default.json	typeSwitchFormsAgree	6	default;default;default;default;default;default
spec-examples-stmt/type-unify-struct-array	artifacts/choice-trace-before/wire/spec-examples-stmt__type-unify-struct-array.json	typeUnifyStructArray	-	default;default;default;default;default;default
spec-examples-stmt/variadic-slice-passthrough	artifacts/choice-trace-before/wire/spec-examples-stmt__variadic-slice-passthrough.json	variadicSlicePassthrough	-	default;default;default;default;default;default
stdlib-source/binary-order/le-roundtrip-64	artifacts/choice-trace-before/wire/stdlib-source__binary-order__le-roundtrip-64.json	leRoundTrip64	-	default;default;default;default;default;default
stdlib-source/binary-order/be-roundtrip	artifacts/choice-trace-before/wire/stdlib-source__binary-order__be-roundtrip.json	beRoundTrip	-	default;default;default;default;default;default
stdlib-source/binary-order/append-orders	artifacts/choice-trace-before/wire/stdlib-source__binary-order__append-orders.json	appendOrders	-	default;9,8;1,3,5;5,5;47062,17241;45548,4010
stdlib-source/binary-order/byteorder-interface	artifacts/choice-trace-before/wire/stdlib-source__binary-order__byteorder-interface.json	byteOrderInterface	-	default;default;default;default;default;default
stdlib-source/binary-order/put-short-panics	artifacts/choice-trace-before/wire/stdlib-source__binary-order__put-short-panics.json	putShortPanics	-	default;default;default;default;default;default
stdlib-source/builder-cap/grow-empty	artifacts/choice-trace-before/wire/stdlib-source__builder-cap__grow-empty.json	builderCapGrowEmpty	-	default;9;1;5;47062;45548
stdlib-source/builder-cap/grow-hundred	artifacts/choice-trace-before/wire/stdlib-source__builder-cap__grow-hundred.json	builderCapGrowHundred	-	default;9;1;5;47062;45548
stdlib-source/builder-cap/grow-after-write	artifacts/choice-trace-before/wire/stdlib-source__builder-cap__grow-after-write.json	builderCapGrowAfterWrite	-	default;9,8;1,3;5,5;47062;45548
stdlib-source/builder-cap/grow-then-write	artifacts/choice-trace-before/wire/stdlib-source__builder-cap__grow-then-write.json	builderCapGrowThenWrite	-	default;9;1;5;47062;45548
stdlib-source/builder-fuzz/seed-0	artifacts/choice-trace-before/wire/stdlib-source__builder-fuzz__seed-0.json	fuzz0	-	default;9,8,7,6,5,4,3,2,1,0;1,3,5,7,9,2,4,6,8,0;5,5,5,5,5,5,5,5;47062,17241,28876,43750,15194,49395,23194,43254,9513,31674,16891,46322;45548,4010,42376,18520,53319,16971,27516,38438,7281,33498,29351,49938,42482,40450,61504
stdlib-source/builder-fuzz/seed-1	artifacts/choice-trace-before/wire/stdlib-source__builder-fuzz__seed-1.json	fuzz1	-	default;9,8,7,6,5,4,3,2,1,0;1,3,5,7,9,2,4,6,8,0;5,5,5,5,5,5,5,5;47062,17241,28876,43750,15194,49395,23194,43254,9513,31674,16891,46322,48508,4896,44218,28684,13594,1567,27860,25141,14699;45548,4010,42376,18520,53319,16971,27516,38438,7281,33498,29351,49938,42482,40450,61504,34554,5354,61997,38926,27463,6056
stdlib-source/builder-fuzz/seed-2	artifacts/choice-trace-before/wire/stdlib-source__builder-fuzz__seed-2.json	fuzz2	-	default;9,8,7,6,5,4,3,2,1,0;1,3,5,7,9,2,4,6,8,0;5,5,5,5,5,5,5,5;47062,17241,28876,43750,15194,49395,23194,43254,9513,31674,16891,46322;45548,4010,42376,18520,53319,16971,27516,38438,7281,33498,29351,49938,42482,40450
stdlib-source/builder-fuzz/seed-3	artifacts/choice-trace-before/wire/stdlib-source__builder-fuzz__seed-3.json	fuzz3	-	default;9,8,7,6,5,4,3,2,1,0;1,3,5,7,9,2,4,6,8,0;5,5,5,5,5,5,5,5;47062,17241,28876,43750,15194,49395,23194,43254,9513,31674,16891,46322,48508,4896,44218,28684,13594,1567,27860;45548,4010,42376,18520,53319,16971,27516,38438,7281,33498,29351,49938,42482,40450,61504,34554,5354,61997
stdlib-source/builder-fuzz/seed-4	artifacts/choice-trace-before/wire/stdlib-source__builder-fuzz__seed-4.json	fuzz4	-	default;9,8,7,6,5,4,3,2,1,0;1,3,5,7,9,2,4,6,8,0;5,5,5,5,5,5,5,5;47062,17241,28876,43750,15194,49395,23194,43254,9513,31674,16891,46322,48508,4896,44218,28684,13594,1567;45548,4010,42376,18520,53319,16971,27516,38438,7281,33498,29351,49938,42482,40450,61504,34554,5354
stdlib-source/builder-fuzz/seed-5	artifacts/choice-trace-before/wire/stdlib-source__builder-fuzz__seed-5.json	fuzz5	-	default;9,8,7,6,5,4,3,2,1,0;1,3,5,7,9,2,4,6,8,0;5,5,5,5,5,5,5,5;47062,17241,28876,43750,15194,49395,23194,43254,9513,31674,16891,46322,48508,4896,44218,28684,13594;45548,4010,42376,18520,53319,16971,27516,38438,7281,33498,29351,49938,42482,40450,61504,34554
stdlib-source/builder-fuzz/seed-6	artifacts/choice-trace-before/wire/stdlib-source__builder-fuzz__seed-6.json	fuzz6	-	default;9,8,7,6,5,4,3,2,1,0;1,3,5,7,9,2,4,6,8,0;5,5,5,5,5,5,5,5;47062,17241,28876,43750,15194,49395,23194,43254,9513,31674,16891,46322;45548,4010,42376,18520,53319,16971,27516,38438,7281,33498,29351,49938,42482
stdlib-source/builder-fuzz/seed-7	artifacts/choice-trace-before/wire/stdlib-source__builder-fuzz__seed-7.json	fuzz7	-	default;9,8,7,6,5,4,3,2,1,0;1,3,5,7,9,2,4,6,8,0;5,5,5,5,5,5,5,5;47062,17241,28876,43750,15194,49395,23194;45548,4010,42376,18520,53319,16971,27516
stdlib-source/builder-fuzz/seed-8	artifacts/choice-trace-before/wire/stdlib-source__builder-fuzz__seed-8.json	fuzz8	-	default;9,8,7,6,5,4,3,2,1,0;1,3,5,7,9,2,4,6,8,0;5,5,5,5,5,5,5,5;47062,17241,28876,43750,15194,49395,23194,43254,9513,31674,16891,46322,48508,4896,44218,28684,13594,1567,27860,25141,14699,15757;45548,4010,42376,18520,53319,16971,27516,38438,7281,33498,29351,49938,42482,40450,61504,34554,5354,61997,38926
stdlib-source/builder-fuzz/seed-9	artifacts/choice-trace-before/wire/stdlib-source__builder-fuzz__seed-9.json	fuzz9	-	default;9,8,7,6,5,4,3,2,1,0;1,3,5,7,9,2,4,6,8,0;5,5,5,5,5,5,5,5;47062,17241,28876,43750,15194,49395,23194,43254,9513,31674,16891,46322,48508,4896,44218,28684,13594,1567,27860,25141;45548,4010,42376,18520,53319,16971,27516,38438,7281,33498,29351,49938,42482,40450,61504,34554,5354,61997,38926
stdlib-source/builder-overlay/string-after-writes	artifacts/choice-trace-before/wire/stdlib-source__builder-overlay__string-after-writes.json	builderStringAfterWrites	-	default;9,8;1,3,5;5,5;47062,17241;45548,4010
stdlib-source/builder-overlay/string-stable-in-place	artifacts/choice-trace-before/wire/stdlib-source__builder-overlay__string-stable-in-place.json	builderStringStableInPlace	-	default;9;1;5;47062;45548
stdlib-source/builder-overlay/grow-contract	artifacts/choice-trace-before/wire/stdlib-source__builder-overlay__grow-contract.json	builderGrowContract	-	default;9,8,7,6,5,4,3;1,3,5,7,9,2,4;5,5,5,5,5,5,5;47062,17241,28876,43750,15194,49395;45548,4010,42376,18520,53319,16971,27516
stdlib-source/builder-overlay/grow-noop	artifacts/choice-trace-before/wire/stdlib-source__builder-overlay__grow-noop.json	builderGrowNoop	-	default;9;1;5;47062;45548
stdlib-source/builder-overlay/grow-negative	artifacts/choice-trace-before/wire/stdlib-source__builder-overlay__grow-negative.json	builderGrowNegative	-	default;default;default;default;default;default
stdlib-source/builder-overlay/copy-panics-after-grow	artifacts/choice-trace-before/wire/stdlib-source__builder-overlay__copy-panics-after-grow.json	builderCopyPanicsAfterGrow	-	default;9;1;5;47062;45548
stdlib-source/builder-overlay/reset-reuse	artifacts/choice-trace-before/wire/stdlib-source__builder-overlay__reset-reuse.json	builderResetReuse	-	default;9,8;1,3;5,5;47062,17241;45548,4010
stdlib-source/builder-overlay/write-rune-invalid	artifacts/choice-trace-before/wire/stdlib-source__builder-overlay__write-rune-invalid.json	builderWriteRuneInvalid	-	default;9;1,3;5;47062;45548
stdlib-source/builder-overlay/join-large	artifacts/choice-trace-before/wire/stdlib-source__builder-overlay__join-large.json	joinLarge	-	default;9;1;5;47062;45548
stdlib-source/builder-overlay/repeat-doubling-loop	artifacts/choice-trace-before/wire/stdlib-source__builder-overlay__repeat-doubling-loop.json	repeatDoublingLoop	-	default;9;1;5;47062;45548
stdlib-source/builder-overlay/repeat-1k	artifacts/choice-trace-before/wire/stdlib-source__builder-overlay__repeat-1k.json	repeat1K	-	default;9;1;5;47062;45548
stdlib-source/bytes-buffer/write-side	artifacts/choice-trace-before/wire/stdlib-source__bytes-buffer__write-side.json	bufWriteSide	-	default;default;default;default;default;default
stdlib-source/bytes-buffer/next-bytes-truncate	artifacts/choice-trace-before/wire/stdlib-source__bytes-buffer__next-bytes-truncate.json	bufNextBytesTruncate	-	default;default;default;default;default;default
stdlib-source/bytes-buffer/unread-byte-error	artifacts/choice-trace-before/wire/stdlib-source__bytes-buffer__unread-byte-error.json	bufUnreadByteError	-	default;default;default;default;default;default
stdlib-source/bytes-buffer/grow-contract	artifacts/choice-trace-before/wire/stdlib-source__bytes-buffer__grow-contract.json	bufGrowContract	-	default;9,8,7,6;1,3,5,7;5,5,5,5;47062,17241,28876,43750;45548,4010,42376,18520
stdlib-source/bytes-buffer/grow-negative	artifacts/choice-trace-before/wire/stdlib-source__bytes-buffer__grow-negative.json	bufGrowNegative	-	default;default;default;default;default;default
stdlib-source/bytes-buffer/truncate-out-of-range	artifacts/choice-trace-before/wire/stdlib-source__bytes-buffer__truncate-out-of-range.json	bufTruncateOutOfRange	-	default;default;default;default;default;default
stdlib-source/bytes-buffer/reset-reuse	artifacts/choice-trace-before/wire/stdlib-source__bytes-buffer__reset-reuse.json	bufResetReuse	-	default;default;default;default;default;default
stdlib-source/bytes-buffer/nil-receiver-string	artifacts/choice-trace-before/wire/stdlib-source__bytes-buffer__nil-receiver-string.json	bufNilReceiverString	-	default;default;default;default;default;default
stdlib-source/bytes-buffer/available-buffer	artifacts/choice-trace-before/wire/stdlib-source__bytes-buffer__available-buffer.json	bufAvailableBuffer	-	default;default;default;default;default;default
stdlib-source/bytes-buffer/bytes-others	artifacts/choice-trace-before/wire/stdlib-source__bytes-buffer__bytes-others.json	bytesOthers	-	default;default;default;default;default;default
stdlib-source/cmp-compare/floats-nan	artifacts/choice-trace-before/wire/stdlib-source__cmp-compare__floats-nan.json	cmpFloatsNaN	-	default;default;default;default;default;default
stdlib-source/cmp-compare/float32-and-named	artifacts/choice-trace-before/wire/stdlib-source__cmp-compare__float32-and-named.json	cmpFloat32AndNamed	-	default;default;default;default;default;default
stdlib-source/cmp-compare/less	artifacts/choice-trace-before/wire/stdlib-source__cmp-compare__less.json	cmpLess	-	default;default;default;default;default;default
stdlib-source/cmp-compare/or	artifacts/choice-trace-before/wire/stdlib-source__cmp-compare__or.json	cmpOr	-	default;default;default;default;default;default
stdlib-source/cmp-compare/local-float-type	artifacts/choice-trace-before/wire/stdlib-source__cmp-compare__local-float-type.json	cmpLocalFloatType	-	default;default;default;default;default;default
stdlib-source/errors-join/all-nil	artifacts/choice-trace-before/wire/stdlib-source__errors-join__all-nil.json	joinAllNil	-	default;default;default;default;default;default
stdlib-source/errors-join/one	artifacts/choice-trace-before/wire/stdlib-source__errors-join__one.json	joinOne	-	default;default;default;default;default;default
stdlib-source/errors-join/many	artifacts/choice-trace-before/wire/stdlib-source__errors-join__many.json	joinMany	-	default;9,8;1,3,5,7;5,5,5,5;47062,17241,28876;45548,4010,42376
stdlib-source/errors-join/unwrap-identity	artifacts/choice-trace-before/wire/stdlib-source__errors-join__unwrap-identity.json	joinUnwrapIdentity	-	default;default;default;default;default;default
stdlib-source/errors-join/nested	artifacts/choice-trace-before/wire/stdlib-source__errors-join__nested.json	joinNested	-	default;9,8;1,3;5,5;47062,17241;45548,4010
stdlib-source/errors-join/empty-texts	artifacts/choice-trace-before/wire/stdlib-source__errors-join__empty-texts.json	joinEmptyTexts	-	default;9,8;1,3;5,5;47062,17241;45548,4010
stdlib-source/errors-join/distinct	artifacts/choice-trace-before/wire/stdlib-source__errors-join__distinct.json	joinDistinct	-	default;default;default;default;default;default
stdlib-source/errors-join/new-is-fresh	artifacts/choice-trace-before/wire/stdlib-source__errors-join__new-is-fresh.json	newIsFresh	-	default;default;default;default;default;default
stdlib-source/errors-wrap/unwrap	artifacts/choice-trace-before/wire/stdlib-source__errors-wrap__unwrap.json	errorsUnwrap	-	default;9;1;5;47062;45548
stdlib-source/errors-wrap/is	artifacts/choice-trace-before/wire/stdlib-source__errors-wrap__is.json	errorsIs	-	default;default;default;default;default;default
stdlib-source/errors-wrap/as	artifacts/choice-trace-before/wire/stdlib-source__errors-wrap__as.json	errorsAs	-	default;default;default;default;default;default
stdlib-source/fields-fuzz/group-00	artifacts/choice-trace-before/wire/stdlib-source__fields-fuzz__group-00.json	fuzzGroup0	-	default;default;default;default;default;default
stdlib-source/fields-fuzz/group-01	artifacts/choice-trace-before/wire/stdlib-source__fields-fuzz__group-01.json	fuzzGroup1	-	default;default;default;default;default;default
stdlib-source/fields-fuzz/group-02	artifacts/choice-trace-before/wire/stdlib-source__fields-fuzz__group-02.json	fuzzGroup2	-	default;default;default;default;default;default
stdlib-source/fields-fuzz/group-03	artifacts/choice-trace-before/wire/stdlib-source__fields-fuzz__group-03.json	fuzzGroup3	-	default;default;default;default;default;default
stdlib-source/fields-fuzz/group-04	artifacts/choice-trace-before/wire/stdlib-source__fields-fuzz__group-04.json	fuzzGroup4	-	default;default;default;default;default;default
stdlib-source/fields-fuzz/group-05	artifacts/choice-trace-before/wire/stdlib-source__fields-fuzz__group-05.json	fuzzGroup5	-	default;default;default;default;default;default
stdlib-source/fields-fuzz/group-06	artifacts/choice-trace-before/wire/stdlib-source__fields-fuzz__group-06.json	fuzzGroup6	-	default;default;default;default;default;default
stdlib-source/fields-fuzz/group-07	artifacts/choice-trace-before/wire/stdlib-source__fields-fuzz__group-07.json	fuzzGroup7	-	default;default;default;default;default;default
stdlib-source/fields-fuzz/group-08	artifacts/choice-trace-before/wire/stdlib-source__fields-fuzz__group-08.json	fuzzGroup8	-	default;default;default;default;default;default
stdlib-source/fields-fuzz/group-09	artifacts/choice-trace-before/wire/stdlib-source__fields-fuzz__group-09.json	fuzzGroup9	-	default;default;default;default;default;default
stdlib-source/frontier/atoi-error-path-clone	artifacts/choice-trace-before/wire/stdlib-source__frontier__atoi-error-path-clone.json	atoiErrorPathClone	-	default;default;default;default;default;default
stdlib-source/frontier/div64-overflow-value	artifacts/choice-trace-before/wire/stdlib-source__frontier__div64-overflow-value.json	div64OverflowValue	-	default;default;default;default;default;default
stdlib-source/frontier/index-rune-goto	artifacts/choice-trace-before/wire/stdlib-source__frontier__index-rune-goto.json	indexRuneGoto	-	default;default;default;default;default;default
stdlib-source/frontier/format-float-unsafe	artifacts/choice-trace-before/wire/stdlib-source__frontier__format-float-unsafe.json	formatFloatUnsafe	-	default;default;default;default;default;default
stdlib-source/frontier/slices-overlaps	artifacts/choice-trace-before/wire/stdlib-source__frontier__slices-overlaps.json	slicesOverlaps	-	default;default;default;default;default;default
stdlib-source/frontier/buffer-readbyte-io	artifacts/choice-trace-before/wire/stdlib-source__frontier__buffer-readbyte-io.json	bufferReadByteIO	-	default;default;default;default;default;default
stdlib-source/frontier/bytes-toupper-makenozero	artifacts/choice-trace-before/wire/stdlib-source__frontier__bytes-toupper-makenozero.json	bytesToUpperMakeNoZero	-	default;default;default;default;default;default
stdlib-source/slices-sortfunc/sortfunc-large	artifacts/choice-trace-before/wire/stdlib-source__slices-sortfunc__sortfunc-large.json	sortFuncLarge	-	default;9;1;5;47062;45548
stdlib-source/slices-sortfunc/sortfunc-reversed-input	artifacts/choice-trace-before/wire/stdlib-source__slices-sortfunc__sortfunc-reversed-input.json	sortFuncReversedInput	-	default;9;1;5;47062;45548
stdlib-source/slices-sortfunc/sortfunc-named-slice	artifacts/choice-trace-before/wire/stdlib-source__slices-sortfunc__sortfunc-named-slice.json	sortFuncNamedSlice	-	default;9;1;5;47062;45548
stdlib-source/slices-sortfunc/sortfunc-strings-by-len	artifacts/choice-trace-before/wire/stdlib-source__slices-sortfunc__sortfunc-strings-by-len.json	sortFuncStringsByLen	-	default;9;1;5;47062;45548
stdlib-source/slices-sortfunc/sortfunc-ties-projected	artifacts/choice-trace-before/wire/stdlib-source__slices-sortfunc__sortfunc-ties-projected.json	sortFuncTiesProjected	-	default;9,8,7,6,5;1,3,5,7,9;5,5,5,5,5;47062,17241,28876,43750,15194;45548,4010,42376,18520,53319
stdlib-source/slices-sortfunc/sortfunc-ties-realized	artifacts/choice-trace-before/wire/stdlib-source__slices-sortfunc__sortfunc-ties-realized.json	sortFuncTiesRealized	-	default;9;1;5;47062;45548
stdlib-source/slices-sortfunc/sort-stable-func	artifacts/choice-trace-before/wire/stdlib-source__slices-sortfunc__sort-stable-func.json	sortStableFunc	-	default;9;1;5;47062;45548
stdlib-source/slices-sortfunc/others	artifacts/choice-trace-before/wire/stdlib-source__slices-sortfunc__others.json	slicesOthers	-	default;9,8,7,6;1,3,5,7;5,5,5,5;47062,17241,28876,43750;45548,4010,42376,18520
stdlib-source/sort-op-shapes/defer-sort	artifacts/choice-trace-before/wire/stdlib-source__sort-op-shapes__defer-sort.json	deferSort	-	default;default;default;default;default;default
stdlib-source/sort-op-shapes/go-sort	artifacts/choice-trace-before/wire/stdlib-source__sort-op-shapes__go-sort.json	goSort	-	default;9,8,7,6;1,3,5,7,9,2;5,5,5,5,5,5,5,5;47062,17241,28876;45548,4010
stdlib-source/strconv-format/uint-all-bases	artifacts/choice-trace-before/wire/stdlib-source__strconv-format__uint-all-bases.json	formatUintAllBases	-	default;default;default;default;default;default
stdlib-source/strconv-format/int-all-bases	artifacts/choice-trace-before/wire/stdlib-source__strconv-format__int-all-bases.json	formatIntAllBases	-	default;default;default;default;default;default
stdlib-source/strconv-format/extremes	artifacts/choice-trace-before/wire/stdlib-source__strconv-format__extremes.json	formatExtremes	-	default;default;default;default;default;default
stdlib-source/strconv-format/small-boundary	artifacts/choice-trace-before/wire/stdlib-source__strconv-format__small-boundary.json	formatSmallBoundary	-	default;default;default;default;default;default
stdlib-source/strconv-format/power-of-two-bases	artifacts/choice-trace-before/wire/stdlib-source__strconv-format__power-of-two-bases.json	formatPowerOfTwoBases	-	default;default;default;default;default;default
stdlib-source/strconv-format/illegal-base-one	artifacts/choice-trace-before/wire/stdlib-source__strconv-format__illegal-base-one.json	formatIllegalBaseOne	-	default;default;default;default;default;default
stdlib-source/strconv-format/illegal-base-zero	artifacts/choice-trace-before/wire/stdlib-source__strconv-format__illegal-base-zero.json	formatIllegalBaseZero	-	default;default;default;default;default;default
stdlib-source/strconv-format/siblings	artifacts/choice-trace-before/wire/stdlib-source__strconv-format__siblings.json	formatSiblings	-	default;9;1,3;5;47062;45548
stdlib-source/strconv-parseuint/numerror-type	artifacts/choice-trace-before/wire/stdlib-source__strconv-parseuint__numerror-type.json	parseUintNumErrorType	-	default;default;default;default;default;default
stdlib-source/strconv-parseuint/range-sentinel	artifacts/choice-trace-before/wire/stdlib-source__strconv-parseuint__range-sentinel.json	parseUintRangeSentinel	-	default;default;default;default;default;default
stdlib-source/strconv-parseuint/error-texts	artifacts/choice-trace-before/wire/stdlib-source__strconv-parseuint__error-texts.json	parseUintErrorTexts	-	default;9,8,7,6,5;1,3,5,7,9;5,5,5,5,5;47062,17241,28876,43750,15194;45548,4010,42376,18520,53319
stdlib-source/strconv-parseuint/error-quoting	artifacts/choice-trace-before/wire/stdlib-source__strconv-parseuint__error-quoting.json	parseUintErrorQuoting	-	default;9,8,7,6,5,4;1,3,5,7,9,2;5,5,5,5,5,5;47062,17241,28876,43750,15194,49395;45548,4010,42376,18520,53319,16971
stdlib-source/strconv-parseuint/happy-bases	artifacts/choice-trace-before/wire/stdlib-source__strconv-parseuint__happy-bases.json	parseUintHappyBases	-	default;default;default;default;default;default
stdlib-source/strconv-parseuint/bitsize-saturation	artifacts/choice-trace-before/wire/stdlib-source__strconv-parseuint__bitsize-saturation.json	parseUintBitSizeSaturation	-	default;9;1;5;47062;45548
stdlib-source/strings-fields/empty	artifacts/choice-trace-before/wire/stdlib-source__strings-fields__empty.json	fieldsEmpty	-	default;default;default;default;default;default
stdlib-source/strings-fields/all-unicode-space	artifacts/choice-trace-before/wire/stdlib-source__strings-fields__all-unicode-space.json	fieldsAllUnicodeSpace	-	default;default;default;default;default;default
stdlib-source/strings-fields/mixed-unicode	artifacts/choice-trace-before/wire/stdlib-source__strings-fields__mixed-unicode.json	fieldsMixedUnicode	-	default;default;default;default;default;default
stdlib-source/strings-fields/non-space-runes	artifacts/choice-trace-before/wire/stdlib-source__strings-fields__non-space-runes.json	fieldsNonSpaceRunes	-	default;default;default;default;default;default
stdlib-source/strings-fields/high-bit-no-space	artifacts/choice-trace-before/wire/stdlib-source__strings-fields__high-bit-no-space.json	fieldsHighBitNoSpace	-	default;default;default;default;default;default
stdlib-source/strings-fields/mixed-runs	artifacts/choice-trace-before/wire/stdlib-source__strings-fields__mixed-runs.json	fieldsMixedRuns	-	default;default;default;default;default;default
stdlib-source/strings-fields/func-value	artifacts/choice-trace-before/wire/stdlib-source__strings-fields__func-value.json	fieldsFuncValue	-	default;default;default;default;default;default
stdlib-source/strings-fields/func-direct	artifacts/choice-trace-before/wire/stdlib-source__strings-fields__func-direct.json	fieldsFuncDirect	-	default;default;default;default;default;default
stdlib-source/strings-fields/ascii-table	artifacts/choice-trace-before/wire/stdlib-source__strings-fields__ascii-table.json	fieldsAsciiTable	-	default;default;default;default;default;default
stdlib-source/strings-split/empty-sep-multibyte	artifacts/choice-trace-before/wire/stdlib-source__strings-split__empty-sep-multibyte.json	splitEmptySepMultibyte	-	default;default;default;default;default;default
stdlib-source/strings-split/empty-sep-invalid-utf8	artifacts/choice-trace-before/wire/stdlib-source__strings-split__empty-sep-invalid-utf8.json	splitEmptySepInvalidUTF8	-	default;default;default;default;default;default
stdlib-source/strings-split/both-empty	artifacts/choice-trace-before/wire/stdlib-source__strings-split__both-empty.json	splitBothEmpty	-	default;default;default;default;default;default
stdlib-source/strings-split/empty-s	artifacts/choice-trace-before/wire/stdlib-source__strings-split__empty-s.json	splitEmptyS	-	default;default;default;default;default;default
stdlib-source/strings-split/sep-longer-than-s	artifacts/choice-trace-before/wire/stdlib-source__strings-split__sep-longer-than-s.json	splitSepLongerThanS	-	default;default;default;default;default;default
stdlib-source/strings-split/sep-equals-s	artifacts/choice-trace-before/wire/stdlib-source__strings-split__sep-equals-s.json	splitSepEqualsS	-	default;default;default;default;default;default
stdlib-source/strings-split/trailing-and-consecutive	artifacts/choice-trace-before/wire/stdlib-source__strings-split__trailing-and-consecutive.json	splitTrailingAndConsecutive	-	default;default;default;default;default;default
stdlib-source/strings-split/unicode-sep	artifacts/choice-trace-before/wire/stdlib-source__strings-split__unicode-sep.json	splitUnicodeSep	-	default;default;default;default;default;default
stdlib-source/strings-split/rabin-karp-path	artifacts/choice-trace-before/wire/stdlib-source__strings-split__rabin-karp-path.json	splitRabinKarpPath	-	default;default;default;default;default;default
stdlib-source/strings-split/single-byte-many	artifacts/choice-trace-before/wire/stdlib-source__strings-split__single-byte-many.json	splitSingleByteMany	-	default;default;default;default;default;default
stdlib-source/strings-split/splitn-and-after	artifacts/choice-trace-before/wire/stdlib-source__strings-split__splitn-and-after.json	splitNAndAfter	-	default;default;default;default;default;default
stdlib-source/strings-trimspace/both-unicode	artifacts/choice-trace-before/wire/stdlib-source__strings-trimspace__both-unicode.json	trimBothUnicode	-	default;default;default;default;default;default
stdlib-source/strings-trimspace/left-unicode-only	artifacts/choice-trace-before/wire/stdlib-source__strings-trimspace__left-unicode-only.json	trimLeftUnicodeOnly	-	default;default;default;default;default;default
stdlib-source/strings-trimspace/right-unicode-only	artifacts/choice-trace-before/wire/stdlib-source__strings-trimspace__right-unicode-only.json	trimRightUnicodeOnly	-	default;default;default;default;default;default
stdlib-source/strings-trimspace/inner-preserved	artifacts/choice-trace-before/wire/stdlib-source__strings-trimspace__inner-preserved.json	trimInnerPreserved	-	default;default;default;default;default;default
stdlib-source/strings-trimspace/all-unicode-space	artifacts/choice-trace-before/wire/stdlib-source__strings-trimspace__all-unicode-space.json	trimAllUnicodeSpace	-	default;default;default;default;default;default
stdlib-source/strings-trimspace/non-space-ends	artifacts/choice-trace-before/wire/stdlib-source__strings-trimspace__non-space-ends.json	trimNonSpaceEnds	-	default;default;default;default;default;default
stdlib-source/strings-trimspace/near-miss-ends	artifacts/choice-trace-before/wire/stdlib-source__strings-trimspace__near-miss-ends.json	trimNearMissEnds	-	default;default;default;default;default;default
stdlib-source/strings-trimspace/invalid-utf8-ends	artifacts/choice-trace-before/wire/stdlib-source__strings-trimspace__invalid-utf8-ends.json	trimInvalidUTF8Ends	-	default;default;default;default;default;default
stdlib-source/strings-trimspace/ascii-table	artifacts/choice-trace-before/wire/stdlib-source__strings-trimspace__ascii-table.json	trimAsciiTable	-	default;default;default;default;default;default
stdlib-source/strings-trimspace/empty-and-single	artifacts/choice-trace-before/wire/stdlib-source__strings-trimspace__empty-and-single.json	trimEmptyAndSingle	-	default;default;default;default;default;default
strconv/format-parse/format-uint-bases	artifacts/choice-trace-before/wire/strconv__format-parse__format-uint-bases.json	formatUintBases	-	default;default;default;default;default;default
strconv/format-parse/format-int-vals	artifacts/choice-trace-before/wire/strconv__format-parse__format-int-vals.json	formatIntVals	-	default;default;default;default;default;default
strconv/format-parse/format-illegal-base	artifacts/choice-trace-before/wire/strconv__format-parse__format-illegal-base.json	formatIllegalBase	-	default;default;default;default;default;default
strconv/format-parse/parse-uint-happy	artifacts/choice-trace-before/wire/strconv__format-parse__parse-uint-happy.json	parseUintHappy	-	default;default;default;default;default;default
strconv/format-parse/parse-uint-errors	artifacts/choice-trace-before/wire/strconv__format-parse__parse-uint-errors.json	parseUintErrors	-	default;9,8,7,6;1,3,5,7;5,5,5,5;47062,17241,28876,43750;45548,4010,42376,18520
strconv/format-parse/parse-uint-range-value	artifacts/choice-trace-before/wire/strconv__format-parse__parse-uint-range-value.json	parseUintRangeValue	-	default;default;default;default;default;default
strconv/format-parse/parse-uint-bitsize	artifacts/choice-trace-before/wire/strconv__format-parse__parse-uint-bitsize.json	parseUintBitSize	-	default;9;1;5;47062;45548
strconv/format-parse/unmodeled-member	artifacts/choice-trace-before/wire/strconv__format-parse__unmodeled-member.json	unmodeledMember	-	default;default;default;default;default;default
strings/builder-model/write-string	artifacts/choice-trace-before/wire/strings__builder-model__write-string.json	builderWriteString	-	default;9;1,3;5;47062;45548
strings/builder-model/write-bytes	artifacts/choice-trace-before/wire/strings__builder-model__write-bytes.json	builderWriteBytes	-	default;9;1;5;47062;45548
strings/builder-model/len-reset	artifacts/choice-trace-before/wire/strings__builder-model__len-reset.json	builderLenReset	-	default;9,8;1,3;5,5;47062,17241;45548,4010
strings/builder-model/zero	artifacts/choice-trace-before/wire/strings__builder-model__zero.json	builderZero	-	default;default;default;default;default;default
strings/builder-model/copy-zero-ok	artifacts/choice-trace-before/wire/strings__builder-model__copy-zero-ok.json	builderCopyZeroOk	-	default;9;1;5;47062;45548
strings/builder-model/copy-panics	artifacts/choice-trace-before/wire/strings__builder-model__copy-panics.json	builderCopyPanics	-	default;9;1;5;47062;45548
strings/builder-model/string-stable	artifacts/choice-trace-before/wire/strings__builder-model__string-stable.json	builderStringStable	-	default;9;1;5;47062;45548
strings/byte-conversion-cap	artifacts/choice-trace-before/wire/strings__byte-conversion-cap.json	byteConversionCap	-	default;default;default;default;default;default
strings/byte-slice-to-string-copy	artifacts/choice-trace-before/wire/strings__byte-slice-to-string-copy.json	byteSliceToStringCopy	-	default;default;default;default;default;default
strings/concat-eval-order	artifacts/choice-trace-before/wire/strings__concat-eval-order.json	stringConcatEvalOrder	-	default;default;default;default;default;default
strings/defined-copy-invalid-utf8	artifacts/choice-trace-before/wire/strings__defined-copy-invalid-utf8.json	definedCopyInvalidUTF8	-	default;default;default;default;default;default
strings/defined-slice-string-conversion	artifacts/choice-trace-before/wire/strings__defined-slice-string-conversion.json	definedSliceStringConversion	-	default;default;default;default;default;default
strings/fields-conformance/empty	artifacts/choice-trace-before/wire/strings__fields-conformance__empty.json	fcEmpty	-	default;default;default;default;default;default
strings/fields-conformance/all-space	artifacts/choice-trace-before/wire/strings__fields-conformance__all-space.json	fcAllSpace	-	default;default;default;default;default;default
strings/fields-conformance/single	artifacts/choice-trace-before/wire/strings__fields-conformance__single.json	fcSingle	-	default;default;default;default;default;default
strings/fields-conformance/lead-trail	artifacts/choice-trace-before/wire/strings__fields-conformance__lead-trail.json	fcLeadTrail	-	default;default;default;default;default;default
strings/fields-conformance/consec-mixed	artifacts/choice-trace-before/wire/strings__fields-conformance__consec-mixed.json	fcConsecMixed	-	default;default;default;default;default;default
strings/fields-conformance/unicode-space	artifacts/choice-trace-before/wire/strings__fields-conformance__unicode-space.json	fcUnicodeSpace	-	default;default;default;default;default;default
strings/fields-conformance/unicode-non-space	artifacts/choice-trace-before/wire/strings__fields-conformance__unicode-non-space.json	fcUnicodeNonSpace	-	default;default;default;default;default;default
strings/fields-conformance/invalid-utf8	artifacts/choice-trace-before/wire/strings__fields-conformance__invalid-utf8.json	fcInvalidUTF8	-	default;default;default;default;default;default
strings/index-eval-order	artifacts/choice-trace-before/wire/strings__index-eval-order.json	stringIndexEvalOrder	-	default;default;default;default;default;default
strings/join-conformance/basic	artifacts/choice-trace-before/wire/strings__join-conformance__basic.json	joinBasic	-	default;9;1;5;47062;45548
strings/join-conformance/empty-slice	artifacts/choice-trace-before/wire/strings__join-conformance__empty-slice.json	joinEmptySlice	-	default;default;default;default;default;default
strings/join-conformance/single	artifacts/choice-trace-before/wire/strings__join-conformance__single.json	joinSingle	-	default;default;default;default;default;default
strings/join-conformance/empty-sep	artifacts/choice-trace-before/wire/strings__join-conformance__empty-sep.json	joinEmptySep	-	default;9;1;5;47062;45548
strings/join-conformance/newraft-shape	artifacts/choice-trace-before/wire/strings__join-conformance__newraft-shape.json	joinNewRaftShape	-	default;9,8;1,3;5,5;47062,17241;45548,4010
strings/literal-edge/interpreted-simple-escapes	artifacts/choice-trace-before/wire/strings__literal-edge__interpreted-simple-escapes.json	interpretedSimpleEscapes	-	default;default;default;default;default;default
strings/literal-edge/interpreted-octal-hex-escapes	artifacts/choice-trace-before/wire/strings__literal-edge__interpreted-octal-hex-escapes.json	interpretedOctalHexEscapes	-	default;default;default;default;default;default
strings/literal-edge/interpreted-unicode-escape-bytes	artifacts/choice-trace-before/wire/strings__literal-edge__interpreted-unicode-escape-bytes.json	interpretedUnicodeEscapeBytes	-	default;default;default;default;default;default
strings/literal-edge/interpreted-nul-byte	artifacts/choice-trace-before/wire/strings__literal-edge__interpreted-nul-byte.json	interpretedNulByte	-	default;default;default;default;default;default
strings/literal-edge/raw-multiline-literal	artifacts/choice-trace-before/wire/strings__literal-edge__raw-multiline-literal.json	rawMultilineLiteral	-	default;default;default;default;default;default
strings/literal-edge/raw-quotes-and-backslashes	artifacts/choice-trace-before/wire/strings__literal-edge__raw-quotes-and-backslashes.json	rawQuotesAndBackslashes	-	default;default;default;default;default;default
strings/literal-edge/raw-empty-literal	artifacts/choice-trace-before/wire/strings__literal-edge__raw-empty-literal.json	rawEmptyLiteral	-	default;default;default;default;default;default
strings/nil-slice-string-conversion	artifacts/choice-trace-before/wire/strings__nil-slice-string-conversion.json	nilSliceStringConversion	-	default;default;default;default;default;default
strings/no-normalization	artifacts/choice-trace-before/wire/strings__no-normalization.json	noStringNormalization	-	default;default;default;default;default;default
strings/range-byte-offsets	artifacts/choice-trace-before/wire/strings__range-byte-offsets.json	rangeByteOffsets	-	default;default;default;default;default;default
strings/range-combining-mark	artifacts/choice-trace-before/wire/strings__range-combining-mark.json	rangeCombiningMark	-	default;default;default;default;default;default
strings/range-invalid-utf8	artifacts/choice-trace-before/wire/strings__range-invalid-utf8.json	rangeInvalidUTF8	-	default;default;default;default;default;default
strings/raw-string-literal	artifacts/choice-trace-before/wire/strings__raw-string-literal.json	rawStringLiteral	-	default;default;default;default;default;default
strings/rune-invalid-values	artifacts/choice-trace-before/wire/strings__rune-invalid-values.json	runeInvalidValues	-	default;default;default;default;default;default
strings/rune-literal-values	artifacts/choice-trace-before/wire/strings__rune-literal-values.json	runeLiteralValues	-	default;default;default;default;default;default
strings/rune-slice-conversion	artifacts/choice-trace-before/wire/strings__rune-slice-conversion.json	runeSliceConversion	-	default;default;default;default;default;default
strings/rune-slice-to-string-copy	artifacts/choice-trace-before/wire/strings__rune-slice-to-string-copy.json	runeSliceToStringCopy	-	default;default;default;default;default;default
strings/rune-string-conversion	artifacts/choice-trace-before/wire/strings__rune-string-conversion.json	runeStringConversion	-	default;default;default;default;default;default
strings/shim-value-refused/shimmed-value	artifacts/choice-trace-before/wire/strings__shim-value-refused__shimmed-value.json	shimmedValue	-	default;default;default;default;default;default
strings/shim-value-refused/unmodeled-value	artifacts/choice-trace-before/wire/strings__shim-value-refused__unmodeled-value.json	unmodeledValue	-	default;default;default;default;default;default
strings/slice-eval-order	artifacts/choice-trace-before/wire/strings__slice-eval-order.json	stringSliceEvalOrder	-	default;default;default;default;default;default
strings/slice-eval-order-elided-high	artifacts/choice-trace-before/wire/strings__slice-eval-order-elided-high.json	stringSliceEvalOrderElidedHigh	-	default;default;default;default;default;default
strings/split-conformance/basic	artifacts/choice-trace-before/wire/strings__split-conformance__basic.json	splitBasic	-	default;default;default;default;default;default
strings/split-conformance/empty-input	artifacts/choice-trace-before/wire/strings__split-conformance__empty-input.json	splitEmptyInput	-	default;default;default;default;default;default
strings/split-conformance/whole-match	artifacts/choice-trace-before/wire/strings__split-conformance__whole-match.json	splitWholeMatch	-	default;default;default;default;default;default
strings/split-conformance/single-byte-sep	artifacts/choice-trace-before/wire/strings__split-conformance__single-byte-sep.json	splitSingleByteSep	-	default;default;default;default;default;default
strings/split-conformance/overlap	artifacts/choice-trace-before/wire/strings__split-conformance__overlap.json	splitOverlap	-	default;default;default;default;default;default
strings/split-conformance/multi-byte-sep	artifacts/choice-trace-before/wire/strings__split-conformance__multi-byte-sep.json	splitMultiByteSep	-	default;default;default;default;default;default
strings/split-conformance/confchange-shape	artifacts/choice-trace-before/wire/strings__split-conformance__confchange-shape.json	splitConfChangeShape	-	default;default;default;default;default;default
strings/split-conformance/empty-sep	artifacts/choice-trace-before/wire/strings__split-conformance__empty-sep.json	splitEmptySep	-	default;default;default;default;default;default
strings/string-basic	artifacts/choice-trace-before/wire/strings__string-basic.json	stringBasic	-	default;default;default;default;default;default
strings/string-byte-conversion	artifacts/choice-trace-before/wire/strings__string-byte-conversion.json	stringByteConversion	-	default;default;default;default;default;default
strings/string-byte-len	artifacts/choice-trace-before/wire/strings__string-byte-len.json	stringByteLen	-	default;default;default;default;default;default
strings/string-byte-order-compare	artifacts/choice-trace-before/wire/strings__string-byte-order-compare.json	stringByteOrderCompare	-	default;default;default;default;default;default
strings/string-call	artifacts/choice-trace-before/wire/strings__string-call.json	stringCall	-	default;default;default;default;default;default
strings/string-compare	artifacts/choice-trace-before/wire/strings__string-compare.json	stringCompare	-	default;default;default;default;default;default
strings/string-escape-bytes	artifacts/choice-trace-before/wire/strings__string-escape-bytes.json	stringEscapeBytes	-	default;default;default;default;default;default
strings/string-index-bounds	artifacts/choice-trace-before/wire/strings__string-index-bounds.json	stringIndexBounds	-	default;default;default;default;default;default
strings/string-index	artifacts/choice-trace-before/wire/strings__string-index.json	stringIndex	-	default;default;default;default;default;default
strings/string-index-panic-eval-order	artifacts/choice-trace-before/wire/strings__string-index-panic-eval-order.json	stringIndexPanicEvalOrder	-	default;default;default;default;default;default
strings/string-int-rune	artifacts/choice-trace-before/wire/strings__string-int-rune.json	stringIntRune	-	default;default;default;default;default;default
strings/string-pointer	artifacts/choice-trace-before/wire/strings__string-pointer.json	stringPointer	-	default;default;default;default;default;default
strings/string-slice-bounds	artifacts/choice-trace-before/wire/strings__string-slice-bounds.json	stringSliceBounds	-	default;default;default;default;default;default
strings/string-slice	artifacts/choice-trace-before/wire/strings__string-slice.json	stringSlice	-	default;default;default;default;default;default
strings/string-slice-low-high-panic	artifacts/choice-trace-before/wire/strings__string-slice-low-high-panic.json	stringSliceLowHighPanic	-	default;default;default;default;default;default
strings/string-slice-panic-eval-order	artifacts/choice-trace-before/wire/strings__string-slice-panic-eval-order.json	stringSlicePanicEvalOrder	-	default;default;default;default;default;default
strings/string-to-rune-copy	artifacts/choice-trace-before/wire/strings__string-to-rune-copy.json	stringToRuneCopy	-	default;default;default;default;default;default
strings/trimspace-repeat/trim-ascii	artifacts/choice-trace-before/wire/strings__trimspace-repeat__trim-ascii.json	trimSpaceAscii	-	default;default;default;default;default;default
strings/trimspace-repeat/trim-unicode	artifacts/choice-trace-before/wire/strings__trimspace-repeat__trim-unicode.json	trimSpaceUnicode	-	default;default;default;default;default;default
strings/trimspace-repeat/trim-all-space	artifacts/choice-trace-before/wire/strings__trimspace-repeat__trim-all-space.json	trimSpaceAllSpace	-	default;default;default;default;default;default
strings/trimspace-repeat/trim-empty	artifacts/choice-trace-before/wire/strings__trimspace-repeat__trim-empty.json	trimSpaceEmpty	-	default;default;default;default;default;default
strings/trimspace-repeat/trim-inner-runes	artifacts/choice-trace-before/wire/strings__trimspace-repeat__trim-inner-runes.json	trimSpaceInnerRunes	-	default;default;default;default;default;default
strings/trimspace-repeat/repeat-basic	artifacts/choice-trace-before/wire/strings__trimspace-repeat__repeat-basic.json	repeatBasic	-	default;9;1;5;47062;45548
strings/trimspace-repeat/repeat-describe-shape	artifacts/choice-trace-before/wire/strings__trimspace-repeat__repeat-describe-shape.json	repeatDescribeShape	-	default;default;default;default;default;default
strings/trimspace-repeat/repeat-negative	artifacts/choice-trace-before/wire/strings__trimspace-repeat__repeat-negative.json	repeatNegative	-	default;default;default;default;default;default
strings/trimspace-repeat/repeat-overflow	artifacts/choice-trace-before/wire/strings__trimspace-repeat__repeat-overflow.json	repeatOverflow	-	default;default;default;default;default;default
structs/anonymous-field	artifacts/choice-trace-before/wire/structs__anonymous-field.json	structAnonymousField	-	default;default;default;default;default;default
structs/blank-field	artifacts/choice-trace-before/wire/structs__blank-field.json	structBlankField	-	default;default;default;default;default;default
structs/comparable	artifacts/choice-trace-before/wire/structs__comparable.json	structComparable	-	default;default;default;default;default;default
structs/copy-value	artifacts/choice-trace-before/wire/structs__copy-value.json	structCopyValue	-	default;default;default;default;default;default
structs/empty-struct-literal-at-named-type/var-init	artifacts/choice-trace-before/wire/structs__empty-struct-literal-at-named-type__var-init.json	emptyStructVarInit	-	default;default;default;default;default;default
structs/empty-struct-literal-at-named-type/param	artifacts/choice-trace-before/wire/structs__empty-struct-literal-at-named-type__param.json	emptyStructParam	-	default;default;default;default;default;default
structs/empty-struct-literal-at-named-type/return	artifacts/choice-trace-before/wire/structs__empty-struct-literal-at-named-type__return.json	emptyStructReturn	-	default;default;default;default;default;default
structs/empty-struct-literal-at-named-type/map-store	artifacts/choice-trace-before/wire/structs__empty-struct-literal-at-named-type__map-store.json	emptyStructMapStore	-	default;default;default;default;default;default
structs/empty-struct-literal-at-named-type/reverse	artifacts/choice-trace-before/wire/structs__empty-struct-literal-at-named-type__reverse.json	emptyStructReverse	-	default;default;default;default;default;default
structs/empty-struct-literal-at-named-type/compare	artifacts/choice-trace-before/wire/structs__empty-struct-literal-at-named-type__compare.json	emptyStructCompare	-	default;default;default;default;default;default
structs/empty-struct-literal-left-operand/eq	artifacts/choice-trace-before/wire/structs__empty-struct-literal-left-operand__eq.json	emptyStructLeftEq	-	default;default;default;default;default;default
structs/empty-struct-literal-left-operand/neq	artifacts/choice-trace-before/wire/structs__empty-struct-literal-left-operand__neq.json	emptyStructLeftNeq	-	default;default;default;default;default;default
structs/empty-struct-literal-left-operand/switch	artifacts/choice-trace-before/wire/structs__empty-struct-literal-left-operand__switch.json	emptyStructLeftSwitch	-	default;default;default;default;default;default
structs/empty-struct-observation/direct	artifacts/choice-trace-before/wire/structs__empty-struct-observation__direct.json	emptyStructDirect	-	default;default;default;default;default;default
structs/empty-struct-observation/field	artifacts/choice-trace-before/wire/structs__empty-struct-observation__field.json	emptyStructField	-	default;default;default;default;default;default
structs/empty-struct-observation/array	artifacts/choice-trace-before/wire/structs__empty-struct-observation__array.json	emptyStructArray	-	default;default;default;default;default;default
structs/empty-struct-observation/ctl-named	artifacts/choice-trace-before/wire/structs__empty-struct-observation__ctl-named.json	emptyStructNamed	-	default;default;default;default;default;default
structs/field-incdec	artifacts/choice-trace-before/wire/structs__field-incdec.json	fieldIncDec	-	default;default;default;default;default;default
structs/field-write-aliased-pointer	artifacts/choice-trace-before/wire/structs__field-write-aliased-pointer.json	fieldWriteAliasedPointer	-	default;default;default;default;default;default
structs/interface-field-compare-panic	artifacts/choice-trace-before/wire/structs__interface-field-compare-panic.json	structInterfaceFieldComparePanic	-	default;default;default;default;default;default
structs/keyed-literal	artifacts/choice-trace-before/wire/structs__keyed-literal.json	structKeyedLiteral	-	default;default;default;default;default;default
structs/keyed-literal-eval-order	artifacts/choice-trace-before/wire/structs__keyed-literal-eval-order.json	structKeyedLiteralEvalOrder	-	default;default;default;default;default;default
structs/nested-field-write	artifacts/choice-trace-before/wire/structs__nested-field-write.json	nestedFieldWrite	-	default;default;default;default;default;default
structs/pointer-field	artifacts/choice-trace-before/wire/structs__pointer-field.json	structPointerField	-	default;default;default;default;default;default
structs/pointer-hop-field-write	artifacts/choice-trace-before/wire/structs__pointer-hop-field-write.json	pointerHopFieldWrite	-	default;default;default;default;default;default
structs/pointer-literal-elision/map-value	artifacts/choice-trace-before/wire/structs__pointer-literal-elision__map-value.json	elisionMapValue	-	default;default;default;default;default;default
structs/pointer-literal-elision/slice-elem	artifacts/choice-trace-before/wire/structs__pointer-literal-elision__slice-elem.json	elisionSliceElem	-	default;default;default;default;default;default
structs/pointer-literal-elision/spec-example	artifacts/choice-trace-before/wire/structs__pointer-literal-elision__spec-example.json	elisionSpecExample	-	default;default;default;default;default;default
structs/pointer-literal-elision/map-key	artifacts/choice-trace-before/wire/structs__pointer-literal-elision__map-key.json	elisionMapKey	-	default;default;default;default;default;default
structs/pointer-literal-elision/ptr-key	artifacts/choice-trace-before/wire/structs__pointer-literal-elision__ptr-key.json	elisionPtrKey	-	default;default;default;default;default;default
structs/pointer-literal-elision/ctl-explicit	artifacts/choice-trace-before/wire/structs__pointer-literal-elision__ctl-explicit.json	elisionCtlExplicit	-	default;default;default;default;default;default
structs/positional-literal	artifacts/choice-trace-before/wire/structs__positional-literal.json	structPositionalLiteral	-	default;default;default;default;default;default
structs/positional-literal-eval-order	artifacts/choice-trace-before/wire/structs__positional-literal-eval-order.json	structPositionalLiteralEvalOrder	-	default;default;default;default;default;default
structs/recursive-pointer	artifacts/choice-trace-before/wire/structs__recursive-pointer.json	structRecursivePointer	-	default;default;default;default;default;default
structs/selector-addressability-edge/read-call-result	artifacts/choice-trace-before/wire/structs__selector-addressability-edge__read-call-result.json	structSelectorReadCallResult	-	default;default;default;default;default;default
structs/selector-addressability-edge/read-conversion-result	artifacts/choice-trace-before/wire/structs__selector-addressability-edge__read-conversion-result.json	structSelectorReadConversionResult	-	default;default;default;default;default;default
structs/selector-addressability-edge/pointer-result-assign	artifacts/choice-trace-before/wire/structs__selector-addressability-edge__pointer-result-assign.json	structSelectorPointerResultAssign	-	default;default;default;default;default;default
structs/selector-addressability-edge/pointer-field-from-call-result	artifacts/choice-trace-before/wire/structs__selector-addressability-edge__pointer-field-from-call-result.json	structSelectorPointerFieldFromCallResult	-	default;default;default;default;default;default
structs/selector-addressability-edge/map-value-slice-field-write	artifacts/choice-trace-before/wire/structs__selector-addressability-edge__map-value-slice-field-write.json	structSelectorMapValueSliceFieldWrite	-	default;default;default;default;default;default
structs/selector-addressability-edge/map-value-pointer-field-write	artifacts/choice-trace-before/wire/structs__selector-addressability-edge__map-value-pointer-field-write.json	structSelectorMapValuePointerFieldWrite	-	default;default;default;default;default;default
structs/selector-addressability-edge/map-value-copy-then-assign	artifacts/choice-trace-before/wire/structs__selector-addressability-edge__map-value-copy-then-assign.json	structSelectorMapValueCopyThenAssign	-	default;default;default;default;default;default
structs/selector-address-pointer	artifacts/choice-trace-before/wire/structs__selector-address-pointer.json	structSelectorAddressPointer	-	default;default;default;default;default;default
structs/selector-eval-once	artifacts/choice-trace-before/wire/structs__selector-eval-once.json	structSelectorEvalOnce	-	default;default;default;default;default;default
structs/struct-array-element-write	artifacts/choice-trace-before/wire/structs__struct-array-element-write.json	structArrayElementWrite	-	default;default;default;default;default;default
structs/swap	artifacts/choice-trace-before/wire/structs__swap.json	client	-	default;default;default;default;default;default
structs/tag-basic	artifacts/choice-trace-before/wire/structs__tag-basic.json	structTagBasic	-	default;default;default;default;default;default
structs/tag-comparable	artifacts/choice-trace-before/wire/structs__tag-comparable.json	structTagComparable	-	default;default;default;default;default;default
structs/tag-defined-conversion	artifacts/choice-trace-before/wire/structs__tag-defined-conversion.json	structTagDefinedConversion	-	default;default;default;default;default;default
structs/tag-embedded-field	artifacts/choice-trace-before/wire/structs__tag-embedded-field.json	structTagEmbeddedField	-	default;default;default;default;default;default
structs/tag-pointer-conversion	artifacts/choice-trace-before/wire/structs__tag-pointer-conversion.json	structTagPointerConversion	-	default;default;default;default;default;default
structs/tag-unnamed-conversion	artifacts/choice-trace-before/wire/structs__tag-unnamed-conversion.json	structTagUnnamedConversion	-	default;default;default;default;default;default
structs/tuple-field-swap	artifacts/choice-trace-before/wire/structs__tuple-field-swap.json	structTupleFieldSwap	-	default;default;default;default;default;default
structs/unnamed-conversion-targets/pointer	artifacts/choice-trace-before/wire/structs__unnamed-conversion-targets__pointer.json	uctPointer	-	default;default;default;default;default;default
structs/unnamed-conversion-targets/pointer-nil	artifacts/choice-trace-before/wire/structs__unnamed-conversion-targets__pointer-nil.json	uctPointerNil	-	default;default;default;default;default;default
structs/unnamed-conversion-targets/slice	artifacts/choice-trace-before/wire/structs__unnamed-conversion-targets__slice.json	uctSlice	-	default;default;default;default;default;default
structs/unnamed-conversion-targets/slice-to-defined	artifacts/choice-trace-before/wire/structs__unnamed-conversion-targets__slice-to-defined.json	uctSliceToDefined	-	default;default;default;default;default;default
structs/unnamed-conversion-targets/map	artifacts/choice-trace-before/wire/structs__unnamed-conversion-targets__map.json	uctMap	-	default;default;default;default;default;default
structs/unnamed-conversion-targets/func	artifacts/choice-trace-before/wire/structs__unnamed-conversion-targets__func.json	uctFunc	-	default;default;default;default;default;default
structs/unnamed-conversion-targets/func-from-defined	artifacts/choice-trace-before/wire/structs__unnamed-conversion-targets__func-from-defined.json	uctFuncFromDefined	-	default;default;default;default;default;default
structs/unnamed-conversion-targets/slice-nil	artifacts/choice-trace-before/wire/structs__unnamed-conversion-targets__slice-nil.json	uctSliceNil	-	default;9;1;5;47062;45548
structs/unnamed-conversion-targets/map-nil	artifacts/choice-trace-before/wire/structs__unnamed-conversion-targets__map-nil.json	uctMapNil	-	default;default;default;default;default;default
structs/zero-value	artifacts/choice-trace-before/wire/structs__zero-value.json	structZeroValue	-	default;default;default;default;default;default
sync/atomic-frontier/add-load-store	artifacts/choice-trace-before/wire/sync__atomic-frontier__add-load-store.json	atomicAddLoadStore	-	default;default;default;default;default;default
sync/atomic-frontier/cas	artifacts/choice-trace-before/wire/sync__atomic-frontier__cas.json	atomicCas	-	default;default;default;default;default;default
sync/atomic-frontier/swap	artifacts/choice-trace-before/wire/sync__atomic-frontier__swap.json	atomicSwap	-	default;default;default;default;default;default
sync/atomic-frontier/value	artifacts/choice-trace-before/wire/sync__atomic-frontier__value.json	atomicValue	-	default;default;default;default;default;default
sync/atomic-frontier/mp-litmus	artifacts/choice-trace-before/wire/sync__atomic-frontier__mp-litmus.json	atomicMpLitmus	-	default;9,8,7,6,5,4;1,3,5,7,9,2;5,5,5,5,5,5,5;47062,17241,28876,43750,15194,49395,23194,43254,9513,31674;45548,4010,42376,18520,53319,16971,27516,38438,7281,33498
sync/composite-literal/mutex-addr-lit	artifacts/choice-trace-before/wire/sync__composite-literal__mutex-addr-lit.json	mutexAddrLit	-	default;default;default;default;default;default
sync/composite-literal/waitgroup-value-lit	artifacts/choice-trace-before/wire/sync__composite-literal__waitgroup-value-lit.json	waitGroupValueLit	-	default;default;default;default;default;default
sync/composite-literal/rwmutex-addr-lit	artifacts/choice-trace-before/wire/sync__composite-literal__rwmutex-addr-lit.json	rwMutexAddrLit	-	default;default;default;default;default;default
sync/composite-literal/once-value-lit	artifacts/choice-trace-before/wire/sync__composite-literal__once-value-lit.json	onceValueLit	-	default;default;default;default;default;default
sync/composite-literal/lit-in-composite	artifacts/choice-trace-before/wire/sync__composite-literal__lit-in-composite.json	syncLitInComposite	-	default;default;default;default;default;default
sync/escapes/promoted	artifacts/choice-trace-before/wire/sync__escapes__promoted.json	escapePromoted	-	default;default;default;default;default;default
sync/escapes/method-value	artifacts/choice-trace-before/wire/sync__escapes__method-value.json	escapeMethodValue	-	default;default;default;default;default;default
sync/escapes/go-stmt	artifacts/choice-trace-before/wire/sync__escapes__go-stmt.json	escapeGoStmt	-	default;9,8,7,6;1,3,5,7;5,5,5,5;47062,17241,28876,43750;45548,4010,42376
sync/escapes/defer-embedded	artifacts/choice-trace-before/wire/sync__escapes__defer-embedded.json	escapeDeferEmbedded	-	default;default;default;default;default;default
sync/escapes/method-value-add-arg	artifacts/choice-trace-before/wire/sync__escapes__method-value-add-arg.json	escapeMethodValueAdd	-	default;default;default;default;default;default
sync/escapes/method-value-negative-panic	artifacts/choice-trace-before/wire/sync__escapes__method-value-negative-panic.json	escapeMethodValueNegative	-	default;default;default;default;default;default
sync/escapes/once-do-method-value	artifacts/choice-trace-before/wire/sync__escapes__once-do-method-value.json	escapeOnceDoValue	-	default;default;default;default;default;default
sync/escapes/promoted-method-value	artifacts/choice-trace-before/wire/sync__escapes__promoted-method-value.json	escapePromotedMethodValue	-	default;default;default;default;default;default
sync/escapes/passed-callback	artifacts/choice-trace-before/wire/sync__escapes__passed-callback.json	escapePassedCallback	-	default;default;default;default;default;default
sync/escapes/paren-forms	artifacts/choice-trace-before/wire/sync__escapes__paren-forms.json	escapeParenForms	-	default;default;default;default;default;default
sync/iface-dispatch/mutex-user-iface	artifacts/choice-trace-before/wire/sync__iface-dispatch__mutex-user-iface.json	mutexUserIface	-	default;default;default;default;default;default
sync/iface-dispatch/wg-user-iface	artifacts/choice-trace-before/wire/sync__iface-dispatch__wg-user-iface.json	wgUserIface	-	default;default;default;default;default;default
sync/iface-dispatch/locker-box-dispatch	artifacts/choice-trace-before/wire/sync__iface-dispatch__locker-box-dispatch.json	lockerBoxDispatch	-	default;default;default;default;default;default
sync/iface-dispatch/rw-locker-dispatch	artifacts/choice-trace-before/wire/sync__iface-dispatch__rw-locker-dispatch.json	rwLockerDispatch	-	default;default;default;default;default;default
sync/iface-dispatch/once-iface-dispatch	artifacts/choice-trace-before/wire/sync__iface-dispatch__once-iface-dispatch.json	onceIfaceDispatch	-	default;default;default;default;default;default
sync/iface-dispatch/locker-double-lock	artifacts/choice-trace-before/wire/sync__iface-dispatch__locker-double-lock.json	lockerDoubleLock	-	default;default;default;default;default;default
sync/mutex-basic/lock-unlock	artifacts/choice-trace-before/wire/sync__mutex-basic__lock-unlock.json	lockUnlock	-	default;default;default;default;default;default
sync/mutex-basic/defer-unlock	artifacts/choice-trace-before/wire/sync__mutex-basic__defer-unlock.json	deferUnlock	-	default;default;default;default;default;default
sync/mutex-basic/copy-carries-state	artifacts/choice-trace-before/wire/sync__mutex-basic__copy-carries-state.json	copyCarriesState	-	default;default;default;default;default;default
sync/mutex-basic/cross-goroutine-unlock	artifacts/choice-trace-before/wire/sync__mutex-basic__cross-goroutine-unlock.json	crossGoroutineUnlock	-	default;9,8,7,6,5,4,3;1,3,5,7,9,2,4,6,8,0;5,5,5,5,5,5;47062,17241,28876,43750;45548,4010,42376
sync/mutex-double-lock/double-lock	artifacts/choice-trace-before/wire/sync__mutex-double-lock__double-lock.json	doubleLock	-	default;default;default;default;default;default
sync/mutex-order/acquisition-order	artifacts/choice-trace-before/wire/sync__mutex-order__acquisition-order.json	acquisitionOrder	-	default;9,8,7,6,5,4,3,2,1,0;1,3,5,7,9,2,4,6,8,0;5,5,5,5,5,5,5,5;47062,17241,28876,43750,15194,49395,23194,43254,9513,31674,16891,46322,48508;45548,4010,42376,18520,53319,16971,27516,38438,7281,33498,29351,49938,42482
sync/mutex-protected/counter	artifacts/choice-trace-before/wire/sync__mutex-protected__counter.json	protectedCounter	-	default;9,8,7,6,5,4,3,2,1,0;1,3,5,7,9,2,4,6,8,0;5,5,5,5,5,5,5,5;47062,17241,28876,43750,15194,49395,23194,43254,9513,31674,16891,46322,48508;45548,4010,42376,18520,53319,16971,27516,38438,7281,33498,29351,49938,42482
sync/mutex-protected/visible	artifacts/choice-trace-before/wire/sync__mutex-protected__visible.json	protectedVisible	-	default;9,8,7,6,5,4,3,2,1;1,3,5,7,9,2,4,6;5,5,5,5,5,5,5,5;47062,17241,28876,43750;45548,4010,42376
sync/mutex-unlock-fatal/unlock-of-unlocked	artifacts/choice-trace-before/wire/sync__mutex-unlock-fatal__unlock-of-unlocked.json	unlockOfUnlocked	-	default;default;default;default;default;default
sync/mutex-unlock-fatal/unlock-recover-attempt	artifacts/choice-trace-before/wire/sync__mutex-unlock-fatal__unlock-recover-attempt.json	unlockRecoverAttempt	-	default;default;default;default;default;default
sync/mutex-unlock-fatal/during-panic-unwind	artifacts/choice-trace-before/wire/sync__mutex-unlock-fatal__during-panic-unwind.json	unlockDuringUnwind	-	default;default;default;default;default;default
sync/once-basic/runs-once	artifacts/choice-trace-before/wire/sync__once-basic__runs-once.json	onceRunsOnce	-	default;default;default;default;default;default
sync/once-basic/panicking-f	artifacts/choice-trace-before/wire/sync__once-basic__panicking-f.json	oncePanickingF	-	default;default;default;default;default;default
sync/once-basic/across-goroutines	artifacts/choice-trace-before/wire/sync__once-basic__across-goroutines.json	onceAcrossGoroutines	-	default;9,8,7,6,5,4,3,2,1,0;1,3,5,7,9,2,4,6,8,0;5,5,5,5,5,5,5,5;47062,17241,28876,43750,15194,49395,23194,43254,9513,31674,16891,46322;45548,4010,42376,18520,53319,16971,27516,38438,7281,33498,29351,49938
sync/once-nested-do/nested-do	artifacts/choice-trace-before/wire/sync__once-nested-do__nested-do.json	nestedDo	-	default;default;default;default;default;default
sync/out-of-scope-cond/cond-signal-no-waiter	artifacts/choice-trace-before/wire/sync__out-of-scope-cond__cond-signal-no-waiter.json	condSignalNoWaiter	-	default;default;default;default;default;default
sync/out-of-scope-cond/cond-wait-signal	artifacts/choice-trace-before/wire/sync__out-of-scope-cond__cond-wait-signal.json	condWaitSignal	-	default;default;default;default;default;default
sync/out-of-scope-cond/cond-broadcast	artifacts/choice-trace-before/wire/sync__out-of-scope-cond__cond-broadcast.json	condBroadcast	-	default;default;default;default;default;default
sync/out-of-scope-trylock/trylock-uncontended	artifacts/choice-trace-before/wire/sync__out-of-scope-trylock__trylock-uncontended.json	tryLockUncontended	-	default;9;1;5;47062;45548
sync/promoted-mutex/stmt	artifacts/choice-trace-before/wire/sync__promoted-mutex__stmt.json	promotedStmt	-	default;default;default;default;default;default
sync/promoted-mutex/defer-unlock	artifacts/choice-trace-before/wire/sync__promoted-mutex__defer-unlock.json	promotedDefer	-	default;default;default;default;default;default
sync/promoted-mutex/value-var	artifacts/choice-trace-before/wire/sync__promoted-mutex__value-var.json	promotedValueVar	-	default;default;default;default;default;default
sync/promoted-mutex/counter	artifacts/choice-trace-before/wire/sync__promoted-mutex__counter.json	promotedCounter	-	default;9,8,7,6,5,4,3,2,1,0;1,3,5,7,9,2,4,6,8,0;5,5,5,5,5,5,5,5;47062,17241,28876,43750,15194,49395,23194,43254,9513,31674,16891,46322,48508;45548,4010,42376,18520,53319,16971,27516,38438,7281,33498,29351,49938,42482
sync/promoted-mutex/trylock-expr	artifacts/choice-trace-before/wire/sync__promoted-mutex__trylock-expr.json	promotedTryLockExpr	-	default;9;1;5;47062;45548
sync/rwmutex-basic/rlock-twice	artifacts/choice-trace-before/wire/sync__rwmutex-basic__rlock-twice.json	rlockTwice	-	default;default;default;default;default;default
sync/rwmutex-basic/write-then-read-ordered	artifacts/choice-trace-before/wire/sync__rwmutex-basic__write-then-read-ordered.json	writeThenReadOrdered	-	default;9,8,7,6,5,4,3,2,1;1,3,5,7,9,2,4,6;5,5,5,5,5,5,5,5;47062,17241,28876,43750;45548,4010,42376
sync/rwmutex-misuse-fatal/wunlock-of-unlocked	artifacts/choice-trace-before/wire/sync__rwmutex-misuse-fatal__wunlock-of-unlocked.json	wunlockOfUnlocked	-	default;default;default;default;default;default
sync/rwmutex-misuse-fatal/runlock-of-unlocked	artifacts/choice-trace-before/wire/sync__rwmutex-misuse-fatal__runlock-of-unlocked.json	runlockOfUnlocked	-	default;default;default;default;default;default
sync/rwmutex-misuse-fatal/runlock-while-write-locked	artifacts/choice-trace-before/wire/sync__rwmutex-misuse-fatal__runlock-while-write-locked.json	runlockWhileWriteLocked	-	default;default;default;default;default;default
sync/rwmutex-order/acquisition	artifacts/choice-trace-before/wire/sync__rwmutex-order__acquisition.json	rwOrder	-	default;9,8,7,6,5,4,3,2,1,0;1,3,5,7,9,2,4,6,8,0;5,5,5,5,5,5,5,5;47062,17241,28876,43750,15194,49395,23194,43254,9513,31674,16891,46322,48508,4896,44218,28684,13594;45548,4010,42376,18520,53319,16971,27516,38438,7281,33498,29351,49938,42482,40450,61504,34554,5354,61997,38926
sync/rwmutex-rlock-then-lock/rlock-then-lock	artifacts/choice-trace-before/wire/sync__rwmutex-rlock-then-lock__rlock-then-lock.json	rlockThenLock	-	default;default;default;default;default;default
sync/satisfaction/assert-ok-mutex	artifacts/choice-trace-before/wire/sync__satisfaction__assert-ok-mutex.json	assertOkMutex	-	default;default;default;default;default;default
sync/satisfaction/type-switch-mutex	artifacts/choice-trace-before/wire/sync__satisfaction__type-switch-mutex.json	typeSwitchMutex	-	default;default;default;default;default;default
sync/satisfaction/bare-assert-mutex	artifacts/choice-trace-before/wire/sync__satisfaction__bare-assert-mutex.json	bareAssertMutex	-	default;default;default;default;default;default
sync/satisfaction/assert-negative-missing	artifacts/choice-trace-before/wire/sync__satisfaction__assert-negative-missing.json	assertNegativeMissing	-	default;default;default;default;default;default
sync/satisfaction/bare-assert-missing-panics	artifacts/choice-trace-before/wire/sync__satisfaction__bare-assert-missing-panics.json	bareAssertMissingPanics	-	default;default;default;default;default;default
sync/satisfaction/assert-ok-waitgroup	artifacts/choice-trace-before/wire/sync__satisfaction__assert-ok-waitgroup.json	assertOkWaitGroup	-	default;default;default;default;default;default
sync/satisfaction/assert-ok-once	artifacts/choice-trace-before/wire/sync__satisfaction__assert-ok-once.json	assertOkOnce	-	default;default;default;default;default;default
sync/satisfaction/trylock-sig-satisfies	artifacts/choice-trace-before/wire/sync__satisfaction__trylock-sig-satisfies.json	tryLockSigSatisfies	-	default;default;default;default;default;default
sync/satisfaction-locker-sig/assert-ok-rwmutex	artifacts/choice-trace-before/wire/sync__satisfaction-locker-sig__assert-ok-rwmutex.json	assertOkRWMutex	-	default;default;default;default;default;default
sync/stub-satisfaction/satisfies	artifacts/choice-trace-before/wire/sync__stub-satisfaction__satisfies.json	stubSatisfaction	-	default;default;default;default;default;default
sync/trylock/unlocked-acquire	artifacts/choice-trace-before/wire/sync__trylock__unlocked-acquire.json	tryLockUnlocked	-	default;9;1;5;47062;45548
sync/trylock/locked-false	artifacts/choice-trace-before/wire/sync__trylock__locked-false.json	tryLockLocked	-	default;default;default;default;default;default
sync/trylock/unlock-after-trylock-success	artifacts/choice-trace-before/wire/sync__trylock__unlock-after-trylock-success.json	unlockAfterTryLockSuccess	-	default;9;1;5;47062;45548
sync/trylock/trylock-false-then-lock	artifacts/choice-trace-before/wire/sync__trylock__trylock-false-then-lock.json	tryLockFalseThenLock	-	default;9,8,7,6,5,4,3,2,1,0;1,3,5,7,9,2,4,6,8,0;5,5,5,5,5,5,5,5;47062,17241,28876,43750,15194,49395,23194,43254,9513,31674,16891;45548,4010,42376,18520,53319,16971,27516,38438,7281,33498,29351,49938
sync/trylock/discarded-acquires	artifacts/choice-trace-before/wire/sync__trylock__discarded-acquires.json	tryLockDiscarded	-	default;9,8;1,3;5,5;47062;45548
sync/trylock/rw-trylock-unlocked	artifacts/choice-trace-before/wire/sync__trylock__rw-trylock-unlocked.json	rwTryLockUnlocked	-	default;9;1;5;47062;45548
sync/trylock/rw-tryrlock-unlocked	artifacts/choice-trace-before/wire/sync__trylock__rw-tryrlock-unlocked.json	rwTryRLockUnlocked	-	default;9;1;5;47062;45548
sync/trylock/rw-tryrlock-reader-held	artifacts/choice-trace-before/wire/sync__trylock__rw-tryrlock-reader-held.json	rwTryRLockReaderHeld	-	default;9;1;5;47062;45548
sync/trylock/rw-trylock-reader-held	artifacts/choice-trace-before/wire/sync__trylock__rw-trylock-reader-held.json	rwTryLockReaderHeld	-	default;default;default;default;default;default
sync/trylock/rw-try-writer-held	artifacts/choice-trace-before/wire/sync__trylock__rw-try-writer-held.json	rwTryWriterHeld	-	default;default;default;default;default;default
sync/trylock/rw-tryrlock-pending-writer	artifacts/choice-trace-before/wire/sync__trylock__rw-tryrlock-pending-writer.json	rwTryRLockPendingWriter	-	default;9,8,7,6,5,4,3,2,1,0;1,3,5,7,9,2,4,6,8;5,5,5,5,5,5,5,5;47062,17241,28876,43750,15194,49395,23194,43254,9513,31674,16891,46322,48508,4896;45548,4010,42376,18520,53319,16971,27516,38438,7281,33498,29351,49938
sync/trylock/defer-trylock	artifacts/choice-trace-before/wire/sync__trylock__defer-trylock.json	deferTryLockDiscarded	-	default;9,8;1,3;5,5;47062;45548
sync/trylock/spin-until-trylock	artifacts/choice-trace-before/wire/sync__trylock__spin-until-trylock.json	spinUntilTryLock	-	default;9,8,7,6,5,4,3,2,1,0;1,3,5,7,9,2,4,6,8;5,5,5,5,5,5,5,5;47062,17241,28876,43750,15194,49395,23194,43254;45548,4010,42376,18520,53319,16971,27516,38438
sync/waitgroup-basic/add-done-wait	artifacts/choice-trace-before/wire/sync__waitgroup-basic__add-done-wait.json	addDoneWait	-	default;9,8,7,6;1,3,5,7;5,5,5,5;47062,17241,28876,43750;45548,4010,42376
sync/waitgroup-basic/batch-done	artifacts/choice-trace-before/wire/sync__waitgroup-basic__batch-done.json	batchDone	-	default;default;default;default;default;default
sync/waitgroup-basic/recovered-negative-continue	artifacts/choice-trace-before/wire/sync__waitgroup-basic__recovered-negative-continue.json	recoveredNegativeContinue	-	default;default;default;default;default;default
sync/waitgroup-int32/add-overflow-panics	artifacts/choice-trace-before/wire/sync__waitgroup-int32__add-overflow-panics.json	addOverflowPanics	-	default;default;default;default;default;default
sync/waitgroup-int32/add-wrap-noop	artifacts/choice-trace-before/wire/sync__waitgroup-int32__add-wrap-noop.json	addWrapNoop	-	default;default;default;default;default;default
sync/waitgroup-negative-after-recover/negative-after-recover	artifacts/choice-trace-before/wire/sync__waitgroup-negative-after-recover__negative-after-recover.json	negativeAfterRecover	-	default;9,8,7;1,3;5,5;47062,17241,28876;45548,4010
sync/waitgroup-negative-panic/negative-counter	artifacts/choice-trace-before/wire/sync__waitgroup-negative-panic__negative-counter.json	negativeCounter	-	default;default;default;default;default;default
sync/waitgroup-panic-payload/payload-is-string	artifacts/choice-trace-before/wire/sync__waitgroup-panic-payload__payload-is-string.json	payloadIsString	-	default;default;default;default;default;default
sync/waitgroup-wait-deadlock/wait-deadlock	artifacts/choice-trace-before/wire/sync__waitgroup-wait-deadlock__wait-deadlock.json	waitDeadlock	-	default;default;default;default;default;default
sync/waitgroup-workers-join/workers-join	artifacts/choice-trace-before/wire/sync__waitgroup-workers-join__workers-join.json	workersJoin	-	default;9,8,7,6,5,4,3,2,1,0;1,3,5,7,9,2,4,6,8,0;5,5,5,5,5,5,5,5;47062,17241,28876,43750,15194,49395,23194,43254,9513,31674,16891,46322,48508,4896,44218,28684,13594,1567,27860,25141,14699,15757,19422,56162,37437,22448,3876,40608,9553,6048,26527,42258,56348;45548,4010,42376,18520,53319,16971,27516,38438,7281,33498,29351,49938,42482,40450,61504,34554,5354,61997,38926,27463,6056,51174,39660,27994,12013,59686,47063,35114,16911,57411,51798,45524,30045,51110,24315,19449,19841
unsafe/boundary/pointer-roundtrip	artifacts/choice-trace-before/wire/unsafe__boundary__pointer-roundtrip.json	unsafePointerRoundtrip	-	default;default;default;default;default;default
variadic/defined-slice-spread	artifacts/choice-trace-before/wire/variadic__defined-slice-spread.json	variadicDefinedSliceSpread	-	default;default;default;default;default;default
variadic/forwarding	artifacts/choice-trace-before/wire/variadic__forwarding.json	variadicForwarding	-	default;default;default;default;default;default
variadic/literal-args-local-slice	artifacts/choice-trace-before/wire/variadic__literal-args-local-slice.json	variadicLiteralArgsLocalSlice	-	default;default;default;default;default;default
variadic/method-variadic	artifacts/choice-trace-before/wire/variadic__method-variadic.json	methodVariadic	-	default;default;default;default;default;default
variadic/multi-result-call	artifacts/choice-trace-before/wire/variadic__multi-result-call.json	variadicMultiResultCall	-	default;default;default;default;default;default
variadic/multi-result-into-fixed-variadic	artifacts/choice-trace-before/wire/variadic__multi-result-into-fixed-variadic.json	multiResultIntoFixedVariadic	-	default;default;default;default;default;default
variadic/no-args-vs-empty-spread	artifacts/choice-trace-before/wire/variadic__no-args-vs-empty-spread.json	variadicNoArgsVsEmptySpread	-	default;default;default;default;default;default
variadic/spread-aliasing	artifacts/choice-trace-before/wire/variadic__spread-aliasing.json	variadicSpreadAliasing	-	default;default;default;default;default;default
variadic/variadic	artifacts/choice-trace-before/wire/variadic__variadic.json	variadic	-	default;9;1;5;47062;45548
variadic/variadic-function-value	artifacts/choice-trace-before/wire/variadic__variadic-function-value.json	variadicFunctionValue	-	default;default;default;default;default;default
variadic/variadic-generic	artifacts/choice-trace-before/wire/variadic__variadic-generic.json	variadicGeneric	-	default;default;default;default;default;default
variadic/variadic-interface-dispatch	artifacts/choice-trace-before/wire/variadic__variadic-interface-dispatch.json	variadicInterfaceDispatch	-	default;default;default;default;default;default
variadic/variadic-method	artifacts/choice-trace-before/wire/variadic__variadic-method.json	variadicMethod	-	default;default;default;default;default;default
variadic/variadic-method-expression	artifacts/choice-trace-before/wire/variadic__variadic-method-expression.json	variadicMethodExpression	-	default;default;default;default;default;default
variadic/variadic-method-value-copy	artifacts/choice-trace-before/wire/variadic__variadic-method-value-copy.json	variadicMethodValueCopy	-	default;default;default;default;default;default
